mtllib material.mtl
o material
s 0
usemtl Material
v -0.16891099512577057 -0.949999988079071 -0.388592004776001
v -0.15133599936962128 -0.949999988079071 -0.38468700647354126
v -0.13571399450302124 -0.9480469822883606 -0.36906498670578003
v -0.1669580042362213 -0.9460949897766113 -0.3924970030784607
v -0.18843799829483032 -0.9480469822883606 -0.38078099489212036
v -0.18843799829483032 -0.9460949897766113 -0.3866389989852905
v -0.12985600531101227 -0.9460949897766113 -0.37297001481056213
v -0.14743100106716156 -0.9460949897766113 -0.388592004776001
v 0.15133599936962128 -0.949999988079071 -0.38468700647354126
v 0.16891099512577057 -0.949999988079071 -0.388592004776001
v 0.13571399450302124 -0.9480469822883606 -0.36906498670578003
v 0.1669580042362213 -0.9460949897766113 -0.3924970030784607
v 0.12985600531101227 -0.9460949897766113 -0.37297001481056213
v 0.14743100106716156 -0.9460949897766113 -0.388592004776001
v 0.18843799829483032 -0.9480469822883606 -0.38078099489212036
v 0.18843799829483032 -0.9460949897766113 -0.3866389989852905
v -0.20601199567317963 -0.9480469822883606 -0.36906498670578003
v -0.2118699997663498 -0.9441419839859009 -0.36906498670578003
v -0.1200919970870018 -0.9480469822883606 -0.347584992647171
v -0.2196809947490692 -0.9460949897766113 -0.34563198685646057
v -0.11618699878454208 -0.9460949897766113 -0.3221989870071411
v -0.11618699878454208 -0.9441419839859009 -0.34953799843788147
v 0.1200919970870018 -0.9480469822883606 -0.347584992647171
v 0.20601199567317963 -0.9480469822883606 -0.36906498670578003
v 0.2196809947490692 -0.9460949897766113 -0.34563198685646057
v 0.11618699878454208 -0.9460949897766113 -0.3221989870071411
v 0.11618699878454208 -0.9441419839859009 -0.34953799843788147
v 0.21187099814414978 -0.9441419839859009 -0.36906498670578003
v -0.2235870063304901 -0.9441419839859009 -0.32024699449539185
v -0.2235870063304901 -0.9421889781951904 -0.34563198685646057
v -0.18648500740528107 -0.9304730296134949 -0.39835599064826965
v -0.20406000316143036 -0.9285200238227844 -0.388592004776001
v -0.14743100106716156 -0.9304730296134949 -0.4003080129623413
v -0.1669580042362213 -0.9304730296134949 -0.4042139947414398
v -0.15719400346279144 -0.9460949897766113 0.283145010471344
v -0.13962000608444214 -0.9460949897766113 0.27142900228500366
v -0.09080199897289276 -0.9460949897766113 0.2792389988899231
v -0.1454779952764511 -0.9421889781951904 0.2655700147151947
v -0.1767210066318512 -0.9441419839859009 0.326104998588562
v -0.17086300253868103 -0.9421889781951904 0.29486098885536194
v -0.16110000014305115 -0.9421889781951904 0.2792389988899231
v -0.13180899620056152 -0.9304730296134949 -0.3905450105667114
v -0.1200919970870018 -0.9460949897766113 0.2655700147151947
v -0.10642299801111221 -0.9460949897766113 0.2694759964942932
v -0.12790299952030182 -0.9421889781951904 0.2616649866104126
v -0.11813999712467194 -0.9304730296134949 -0.3749229907989502
v -0.11228200048208237 -0.9421889781951904 0.25971201062202454
v -0.22163400053977966 -0.9441419839859009 -0.2968139946460724
v -0.1239980012178421 -0.9441419839859009 -0.2909559905529022
v -0.11032900214195251 -0.9421889781951904 -0.3221989870071411
v -0.09470699727535248 -0.9421889781951904 0.26752299070358276
v -0.07518000155687332 -0.9460949897766113 0.29486098885536194
v -0.07908499985933304 -0.9421889781951904 0.28119200468063354
v -0.0673689991235733 -0.9441419839859009 0.32024699449539185
v -0.06932199746370316 -0.9421889781951904 0.29876700043678284
v 0.07518000155687332 -0.9460949897766113 0.29486098885536194
v 0.09080199897289276 -0.9460949897766113 0.2792389988899231
v 0.1767210066318512 -0.9441419839859009 0.326104998588562
v 0.07908499985933304 -0.9421889781951904 0.28119200468063354
v 0.0673689991235733 -0.9441419839859009 0.32024699449539185
v 0.06932199746370316 -0.9421889781951904 0.29876700043678284
v 0.10642299801111221 -0.9460949897766113 0.2694759964942932
v 0.13962000608444214 -0.9460949897766113 0.27142900228500366
v 0.09470699727535248 -0.9421889781951904 0.26752299070358276
v 0.15719400346279144 -0.9460949897766113 0.283145010471344
v 0.1200919970870018 -0.9460949897766113 0.2655700147151947
v 0.11228200048208237 -0.9421889781951904 0.25971201062202454
v 0.2235870063304901 -0.9441419839859009 -0.32024699449539185
v 0.11032900214195251 -0.9421889781951904 -0.3221989870071411
v 0.22163400053977966 -0.9441419839859009 -0.2968139946460724
v 0.1239980012178421 -0.9441419839859009 -0.2909559905529022
v 0.12790299952030182 -0.9421889781951904 0.2616649866104126
v 0.13180899620056152 -0.9304730296134949 -0.3905450105667114
v 0.11813999712467194 -0.9304730296134949 -0.3749229907989502
v 0.1454779952764511 -0.9421889781951904 0.2655700147151947
v 0.14743100106716156 -0.9304730296134949 -0.4003080129623413
v 0.17086300253868103 -0.9421889781951904 0.29486098885536194
v 0.16110000014305115 -0.9421889781951904 0.2792389988899231
v 0.18648500740528107 -0.9304730296134949 -0.39835599064826965
v 0.1669580042362213 -0.9304730296134949 -0.4042139947414398
v 0.20406000316143036 -0.9285200238227844 -0.388592004776001
v 0.2235870063304901 -0.9421889781951904 -0.34563198685646057
v -0.22553999722003937 -0.94023597240448 -0.3085300028324127
v -0.22749200463294983 -0.94023597240448 -0.33000999689102173
v -0.20796500146389008 -0.9421889781951904 -0.2753340005874634
v -0.2196809947490692 -0.9382839798927307 -0.2870500087738037
v -0.22163400053977966 -0.926567018032074 -0.3651590049266815
v -0.07518000155687332 -0.9421889781951904 0.3612540066242218
v -0.1806270033121109 -0.94023597240448 0.32024699449539185
v -0.12985600531101227 -0.9421889781951904 0.3905450105667114
v -0.16110000014305115 -0.94023597240448 0.37687599658966064
v -0.1767210066318512 -0.94023597240448 0.34563198685646057
v -0.17476899921894073 -0.9421889781951904 -0.2558070123195648
v -0.14352500438690186 -0.9421889781951904 -0.26361799240112305
v -0.12204500287771225 -0.94023597240448 -0.28509798645973206
v -0.11228200048208237 -0.94023597240448 -0.304625004529953
v -0.10837599635124207 -0.926567018032074 -0.3534429967403412
v -0.06541600078344345 -0.94023597240448 0.3397740125656128
v -0.06346400082111359 -0.94023597240448 0.31634101271629333
v 0.07518000155687332 -0.9421889781951904 0.3612540066242218
v 0.06346400082111359 -0.94023597240448 0.31634101271629333
v 0.06541600078344345 -0.94023597240448 0.3397740125656128
v 0.10837599635124207 -0.926567018032074 -0.3534429967403412
v 0.20796500146389008 -0.9421889781951904 -0.2753340005874634
v 0.11228200048208237 -0.94023597240448 -0.304625004529953
v 0.17476899921894073 -0.9421889781951904 -0.2558070123195648
v 0.14352500438690186 -0.9421889781951904 -0.26361799240112305
v 0.12204500287771225 -0.94023597240448 -0.28509798645973206
v 0.12985600531101227 -0.9421889781951904 0.3905450105667114
v 0.16110000014305115 -0.94023597240448 0.37687599658966064
v 0.1806270033121109 -0.94023597240448 0.32024699449539185
v 0.1767210066318512 -0.94023597240448 0.34563198685646057
v 0.22163400053977966 -0.926567018032074 -0.3651590049266815
v 0.22553999722003937 -0.94023597240448 -0.3085300028324127
v 0.2196809947490692 -0.9382839798927307 -0.2870500087738037
v 0.22749200463294983 -0.94023597240448 -0.33000999689102173
v -0.22749200463294983 -0.9246150255203247 -0.3436790108680725
v -0.19234299659729004 -0.94023597240448 -0.25971201062202454
v -0.20796500146389008 -0.9382839798927307 -0.2694759964942932
v -0.16500499844551086 -0.9421889781951904 -0.25385400652885437
v -0.16500499844551086 -0.8601750135421753 -0.30657801032066345
v -0.17867399752140045 -0.9382839798927307 -0.25385400652885437
v -0.1669580042362213 -0.9246150255203247 0.27338099479675293
v -0.1767210066318512 -0.9246150255203247 0.29290899634361267
v -0.1591469943523407 -0.9382839798927307 -0.25385400652885437
v -0.15524199604988098 -0.926567018032074 0.2616649866104126
v -0.13962000608444214 -0.926567018032074 0.2519010007381439
v -0.13571399450302124 -0.9382839798927307 -0.26752299070358276
v -0.09470699727535248 -0.9421889781951904 0.3866389989852905
v -0.1200919970870018 -0.94023597240448 0.39835599064826965
v -0.14938299357891083 -0.94023597240448 0.3905450105667114
v -0.13376200199127197 -0.94023597240448 0.39445000886917114
v -0.1239980012178421 -0.8601750135421753 0.347584992647171
v -0.12204500287771225 -0.926567018032074 0.2479960024356842
v -0.10447099804878235 -0.926567018032074 0.2519010007381439
v -0.10642299801111221 -0.9246150255203247 -0.3319630026817322
v -0.08689600229263306 -0.926567018032074 0.25971201062202454
v -0.08103799819946289 -0.9382839798927307 0.3749229907989502
v -0.10642299801111221 -0.9382839798927307 0.39445000886917114
v -0.09470699727535248 -0.9382839798927307 0.388592004776001
v -0.07322700321674347 -0.926567018032074 0.27338099479675293
v -0.07127399742603302 -0.9382839798927307 0.3573479950428009
v -0.06346400082111359 -0.9246150255203247 0.2909559905529022
v 0.07322700321674347 -0.926567018032074 0.27338099479675293
v 0.06346400082111359 -0.9246150255203247 0.2909559905529022
v 0.09470699727535248 -0.9421889781951904 0.3866389989852905
v 0.08103799819946289 -0.9382839798927307 0.3749229907989502
v 0.07127399742603302 -0.9382839798927307 0.3573479950428009
v 0.08689600229263306 -0.926567018032074 0.25971201062202454
v 0.10447099804878235 -0.926567018032074 0.2519010007381439
v 0.1200919970870018 -0.94023597240448 0.39835599064826965
v 0.10642299801111221 -0.9382839798927307 0.39445000886917114
v 0.09470699727535248 -0.9382839798927307 0.388592004776001
v 0.10642299801111221 -0.9246150255203247 -0.3319630026817322
v 0.12204500287771225 -0.926567018032074 0.2479960024356842
v 0.13962000608444214 -0.926567018032074 0.2519010007381439
v 0.1239980012178421 -0.8601750135421753 0.347584992647171
v 0.14938299357891083 -0.94023597240448 0.3905450105667114
v 0.13376200199127197 -0.94023597240448 0.39445000886917114
v 0.16500499844551086 -0.9421889781951904 -0.25385400652885437
v 0.1591469943523407 -0.9382839798927307 -0.25385400652885437
v 0.13571399450302124 -0.9382839798927307 -0.26752299070358276
v 0.15524199604988098 -0.926567018032074 0.2616649866104126
v 0.1669580042362213 -0.9246150255203247 0.27338099479675293
v 0.16500499844551086 -0.8601750135421753 -0.30657801032066345
v 0.1767210066318512 -0.9246150255203247 0.29290899634361267
v 0.19234299659729004 -0.94023597240448 -0.25971201062202454
v 0.17867399752140045 -0.9382839798927307 -0.25385400652885437
v 0.20796500146389008 -0.9382839798927307 -0.2694759964942932
v 0.22749200463294983 -0.9246150255203247 -0.3436790108680725
v -0.22749200463294983 -0.9226620197296143 -0.32415199279785156
v -0.2235870063304901 -0.9226620197296143 -0.30267199873924255
v -0.19234299659729004 -0.9363309741020203 -0.2577599883079529
v -0.1806270033121109 -0.9226620197296143 0.3358680009841919
v -0.18257999420166016 -0.9226620197296143 0.3124360144138336
v -0.17086300253868103 -0.9382839798927307 0.3651590049266815
v -0.1767210066318512 -0.9207090139389038 0.3534429967403412
v -0.16305199265480042 -0.9363309741020203 0.37687599658966064
v -0.13571399450302124 -0.9363309741020203 0.3964030146598816
v -0.14938299357891083 -0.9363309741020203 0.3905450105667114
v -0.11032900214195251 -0.9226620197296143 -0.3124360144138336
v -0.11813999712467194 -0.9207090139389038 -0.29486098885536194
v -0.1200919970870018 -0.9363309741020203 0.39835599064826965
v -0.061510998755693436 -0.9226620197296143 0.31048300862312317
v -0.06346400082111359 -0.9226620197296143 0.3319630026817322
v 0.061510998755693436 -0.9226620197296143 0.31048300862312317
v 0.06346400082111359 -0.9226620197296143 0.3319630026817322
v 0.11032900214195251 -0.9226620197296143 -0.3124360144138336
v 0.1200919970870018 -0.9363309741020203 0.39835599064826965
v 0.11813999712467194 -0.9207090139389038 -0.29486098885536194
v 0.13571399450302124 -0.9363309741020203 0.3964030146598816
v 0.16305199265480042 -0.9363309741020203 0.37687599658966064
v 0.14938299357891083 -0.9363309741020203 0.3905450105667114
v 0.17086300253868103 -0.9382839798927307 0.3651590049266815
v 0.1806270033121109 -0.9226620197296143 0.3358680009841919
v 0.1767210066318512 -0.9207090139389038 0.3534429967403412
v 0.18257999420166016 -0.9226620197296143 0.3124360144138336
v 0.19234299659729004 -0.9363309741020203 -0.2577599883079529
v 0.22749200463294983 -0.9226620197296143 -0.32415199279785156
v 0.2235870063304901 -0.9226620197296143 -0.30267199873924255
v -0.2118699997663498 -0.9207090139389038 -0.283145010471344
v -0.2021069973707199 -0.9207090139389038 -0.27142900228500366
v -0.18843799829483032 -0.9207090139389038 -0.26361799240112305
v -0.16891099512577057 -0.8562690019607544 -0.30267199873924255
v -0.1669580042362213 -0.9207090139389038 0.36906498670578003
v -0.1415719985961914 -0.9207090139389038 -0.2694759964942932
v -0.15133599936962128 -0.8562690019607544 -0.304625004529953
v -0.16110000014305115 -0.8562690019607544 -0.30267199873924255
v -0.12985600531101227 -0.9207090139389038 -0.2792389988899231
v -0.10447099804878235 -0.9207090139389038 0.388592004776001
v -0.08884900063276291 -0.9207090139389038 0.3788279891014099
v -0.06932199746370316 -0.9207090139389038 0.3534429967403412
v -0.07713299989700317 -0.9207090139389038 0.36711201071739197
v 0.06932199746370316 -0.9207090139389038 0.3534429967403412
v 0.08884900063276291 -0.9207090139389038 0.3788279891014099
v 0.07713299989700317 -0.9207090139389038 0.36711201071739197
v 0.10447099804878235 -0.9207090139389038 0.388592004776001
v 0.1415719985961914 -0.9207090139389038 -0.2694759964942932
v 0.12985600531101227 -0.9207090139389038 -0.2792389988899231
v 0.15133599936962128 -0.8562690019607544 -0.304625004529953
v 0.16110000014305115 -0.8562690019607544 -0.30267199873924255
v 0.1669580042362213 -0.9207090139389038 0.36906498670578003
v 0.18843799829483032 -0.9207090139389038 -0.26361799240112305
v 0.16891099512577057 -0.8562690019607544 -0.30267199873924255
v 0.21187099814414978 -0.9207090139389038 -0.283145010471344
v 0.2021069973707199 -0.9207090139389038 -0.27142900228500366
v -0.15524199604988098 -0.9187560081481934 0.38078099489212036
v -0.14352500438690186 -0.9187560081481934 0.3866389989852905
v -0.12790299952030182 -0.8562690019607544 0.35148999094963074
v -0.11813999712467194 -0.8562690019607544 0.3534429967403412
v 0.11813999712467194 -0.8562690019607544 0.3534429967403412
v 0.14352500438690186 -0.9187560081481934 0.3866389989852905
v 0.12790299952030182 -0.8562690019607544 0.35148999094963074
v 0.15524199604988098 -0.9187560081481934 0.38078099489212036
v -0.18257999420166016 -0.897275984287262 -0.41593000292778015
v -0.1982010006904602 -0.8953239917755127 -0.40811899304389954
v -0.14743100106716156 -0.8992289900779724 -0.4178830087184906
v -0.16500499844551086 -0.8992289900779724 -0.41983601450920105
v -0.13180899620056152 -0.897275984287262 -0.41007199883461
v -0.11813999712467194 -0.8953239917755127 -0.3964030146598816
v -0.10837599635124207 -0.8914179801940918 -0.38078099489212036
v 0.11813999712467194 -0.8953239917755127 -0.3964030146598816
v 0.10837599635124207 -0.8914179801940918 -0.38078099489212036
v 0.13180899620056152 -0.897275984287262 -0.41007199883461
v 0.14743100106716156 -0.8992289900779724 -0.4178830087184906
v 0.18257999420166016 -0.897275984287262 -0.41593000292778015
v 0.16500499844551086 -0.8992289900779724 -0.41983601450920105
v 0.1982010006904602 -0.8953239917755127 -0.40811899304389954
v -0.2118699997663498 -0.8914179801940918 -0.39445000886917114
v 0.21187099814414978 -0.8914179801940918 -0.39445000886917114
v -0.21772900223731995 -0.8836069703102112 -0.3788279891014099
v -0.14938299357891083 -0.8933709859848022 0.2440900057554245
v -0.16305199265480042 -0.8894659876823425 0.2558070123195648
v -0.13571399450302124 -0.8953239917755127 0.23823200166225433
v -0.1200919970870018 -0.8953239917755127 0.23432700335979462
v -0.10447099804878235 -0.8855599761009216 -0.36320701241493225
v -0.10447099804878235 -0.8953239917755127 0.23627999424934387
v -0.08884900063276291 -0.8953239917755127 0.2440900057554245
v -0.07518000155687332 -0.8914179801940918 0.2558070123195648
v 0.08884900063276291 -0.8953239917755127 0.2440900057554245
v 0.07518000155687332 -0.8914179801940918 0.2558070123195648
v 0.10447099804878235 -0.8953239917755127 0.23627999424934387
v 0.1200919970870018 -0.8953239917755127 0.23432700335979462
v 0.10447099804878235 -0.8855599761009216 -0.36320701241493225
v 0.13571399450302124 -0.8953239917755127 0.23823200166225433
v 0.14938299357891083 -0.8933709859848022 0.2440900057554245
v 0.16305199265480042 -0.8894659876823425 0.2558070123195648
v 0.21772900223731995 -0.8836069703102112 -0.3788279891014099
v -0.2196809947490692 -0.8738440275192261 -0.35539600253105164
v -0.17086300253868103 -0.8836069703102112 0.2694759964942932
v -0.17476899921894073 -0.8777490258216858 0.283145010471344
v -0.10642299801111221 -0.8777490258216858 -0.34563198685646057
v -0.0673689991235733 -0.8875129818916321 0.2694759964942932
v 0.0673689991235733 -0.8875129818916321 0.2694759964942932
v 0.10642299801111221 -0.8777490258216858 -0.34563198685646057
v 0.17086300253868103 -0.8836069703102112 0.2694759964942932
v 0.17476899921894073 -0.8777490258216858 0.283145010471344
v 0.2196809947490692 -0.8738440275192261 -0.35539600253105164
v -0.2157759964466095 -0.8679860234260559 -0.33782100677490234
v -0.20796500146389008 -0.864080011844635 -0.3221989870071411
v -0.17476899921894073 -0.8699380159378052 0.3007189929485321
v -0.17086300253868103 -0.864080011844635 0.31634101271629333
v -0.11228200048208237 -0.8699380159378052 -0.3319630026817322
v -0.061510998755693436 -0.8797019720077515 0.2870500087738037
v -0.0673689991235733 -0.8679860234260559 0.3182939887046814
v -0.06346400082111359 -0.8718910217285156 0.304625004529953
v 0.061510998755693436 -0.8797019720077515 0.2870500087738037
v 0.0673689991235733 -0.8679860234260559 0.3182939887046814
v 0.06346400082111359 -0.8718910217285156 0.304625004529953
v 0.11228200048208237 -0.8699380159378052 -0.3319630026817322
v 0.17476899921894073 -0.8699380159378052 0.3007189929485321
v 0.17086300253868103 -0.864080011844635 0.31634101271629333
v 0.2157759964466095 -0.8679860234260559 -0.33782100677490234
v 0.20796500146389008 -0.864080011844635 -0.3221989870071411
v -0.19624899327754974 -0.8601750135421753 -0.31048300862312317
v -0.1806270033121109 -0.8562690019607544 -0.304625004529953
v -0.16305199265480042 -0.8601750135421753 0.33000999689102173
v -0.15328900516033173 -0.8582220077514648 0.34172698855400085
v -0.1376670002937317 -0.8582220077514648 -0.31048300862312317
v -0.12204500287771225 -0.864080011844635 -0.32024699449539185
v -0.10056500136852264 -0.8582220077514648 0.34953799843788147
v -0.08494299650192261 -0.8601750135421753 0.34172698855400085
v -0.07518000155687332 -0.864080011844635 0.33000999689102173
v 0.07518000155687332 -0.864080011844635 0.33000999689102173
v 0.08494299650192261 -0.8601750135421753 0.34172698855400085
v 0.10056500136852264 -0.8582220077514648 0.34953799843788147
v 0.12204500287771225 -0.864080011844635 -0.32024699449539185
v 0.1376670002937317 -0.8582220077514648 -0.31048300862312317
v 0.16305199265480042 -0.8601750135421753 0.33000999689102173
v 0.15328900516033173 -0.8582220077514648 0.34172698855400085
v 0.1806270033121109 -0.8562690019607544 -0.304625004529953
v 0.19624899327754974 -0.8601750135421753 -0.31048300862312317
v -0.13962000608444214 -0.8562690019607544 0.34953799843788147
v 0.13962000608444214 -0.8562690019607544 0.34953799843788147
v -0.16500499844551086 -0.8894659876823425 -0.4217880070209503
v -0.14743100106716156 -0.8894659876823425 -0.41983601450920105
v 0.16500499844551086 -0.8894659876823425 -0.4217880070209503
v 0.14743100106716156 -0.8894659876823425 -0.41983601450920105
v -0.18257999420166016 -0.8875129818916321 -0.4178830087184906
v -0.13180899620056152 -0.8875129818916321 -0.41202500462532043
v 0.13180899620056152 -0.8875129818916321 -0.41202500462532043
v 0.18257999420166016 -0.8875129818916321 -0.4178830087184906
v -0.1982010006904602 -0.8855599761009216 -0.40811899304389954
v -0.13571399450302124 -0.8855599761009216 0.23627999424934387
v -0.1200919970870018 -0.8875129818916321 0.23432700335979462
v -0.11813999712467194 -0.8855599761009216 -0.39835599064826965
v -0.10447099804878235 -0.8875129818916321 0.23627999424934387
v -0.08884900063276291 -0.8855599761009216 0.2440900057554245
v 0.10447099804878235 -0.8875129818916321 0.23627999424934387
v 0.08884900063276291 -0.8855599761009216 0.2440900057554245
v 0.1200919970870018 -0.8875129818916321 0.23432700335979462
v 0.11813999712467194 -0.8855599761009216 -0.39835599064826965
v 0.13571399450302124 -0.8855599761009216 0.23627999424934387
v 0.1982010006904602 -0.8855599761009216 -0.40811899304389954
v -0.14938299357891083 -0.8836069703102112 0.2440900057554245
v 0.14938299357891083 -0.8836069703102112 0.2440900057554245
v -0.20796500146389008 -0.8797019720077515 -0.3964030146598816
v -0.10837599635124207 -0.8797019720077515 -0.3788279891014099
v -0.07713299989700317 -0.8816549777984619 0.2558070123195648
v 0.07713299989700317 -0.8816549777984619 0.2558070123195648
v 0.10837599635124207 -0.8797019720077515 -0.3788279891014099
v 0.20796500146389008 -0.8797019720077515 -0.3964030146598816
v -0.16500499844551086 -0.8836069703102112 -0.41983601450920105
v -0.16110000014305115 -0.8797019720077515 0.2558070123195648
v -0.14743100106716156 -0.8836069703102112 -0.41593000292778015
v 0.16500499844551086 -0.8836069703102112 -0.41983601450920105
v 0.14743100106716156 -0.8836069703102112 -0.41593000292778015
v 0.16110000014305115 -0.8797019720077515 0.2558070123195648
v -0.18257999420166016 -0.8816549777984619 -0.41593000292778015
v -0.13180899620056152 -0.8816549777984619 -0.41007199883461
v -0.1200919970870018 -0.8816549777984619 0.23627999424934387
v -0.10447099804878235 -0.8816549777984619 0.23823200166225433
v -0.06932199746370316 -0.8777490258216858 0.2694759964942932
v 0.06932199746370316 -0.8777490258216858 0.2694759964942932
v 0.1200919970870018 -0.8816549777984619 0.23627999424934387
v 0.10447099804878235 -0.8816549777984619 0.23823200166225433
v 0.13180899620056152 -0.8816549777984619 -0.41007199883461
v 0.18257999420166016 -0.8816549777984619 -0.41593000292778015
v -0.19624899327754974 -0.8797019720077515 -0.40811899304389954
v -0.13376200199127197 -0.8797019720077515 0.23823200166225433
v -0.1200919970870018 -0.8797019720077515 -0.39835599064826965
v -0.10837599635124207 -0.8718910217285156 -0.35930100083351135
v -0.08884900063276291 -0.8797019720077515 0.24604299664497375
v 0.08884900063276291 -0.8797019720077515 0.24604299664497375
v 0.10837599635124207 -0.8718910217285156 -0.35930100083351135
v 0.1200919970870018 -0.8797019720077515 -0.39835599064826965
v 0.13376200199127197 -0.8797019720077515 0.23823200166225433
v 0.19624899327754974 -0.8797019720077515 -0.40811899304389954
v -0.2157759964466095 -0.8718910217285156 -0.37687599658966064
v -0.16891099512577057 -0.8738440275192261 0.2694759964942932
v -0.14938299357891083 -0.8738440275192261 -0.42959898710250854
v -0.18257999420166016 -0.8718910217285156 -0.4276460111141205
v -0.1669580042362213 -0.8738440275192261 -0.431551992893219
v -0.14743100106716156 -0.8777490258216858 0.24604299664497375
v -0.13180899620056152 -0.8738440275192261 -0.42374101281166077
v 0.14938299357891083 -0.8738440275192261 -0.42959898710250854
v 0.13180899620056152 -0.8738440275192261 -0.42374101281166077
v 0.14743100106716156 -0.8777490258216858 0.24604299664497375
v 0.18257999420166016 -0.8718910217285156 -0.4276460111141205
v 0.1669580042362213 -0.8738440275192261 -0.431551992893219
v 0.16891099512577057 -0.8738440275192261 0.2694759964942932
v 0.2157759964466095 -0.8718910217285156 -0.37687599658966064
v -0.1982010006904602 -0.8699380159378052 -0.41983601450920105
v -0.11813999712467194 -0.8699380159378052 -0.41202500462532043
v -0.10447099804878235 -0.8718910217285156 0.226515993475914
v -0.1200919970870018 -0.8718910217285156 0.226515993475914
v -0.08884900063276291 -0.8699380159378052 0.23237399756908417
v -0.07908499985933304 -0.8777490258216858 0.2558070123195648
v 0.07908499985933304 -0.8777490258216858 0.2558070123195648
v 0.10447099804878235 -0.8718910217285156 0.226515993475914
v 0.08884900063276291 -0.8699380159378052 0.23237399756908417
v 0.1200919970870018 -0.8718910217285156 0.226515993475914
v 0.11813999712467194 -0.8699380159378052 -0.41202500462532043
v 0.1982010006904602 -0.8699380159378052 -0.41983601450920105
v -0.20601199567317963 -0.8757960200309753 -0.3964030146598816
v -0.20991800725460052 -0.864080011844635 -0.4061659872531891
v -0.1591469943523407 -0.8738440275192261 0.2558070123195648
v -0.14938299357891083 -0.8679860234260559 0.23627999424934387
v -0.13571399450302124 -0.8699380159378052 0.22846899926662445
v -0.11032900214195251 -0.8738440275192261 -0.3788279891014099
v -0.10837599635124207 -0.8660330176353455 -0.39445000886917114
v -0.07518000155687332 -0.8679860234260559 0.2440900057554245
v -0.06541600078344345 -0.8718910217285156 0.28509798645973206
v 0.06541600078344345 -0.8718910217285156 0.28509798645973206
v 0.07518000155687332 -0.8679860234260559 0.2440900057554245
v 0.11032900214195251 -0.8738440275192261 -0.3788279891014099
v 0.10837599635124207 -0.8660330176353455 -0.39445000886917114
v 0.14938299357891083 -0.8679860234260559 0.23627999424934387
v 0.13571399450302124 -0.8699380159378052 0.22846899926662445
v 0.1591469943523407 -0.8738440275192261 0.2558070123195648
v 0.20601199567317963 -0.8757960200309753 -0.3964030146598816
v 0.20991800725460052 -0.864080011844635 -0.4061659872531891
v -0.17281599342823029 -0.8679860234260559 0.28509798645973206
v -0.16305199265480042 -0.864080011844635 0.2479960024356842
v -0.07127399742603302 -0.8738440275192261 0.2694759964942932
v -0.0673689991235733 -0.864080011844635 0.2577599883079529
v 0.07127399742603302 -0.8738440275192261 0.2694759964942932
v 0.0673689991235733 -0.864080011844635 0.2577599883079529
v 0.16305199265480042 -0.864080011844635 0.2479960024356842
v 0.17281599342823029 -0.8679860234260559 0.28509798645973206
v -0.21382300555706024 -0.8699380159378052 -0.3788279891014099
v -0.2157759964466095 -0.8601750135421753 -0.3905450105667114
v 0.21382300555706024 -0.8699380159378052 -0.3788279891014099
v 0.2157759964466095 -0.8601750135421753 -0.3905450105667114
v -0.2157759964466095 -0.8660330176353455 -0.3573479950428009
v -0.1669580042362213 -0.8699380159378052 0.2694759964942932
v -0.16500499844551086 -0.8621270060539246 -0.4354569911956787
v -0.17086300253868103 -0.8601750135421753 0.2616649866104126
v -0.14743100106716156 -0.8621270060539246 -0.43350499868392944
v -0.12985600531101227 -0.8621270060539246 -0.4276460111141205
v -0.10837599635124207 -0.8699380159378052 -0.3612540066242218
v -0.10447099804878235 -0.8601750135421753 -0.3788279891014099
v -0.0673689991235733 -0.8679860234260559 0.283145010471344
v -0.061510998755693436 -0.8601750135421753 0.2753340005874634
v 0.0673689991235733 -0.8679860234260559 0.283145010471344
v 0.061510998755693436 -0.8601750135421753 0.2753340005874634
v 0.10837599635124207 -0.8699380159378052 -0.3612540066242218
v 0.10447099804878235 -0.8601750135421753 -0.3788279891014099
v 0.14743100106716156 -0.8621270060539246 -0.43350499868392944
v 0.12985600531101227 -0.8621270060539246 -0.4276460111141205
v 0.16500499844551086 -0.8621270060539246 -0.4354569911956787
v 0.1669580042362213 -0.8699380159378052 0.2694759964942932
v 0.17086300253868103 -0.8601750135421753 0.2616649866104126
v 0.2157759964466095 -0.8660330176353455 -0.3573479950428009
v -0.18257999420166016 -0.8601750135421753 -0.431551992893219
v -0.1200919970870018 -0.8582220077514648 0.2226099967956543
v -0.11423400044441223 -0.864080011844635 -0.33782100677490234
v -0.10447099804878235 -0.8582220077514648 0.22456300258636475
v -0.0673689991235733 -0.864080011844635 0.31048300862312317
v 0.0673689991235733 -0.864080011844635 0.31048300862312317
v 0.1200919970870018 -0.8582220077514648 0.2226099967956543
v 0.10447099804878235 -0.8582220077514648 0.22456300258636475
v 0.11423400044441223 -0.864080011844635 -0.33782100677490234
v 0.18257999420166016 -0.8601750135421753 -0.431551992893219
v -0.2157759964466095 -0.864080011844635 -0.35930100083351135
v -0.21772900223731995 -0.8523640036582947 -0.37297001481056213
v -0.19624899327754974 -0.8562690019607544 -0.42374101281166077
v -0.17281599342823029 -0.8621270060539246 0.3007189929485321
v -0.17086300253868103 -0.864080011844635 0.28509798645973206
v -0.17476899921894073 -0.8543170094490051 0.27728700637817383
v -0.13571399450302124 -0.8562690019607544 0.226515993475914
v -0.11618699878454208 -0.8582220077514648 -0.41593000292778015
v -0.11228200048208237 -0.8621270060539246 -0.34172698855400085
v -0.10447099804878235 -0.8543170094490051 -0.3612540066242218
v -0.08884900063276291 -0.8582220077514648 0.2304210066795349
v 0.08884900063276291 -0.8582220077514648 0.2304210066795349
v 0.11228200048208237 -0.8621270060539246 -0.34172698855400085
v 0.10447099804878235 -0.8543170094490051 -0.3612540066242218
v 0.11618699878454208 -0.8582220077514648 -0.41593000292778015
v 0.13571399450302124 -0.8562690019607544 0.226515993475914
v 0.17086300253868103 -0.864080011844635 0.28509798645973206
v 0.17476899921894073 -0.8543170094490051 0.27728700637817383
v 0.17281599342823029 -0.8621270060539246 0.3007189929485321
v 0.19624899327754974 -0.8562690019607544 -0.42374101281166077
v 0.2157759964466095 -0.864080011844635 -0.35930100083351135
v 0.21772900223731995 -0.8523640036582947 -0.37297001481056213
v -0.20796500146389008 -0.8582220077514648 -0.33000999689102173
v -0.14938299357891083 -0.8543170094490051 0.23237399756908417
v -0.07518000155687332 -0.8543170094490051 0.2401849925518036
v -0.0673689991235733 -0.8621270060539246 0.304625004529953
v -0.061510998755693436 -0.8543170094490051 0.29290899634361267
v 0.0673689991235733 -0.8621270060539246 0.304625004529953
v 0.061510998755693436 -0.8543170094490051 0.29290899634361267
v 0.07518000155687332 -0.8543170094490051 0.2401849925518036
v 0.14938299357891083 -0.8543170094490051 0.23237399756908417
v 0.20796500146389008 -0.8582220077514648 -0.33000999689102173
v -0.10642299801111221 -0.8543170094490051 -0.4003080129623413
v 0.10642299801111221 -0.8543170094490051 -0.4003080129623413
v -0.20991800725460052 -0.8562690019607544 -0.33782100677490234
v -0.2157759964466095 -0.8465059995651245 -0.35539600253105164
v -0.20796500146389008 -0.8523640036582947 -0.41007199883461
v -0.17086300253868103 -0.8601750135421753 0.29876700043678284
v -0.17476899921894073 -0.8484579920768738 0.29290899634361267
v -0.1669580042362213 -0.8562690019607544 0.3182939887046814
v -0.16110000014305115 -0.8504109978675842 0.2440900057554245
v -0.1239980012178421 -0.8582220077514648 -0.32415199279785156
v -0.07908499985933304 -0.8582220077514648 0.33000999689102173
v -0.06541600078344345 -0.8523640036582947 0.2558070123195648
v 0.06541600078344345 -0.8523640036582947 0.2558070123195648
v 0.07908499985933304 -0.8582220077514648 0.33000999689102173
v 0.1239980012178421 -0.8582220077514648 -0.32415199279785156
v 0.16110000014305115 -0.8504109978675842 0.2440900057554245
v 0.17086300253868103 -0.8601750135421753 0.29876700043678284
v 0.17476899921894073 -0.8484579920768738 0.29290899634361267
v 0.1669580042362213 -0.8562690019607544 0.3182939887046814
v 0.20796500146389008 -0.8523640036582947 -0.41007199883461
v 0.20991800725460052 -0.8562690019607544 -0.33782100677490234
v 0.2157759964466095 -0.8465059995651245 -0.35539600253105164
v -0.15719400346279144 -0.8230730295181274 -0.4432680010795593
v -0.17281599342823029 -0.821120023727417 -0.4393630027770996
v -0.1415719985961914 -0.8230730295181274 -0.44131600856781006
v -0.12595100700855255 -0.821120023727417 -0.4354569911956787
v -0.12204500287771225 -0.8562690019607544 -0.326104998588562
v -0.10837599635124207 -0.8484579920768738 -0.3436790108680725
v -0.07713299989700317 -0.8543170094490051 0.326104998588562
v -0.06541600078344345 -0.8484579920768738 0.3085300028324127
v 0.07713299989700317 -0.8543170094490051 0.326104998588562
v 0.06541600078344345 -0.8484579920768738 0.3085300028324127
v 0.12204500287771225 -0.8562690019607544 -0.326104998588562
v 0.10837599635124207 -0.8484579920768738 -0.3436790108680725
v 0.1415719985961914 -0.8230730295181274 -0.44131600856781006
v 0.12595100700855255 -0.821120023727417 -0.4354569911956787
v 0.15719400346279144 -0.8230730295181274 -0.4432680010795593
v 0.17281599342823029 -0.821120023727417 -0.4393630027770996
v -0.21382300555706024 -0.8465059995651245 -0.39445000886917114
v -0.19234299659729004 -0.8543170094490051 -0.3143880069255829
v -0.18648500740528107 -0.8172150254249573 -0.431551992893219
v -0.16891099512577057 -0.8465059995651245 0.2577599883079529
v -0.1669580042362213 -0.8543170094490051 0.3143880069255829
v -0.17086300253868103 -0.8445529937744141 0.3085300028324127
v -0.15524199604988098 -0.8523640036582947 0.3339160084724426
v -0.1025179997086525 -0.8484579920768738 -0.3827340006828308
v -0.09275399893522263 -0.8543170094490051 0.3436790108680725
v -0.061510998755693436 -0.8465059995651245 0.27142900228500366
v 0.061510998755693436 -0.8465059995651245 0.27142900228500366
v 0.09275399893522263 -0.8543170094490051 0.3436790108680725
v 0.1025179997086525 -0.8484579920768738 -0.3827340006828308
v 0.15524199604988098 -0.8523640036582947 0.3339160084724426
v 0.16891099512577057 -0.8465059995651245 0.2577599883079529
v 0.1669580042362213 -0.8543170094490051 0.3143880069255829
v 0.17086300253868103 -0.8445529937744141 0.3085300028324127
v 0.18648500740528107 -0.8172150254249573 -0.431551992893219
v 0.19234299659729004 -0.8543170094490051 -0.3143880069255829
v 0.21382300555706024 -0.8465059995651245 -0.39445000886917114
v -0.14352500438690186 -0.8504109978675842 0.3436790108680725
v -0.1376670002937317 -0.8543170094490051 -0.3124360144138336
v -0.11423400044441223 -0.7996399998664856 0.21870499849319458
v -0.12790299952030182 -0.7976880073547363 0.22065800428390503
v -0.11423400044441223 -0.819167971611023 -0.42569398880004883
v -0.10056500136852264 -0.7996399998664856 0.22065800428390503
v -0.10642299801111221 -0.8504109978675842 0.34953799843788147
v -0.08689600229263306 -0.7996399998664856 0.226515993475914
v 0.10056500136852264 -0.7996399998664856 0.22065800428390503
v 0.08689600229263306 -0.7996399998664856 0.226515993475914
v 0.10642299801111221 -0.8504109978675842 0.34953799843788147
v 0.11423400044441223 -0.7996399998664856 0.21870499849319458
v 0.11423400044441223 -0.819167971611023 -0.42569398880004883
v 0.12790299952030182 -0.7976880073547363 0.22065800428390503
v 0.1376670002937317 -0.8543170094490051 -0.3124360144138336
v 0.14352500438690186 -0.8504109978675842 0.3436790108680725
v -0.19624899327754974 -0.8504109978675842 -0.32024699449539185
v -0.20796500146389008 -0.8406469821929932 -0.33782100677490234
v -0.19624899327754974 -0.8133090138435364 -0.41983601450920105
v -0.1767210066318512 -0.8523640036582947 -0.30657801032066345
v -0.16110000014305115 -0.8523640036582947 -0.304625004529953
v -0.12985600531101227 -0.8504109978675842 0.34953799843788147
v -0.13962000608444214 -0.7957350015640259 0.22846899926662445
v -0.13571399450302124 -0.8523640036582947 -0.3143880069255829
v -0.11813999712467194 -0.8425999879837036 -0.33000999689102173
v 0.12985600531101227 -0.8504109978675842 0.34953799843788147
v 0.13571399450302124 -0.8523640036582947 -0.3143880069255829
v 0.11813999712467194 -0.8425999879837036 -0.33000999689102173
v 0.13962000608444214 -0.7957350015640259 0.22846899926662445
v 0.16110000014305115 -0.8523640036582947 -0.304625004529953
v 0.1767210066318512 -0.8523640036582947 -0.30657801032066345
v 0.19624899327754974 -0.8133090138435364 -0.41983601450920105
v 0.19624899327754974 -0.8504109978675842 -0.32024699449539185
v 0.20796500146389008 -0.8406469821929932 -0.33782100677490234
v -0.17281599342823029 -0.8406469821929932 0.27338099479675293
v -0.15719400346279144 -0.8504109978675842 0.33000999689102173
v -0.16305199265480042 -0.8406469821929932 0.3221989870071411
v -0.14938299357891083 -0.7937819957733154 0.23823200166225433
v -0.10642299801111221 -0.8133090138435364 -0.41202500462532043
v -0.1025179997086525 -0.8425999879837036 -0.3651590049266815
v -0.09080199897289276 -0.8504109978675842 0.3397740125656128
v -0.07518000155687332 -0.8425999879837036 0.326104998588562
v -0.07518000155687332 -0.7976880073547363 0.23627999424934387
v -0.061510998755693436 -0.8425999879837036 0.28900301456451416
v 0.061510998755693436 -0.8425999879837036 0.28900301456451416
v 0.07518000155687332 -0.7976880073547363 0.23627999424934387
v 0.09080199897289276 -0.8504109978675842 0.3397740125656128
v 0.07518000155687332 -0.8425999879837036 0.326104998588562
v 0.1025179997086525 -0.8425999879837036 -0.3651590049266815
v 0.10642299801111221 -0.8133090138435364 -0.41202500462532043
v 0.14938299357891083 -0.7937819957733154 0.23823200166225433
v 0.15719400346279144 -0.8504109978675842 0.33000999689102173
v 0.16305199265480042 -0.8406469821929932 0.3221989870071411
v 0.17281599342823029 -0.8406469821929932 0.27338099479675293
v -0.2157759964466095 -0.8406469821929932 -0.37687599658966064
v -0.1767210066318512 -0.8484579920768738 -0.3085300028324127
v -0.15524199604988098 -0.8484579920768738 -0.30657801032066345
v -0.13376200199127197 -0.8386949896812439 -0.3182939887046814
v -0.0673689991235733 -0.7957350015640259 0.2479960024356842
v 0.0673689991235733 -0.7957350015640259 0.2479960024356842
v 0.15524199604988098 -0.8484579920768738 -0.30657801032066345
v 0.13376200199127197 -0.8386949896812439 -0.3182939887046814
v 0.1767210066318512 -0.8484579920768738 -0.3085300028324127
v 0.2157759964466095 -0.8406469821929932 -0.37687599658966064
v -0.1767210066318512 -0.834788978099823 -0.3124360144138336
v -0.1942960023880005 -0.834788978099823 -0.32415199279785156
v -0.15719400346279144 -0.7898769974708557 0.24994899332523346
v -0.15133599936962128 -0.8367419838905334 0.3339160084724426
v -0.13571399450302124 -0.834788978099823 0.3436790108680725
v -0.11618699878454208 -0.834788978099823 0.34563198685646057
v -0.08884900063276291 -0.8386949896812439 0.33782100677490234
v -0.1025179997086525 -0.8367419838905334 0.3436790108680725
v 0.08884900063276291 -0.8386949896812439 0.33782100677490234
v 0.11618699878454208 -0.834788978099823 0.34563198685646057
v 0.1025179997086525 -0.8367419838905334 0.3436790108680725
v 0.13571399450302124 -0.834788978099823 0.3436790108680725
v 0.15133599936962128 -0.8367419838905334 0.3339160084724426
v 0.15719400346279144 -0.7898769974708557 0.24994899332523346
v 0.1767210066318512 -0.834788978099823 -0.3124360144138336
v 0.1942960023880005 -0.834788978099823 -0.32415199279785156
v -0.15328900516033173 -0.834788978099823 -0.31048300862312317
v -0.17281599342823029 -0.8367419838905334 0.28900301456451416
v -0.10642299801111221 -0.8367419838905334 -0.34953799843788147
v -0.1025179997086525 -0.8094040155410767 -0.3964030146598816
v -0.06541600078344345 -0.8367419838905334 0.304625004529953
v 0.06541600078344345 -0.8367419838905334 0.304625004529953
v 0.1025179997086525 -0.8094040155410767 -0.3964030146598816
v 0.10642299801111221 -0.8367419838905334 -0.34953799843788147
v 0.15328900516033173 -0.834788978099823 -0.31048300862312317
v 0.17281599342823029 -0.8367419838905334 0.28900301456451416
v -0.21382300555706024 -0.834788978099823 -0.35930100083351135
v -0.2021069973707199 -0.8074510097503662 -0.4061659872531891
v -0.16110000014305115 -0.7859709858894348 0.26361799240112305
v -0.06346400082111359 -0.791828989982605 0.2616649866104126
v 0.06346400082111359 -0.791828989982605 0.2616649866104126
v 0.16110000014305115 -0.7859709858894348 0.26361799240112305
v 0.2021069973707199 -0.8074510097503662 -0.4061659872531891
v 0.21382300555706024 -0.834788978099823 -0.35930100083351135
v -0.16891099512577057 -0.8308839797973633 0.304625004529953
v 0.16891099512577057 -0.8308839797973633 0.304625004529953
v -0.11618699878454208 -0.8308839797973633 -0.3339160084724426
v -0.1025179997086525 -0.8035460114479065 -0.38078099489212036
v -0.07518000155687332 -0.8308839797973633 0.3221989870071411
v -0.06346400082111359 -0.7879239916801453 0.27728700637817383
v 0.06346400082111359 -0.7879239916801453 0.27728700637817383
v 0.07518000155687332 -0.8308839797973633 0.3221989870071411
v 0.1025179997086525 -0.8035460114479065 -0.38078099489212036
v 0.11618699878454208 -0.8308839797973633 -0.3339160084724426
v -0.20406000316143036 -0.801593005657196 -0.3905450105667114
v -0.20601199567317963 -0.8289309740066528 -0.3436790108680725
v -0.16110000014305115 -0.7820659875869751 0.27728700637817383
v -0.16110000014305115 -0.8269780278205872 0.3182939887046814
v 0.16110000014305115 -0.8269780278205872 0.3182939887046814
v 0.16110000014305115 -0.7820659875869751 0.27728700637817383
v 0.20601199567317963 -0.8289309740066528 -0.3436790108680725
v 0.20406000316143036 -0.801593005657196 -0.3905450105667114
v -0.13180899620056152 -0.8269780278205872 -0.3221989870071411
v -0.08884900063276291 -0.8269780278205872 0.3339160084724426
v 0.08884900063276291 -0.8269780278205872 0.3339160084724426
v 0.13180899620056152 -0.8269780278205872 -0.3221989870071411
v -0.15719400346279144 -0.7781599760055542 0.2909559905529022
v -0.14938299357891083 -0.8250259757041931 0.33000999689102173
v -0.10642299801111221 -0.7976880073547363 -0.36711201071739197
v -0.1025179997086525 -0.8250259757041931 0.3397740125656128
v -0.0673689991235733 -0.7840179800987244 0.2909559905529022
v 0.0673689991235733 -0.7840179800987244 0.2909559905529022
v 0.1025179997086525 -0.8250259757041931 0.3397740125656128
v 0.10642299801111221 -0.7976880073547363 -0.36711201071739197
v 0.14938299357891083 -0.8250259757041931 0.33000999689102173
v 0.15719400346279144 -0.7781599760055542 0.2909559905529022
v -0.2021069973707199 -0.7957350015640259 -0.3749229907989502
v -0.19234299659729004 -0.8250259757041931 -0.32805800437927246
v -0.17476899921894073 -0.8230730295181274 -0.3182939887046814
v -0.15328900516033173 -0.8230730295181274 -0.31634101271629333
v -0.11618699878454208 -0.8230730295181274 0.34172698855400085
v -0.13376200199127197 -0.8230730295181274 0.33782100677490234
v 0.11618699878454208 -0.8230730295181274 0.34172698855400085
v 0.13376200199127197 -0.8230730295181274 0.33782100677490234
v 0.17476899921894073 -0.8230730295181274 -0.3182939887046814
v 0.15328900516033173 -0.8230730295181274 -0.31634101271629333
v 0.19234299659729004 -0.8250259757041931 -0.32805800437927246
v 0.2021069973707199 -0.7957350015640259 -0.3749229907989502
v -0.15133599936962128 -0.7762079834938049 0.30267199873924255
v -0.11618699878454208 -0.791828989982605 -0.3534429967403412
v -0.07518000155687332 -0.7801129817962646 0.304625004529953
v 0.07518000155687332 -0.7801129817962646 0.304625004529953
v 0.11618699878454208 -0.791828989982605 -0.3534429967403412
v 0.15133599936962128 -0.7762079834938049 0.30267199873924255
v -0.1942960023880005 -0.7898769974708557 -0.35930100083351135
v 0.1942960023880005 -0.7898769974708557 -0.35930100083351135
v -0.13962000608444214 -0.7742549777030945 0.3124360144138336
v -0.12985600531101227 -0.7879239916801453 -0.3436790108680725
v -0.08689600229263306 -0.7762079834938049 0.3143880069255829
v 0.08689600229263306 -0.7762079834938049 0.3143880069255829
v 0.12985600531101227 -0.7879239916801453 -0.3436790108680725
v 0.13962000608444214 -0.7742549777030945 0.3124360144138336
v -0.18257999420166016 -0.7859709858894348 -0.347584992647171
v -0.12790299952030182 -0.772301971912384 0.32024699449539185
v -0.10056500136852264 -0.7742549777030945 0.32024699449539185
v 0.10056500136852264 -0.7742549777030945 0.32024699449539185
v 0.12790299952030182 -0.772301971912384 0.32024699449539185
v 0.18257999420166016 -0.7859709858894348 -0.347584992647171
v -0.1669580042362213 -0.7840179800987244 -0.3397740125656128
v -0.15133599936962128 -0.7840179800987244 -0.453031986951828
v -0.1669580042362213 -0.7820659875869751 -0.4491260051727295
v -0.14743100106716156 -0.7840179800987244 -0.33782100677490234
v -0.13571399450302124 -0.7840179800987244 -0.45107901096343994
v -0.11423400044441223 -0.772301971912384 0.3221989870071411
v 0.11423400044441223 -0.772301971912384 0.3221989870071411
v 0.15133599936962128 -0.7840179800987244 -0.453031986951828
v 0.13571399450302124 -0.7840179800987244 -0.45107901096343994
v 0.1669580042362213 -0.7840179800987244 -0.3397740125656128
v 0.14743100106716156 -0.7840179800987244 -0.33782100677490234
v 0.1669580042362213 -0.7820659875869751 -0.4491260051727295
v -0.17867399752140045 -0.7781599760055542 -0.44131600856781006
v -0.12204500287771225 -0.7840179800987244 -0.4452210068702698
v 0.12204500287771225 -0.7840179800987244 -0.4452210068702698
v 0.17867399752140045 -0.7781599760055542 -0.44131600856781006
v -0.11032900214195251 -0.7801129817962646 -0.4354569911956787
v 0.11032900214195251 -0.7801129817962646 -0.4354569911956787
v -0.18843799829483032 -0.7742549777030945 -0.42959898710250854
v 0.18843799829483032 -0.7742549777030945 -0.42959898710250854
v -0.1025179997086525 -0.7762079834938049 -0.4217880070209503
v 0.1025179997086525 -0.7762079834938049 -0.4217880070209503
v -0.09861300140619278 -0.772301971912384 -0.40811899304389954
v 0.09861300140619278 -0.772301971912384 -0.40811899304389954
v -0.1942960023880005 -0.7683969736099243 -0.41593000292778015
v 0.1942960023880005 -0.7683969736099243 -0.41593000292778015
v -0.09861300140619278 -0.7664440274238586 -0.3924970030784607
v 0.09861300140619278 -0.7664440274238586 -0.3924970030784607
v -0.1942960023880005 -0.7625390291213989 -0.40226098895072937
v 0.1942960023880005 -0.7625390291213989 -0.40226098895072937
v -0.11032900214195251 -0.7527750134468079 0.21284699440002441
v -0.1239980012178421 -0.7508220076560974 0.21480000019073486
v -0.09666000306606293 -0.7527750134468079 0.21480000019073486
v -0.08494299650192261 -0.7527750134468079 0.22065800428390503
v 0.09666000306606293 -0.7527750134468079 0.21480000019073486
v 0.08494299650192261 -0.7527750134468079 0.22065800428390503
v 0.11032900214195251 -0.7527750134468079 0.21284699440002441
v 0.1239980012178421 -0.7508220076560974 0.21480000019073486
v -0.13571399450302124 -0.748869001865387 0.22065800428390503
v -0.10447099804878235 -0.7605860233306885 -0.3788279891014099
v -0.07322700321674347 -0.7508220076560974 0.22846899926662445
v 0.07322700321674347 -0.7508220076560974 0.22846899926662445
v 0.10447099804878235 -0.7605860233306885 -0.3788279891014099
v 0.13571399450302124 -0.748869001865387 0.22065800428390503
v -0.19234299659729004 -0.7566800117492676 -0.3866389989852905
v -0.1454779952764511 -0.7469170093536377 0.2304210066795349
v -0.06541600078344345 -0.748869001865387 0.2401849925518036
v 0.06541600078344345 -0.748869001865387 0.2401849925518036
v 0.1454779952764511 -0.7469170093536377 0.2304210066795349
v 0.19234299659729004 -0.7566800117492676 -0.3866389989852905
v -0.15328900516033173 -0.7430109977722168 0.24213799834251404
v 0.15328900516033173 -0.7430109977722168 0.24213799834251404
v -0.11228200048208237 -0.7547280192375183 -0.36711201071739197
v -0.061510998755693436 -0.7449640035629272 0.25385400652885437
v 0.061510998755693436 -0.7449640035629272 0.25385400652885437
v 0.11228200048208237 -0.7547280192375183 -0.36711201071739197
v -0.18648500740528107 -0.7527750134468079 -0.37297001481056213
v -0.15719400346279144 -0.7410590052604675 0.25385400652885437
v 0.15719400346279144 -0.7410590052604675 0.25385400652885437
v 0.18648500740528107 -0.7527750134468079 -0.37297001481056213
v -0.12595100700855255 -0.7508220076560974 -0.3573479950428009
v -0.061510998755693436 -0.7410590052604675 0.2694759964942932
v 0.061510998755693436 -0.7410590052604675 0.2694759964942932
v 0.12595100700855255 -0.7508220076560974 -0.3573479950428009
v -0.17476899921894073 -0.748869001865387 -0.3612540066242218
v -0.15524199604988098 -0.7371529936790466 0.2694759964942932
v 0.15524199604988098 -0.7371529936790466 0.2694759964942932
v 0.17476899921894073 -0.748869001865387 -0.3612540066242218
v -0.1591469943523407 -0.7469170093536377 -0.3534429967403412
v -0.1454779952764511 -0.7430109977722168 -0.46474799513816833
v -0.1591469943523407 -0.7410590052604675 -0.4608429968357086
v -0.1415719985961914 -0.7469170093536377 -0.35148999094963074
v -0.12985600531101227 -0.7430109977722168 -0.4627949893474579
v -0.11618699878454208 -0.7430109977722168 -0.4569369852542877
v -0.06541600078344345 -0.7371529936790466 0.283145010471344
v 0.06541600078344345 -0.7371529936790466 0.283145010471344
v 0.12985600531101227 -0.7430109977722168 -0.4627949893474579
v 0.11618699878454208 -0.7430109977722168 -0.4569369852542877
v 0.1454779952764511 -0.7430109977722168 -0.46474799513816833
v 0.1591469943523407 -0.7469170093536377 -0.3534429967403412
v 0.1415719985961914 -0.7469170093536377 -0.35148999094963074
v 0.1591469943523407 -0.7410590052604675 -0.4608429968357086
v -0.17281599342823029 -0.7391059994697571 -0.453031986951828
v -0.15328900516033173 -0.7332479953765869 0.28119200468063354
v 0.15328900516033173 -0.7332479953765869 0.28119200468063354
v 0.17281599342823029 -0.7391059994697571 -0.453031986951828
v -0.10447099804878235 -0.7391059994697571 -0.4471740126609802
v -0.07322700321674347 -0.7332479953765869 0.29486098885536194
v 0.07322700321674347 -0.7332479953765869 0.29486098885536194
v 0.10447099804878235 -0.7391059994697571 -0.4471740126609802
v -0.1806270033121109 -0.7332479953765869 -0.44131600856781006
v -0.1454779952764511 -0.7312949895858765 0.29290899634361267
v 0.1454779952764511 -0.7312949895858765 0.29290899634361267
v 0.1806270033121109 -0.7332479953765869 -0.44131600856781006
v -0.13571399450302124 -0.729341983795166 0.30267199873924255
v -0.09666000306606293 -0.7351999878883362 -0.4354569911956787
v -0.08494299650192261 -0.7312949895858765 0.304625004529953
v 0.08494299650192261 -0.7312949895858765 0.304625004529953
v 0.09666000306606293 -0.7351999878883362 -0.4354569911956787
v 0.13571399450302124 -0.729341983795166 0.30267199873924255
v -0.1239980012178421 -0.7273899912834167 0.3085300028324127
v -0.09666000306606293 -0.729341983795166 0.3085300028324127
v 0.09666000306606293 -0.729341983795166 0.3085300028324127
v 0.1239980012178421 -0.7273899912834167 0.3085300028324127
v -0.11032900214195251 -0.7273899912834167 0.31048300862312317
v -0.09275399893522263 -0.7312949895858765 -0.41983601450920105
v 0.09275399893522263 -0.7312949895858765 -0.41983601450920105
v 0.11032900214195251 -0.7273899912834167 0.31048300862312317
v -0.18648500740528107 -0.7273899912834167 -0.4276460111141205
v 0.18648500740528107 -0.7273899912834167 -0.4276460111141205
v -0.09275399893522263 -0.7254369854927063 -0.4061659872531891
v 0.09275399893522263 -0.7254369854927063 -0.4061659872531891
v -0.18843799829483032 -0.7215309739112854 -0.4139769971370697
v 0.18843799829483032 -0.7215309739112854 -0.4139769971370697
v -0.09861300140619278 -0.7195789813995361 -0.3905450105667114
v 0.09861300140619278 -0.7195789813995361 -0.3905450105667114
v -0.18453200161457062 -0.71567302942276 -0.39835599064826965
v 0.18453200161457062 -0.71567302942276 -0.39835599064826965
v -0.10642299801111221 -0.7137200236320496 -0.3788279891014099
v 0.10642299801111221 -0.7137200236320496 -0.3788279891014099
v -0.17867399752140045 -0.7117679715156555 -0.38468700647354126
v -0.10642299801111221 -0.6844300031661987 0.20113100111484528
v -0.11813999712467194 -0.6824769973754883 0.20308299362659454
v -0.09275399893522263 -0.6844300031661987 0.20308299362659454
v -0.08103799819946289 -0.6844300031661987 0.2089409977197647
v 0.09275399893522263 -0.6844300031661987 0.20308299362659454
v 0.08103799819946289 -0.6844300031661987 0.2089409977197647
v 0.10642299801111221 -0.6844300031661987 0.20113100111484528
v 0.11813999712467194 -0.6824769973754883 0.20308299362659454
v 0.17867399752140045 -0.7117679715156555 -0.38468700647354126
v -0.1200919970870018 -0.7098150253295898 -0.36906498670578003
v -0.12985600531101227 -0.6805239915847778 0.2089409977197647
v -0.07127399742603302 -0.6824769973754883 0.21675199270248413
v 0.07127399742603302 -0.6824769973754883 0.21675199270248413
v 0.12985600531101227 -0.6805239915847778 0.2089409977197647
v 0.1200919970870018 -0.7098150253295898 -0.36906498670578003
v -0.1669580042362213 -0.7078620195388794 -0.37297001481056213
v -0.13962000608444214 -0.6785709857940674 0.21675199270248413
v -0.06346400082111359 -0.6805239915847778 0.22846899926662445
v 0.06346400082111359 -0.6805239915847778 0.22846899926662445
v 0.13962000608444214 -0.6785709857940674 0.21675199270248413
v 0.1669580042362213 -0.7078620195388794 -0.37297001481056213
v -0.15328900516033173 -0.7059100270271301 -0.36711201071739197
v -0.14743100106716156 -0.6746659874916077 0.22846899926662445
v -0.13571399450302124 -0.7078620195388794 -0.3651590049266815
v 0.15328900516033173 -0.7059100270271301 -0.36711201071739197
v 0.13571399450302124 -0.7078620195388794 -0.3651590049266815
v 0.14743100106716156 -0.6746659874916077 0.22846899926662445
v -0.05955800041556358 -0.6766189932823181 0.24213799834251404
v 0.05955800041556358 -0.6766189932823181 0.24213799834251404
v -0.15133599936962128 -0.6727129817008972 0.24213799834251404
v -0.1376670002937317 -0.6980990171432495 -0.4803699851036072
v -0.15328900516033173 -0.6961460113525391 -0.47646498680114746
v -0.12204500287771225 -0.6980990171432495 -0.4784170091152191
v -0.10837599635124207 -0.6961460113525391 -0.47255900502204895
v 0.12204500287771225 -0.6980990171432495 -0.4784170091152191
v 0.10837599635124207 -0.6961460113525391 -0.47255900502204895
v 0.1376670002937317 -0.6980990171432495 -0.4803699851036072
v 0.15328900516033173 -0.6961460113525391 -0.47646498680114746
v 0.15133599936962128 -0.6727129817008972 0.24213799834251404
v -0.16500499844551086 -0.6922399997711182 -0.46865400671958923
v -0.15133599936962128 -0.6688079833984375 0.2558070123195648
v -0.05955800041556358 -0.6746659874916077 0.2558070123195648
v 0.05955800041556358 -0.6746659874916077 0.2558070123195648
v 0.15133599936962128 -0.6688079833984375 0.2558070123195648
v 0.16500499844551086 -0.6922399997711182 -0.46865400671958923
v -0.17476899921894073 -0.686381995677948 -0.4569369852542877
v -0.09666000306606293 -0.6941930055618286 -0.4627949893474579
v 0.09666000306606293 -0.6941930055618286 -0.4627949893474579
v 0.17476899921894073 -0.686381995677948 -0.4569369852542877
v -0.14743100106716156 -0.6649019718170166 0.26752299070358276
v -0.06346400082111359 -0.6688079833984375 0.2694759964942932
v 0.06346400082111359 -0.6688079833984375 0.2694759964942932
v 0.14743100106716156 -0.6649019718170166 0.26752299070358276
v -0.08884900063276291 -0.6902880072593689 -0.4491260051727295
v 0.08884900063276291 -0.6902880072593689 -0.4491260051727295
v -0.13962000608444214 -0.6629499793052673 0.2792389988899231
v -0.07127399742603302 -0.666854977607727 0.28119200468063354
v 0.07127399742603302 -0.666854977607727 0.28119200468063354
v 0.13962000608444214 -0.6629499793052673 0.2792389988899231
v -0.13180899620056152 -0.6609969735145569 0.28900301456451416
v -0.08494299650192261 -0.6844300031661987 -0.4354569911956787
v -0.08103799819946289 -0.6629499793052673 0.2909559905529022
v 0.08103799819946289 -0.6629499793052673 0.2909559905529022
v 0.08494299650192261 -0.6844300031661987 -0.4354569911956787
v 0.13180899620056152 -0.6609969735145569 0.28900301456451416
v -0.1200919970870018 -0.6609969735145569 0.29486098885536194
v -0.09275399893522263 -0.6609969735145569 0.29486098885536194
v 0.09275399893522263 -0.6609969735145569 0.29486098885536194
v 0.1200919970870018 -0.6609969735145569 0.29486098885536194
v -0.1806270033121109 -0.6824769973754883 -0.4432680010795593
v -0.10642299801111221 -0.6609969735145569 0.2968139946460724
v 0.10642299801111221 -0.6609969735145569 0.2968139946460724
v 0.1806270033121109 -0.6824769973754883 -0.4432680010795593
v -0.08494299650192261 -0.6785709857940674 -0.41983601450920105
v 0.08494299650192261 -0.6785709857940674 -0.41983601450920105
v -0.1806270033121109 -0.6766189932823181 -0.4276460111141205
v 0.1806270033121109 -0.6766189932823181 -0.4276460111141205
v -0.09080199897289276 -0.6727129817008972 -0.4061659872531891
v 0.09080199897289276 -0.6727129817008972 -0.4061659872531891
v -0.17867399752140045 -0.670760989189148 -0.4139769971370697
v 0.17867399752140045 -0.670760989189148 -0.4139769971370697
v -0.10056500136852264 -0.666854977607727 -0.3924970030784607
v 0.10056500136852264 -0.666854977607727 -0.3924970030784607
v -0.17086300253868103 -0.6649019718170166 -0.4003080129623413
v 0.17086300253868103 -0.6649019718170166 -0.4003080129623413
v -0.11423400044441223 -0.6629499793052673 -0.3827340006828308
v 0.11423400044441223 -0.6629499793052673 -0.3827340006828308
v -0.1591469943523407 -0.6609969735145569 -0.388592004776001
v -0.1454779952764511 -0.6590440273284912 -0.38078099489212036
v -0.12985600531101227 -0.6609969735145569 -0.3788279891014099
v 0.1454779952764511 -0.6590440273284912 -0.38078099489212036
v 0.12985600531101227 -0.6609969735145569 -0.3788279891014099
v 0.1591469943523407 -0.6609969735145569 -0.388592004776001
v -0.12985600531101227 -0.6473280191421509 -0.4998970031738281
v -0.1454779952764511 -0.6453750133514404 -0.4959920048713684
v -0.11423400044441223 -0.6473280191421509 -0.49794501066207886
v 0.12985600531101227 -0.6473280191421509 -0.4998970031738281
v 0.11423400044441223 -0.6473280191421509 -0.49794501066207886
v 0.1454779952764511 -0.6453750133514404 -0.4959920048713684
v -0.1591469943523407 -0.6414700150489807 -0.48622798919677734
v -0.10056500136852264 -0.6473280191421509 -0.4920859932899475
v 0.10056500136852264 -0.6473280191421509 -0.4920859932899475
v 0.1591469943523407 -0.6414700150489807 -0.48622798919677734
v -0.08884900063276291 -0.64342200756073 -0.4803699851036072
v 0.08884900063276291 -0.64342200756073 -0.4803699851036072
v -0.16891099512577057 -0.6375640034675598 -0.4745120108127594
v 0.16891099512577057 -0.6375640034675598 -0.4745120108127594
v -0.08103799819946289 -0.6395170092582703 -0.4667010009288788
v 0.08103799819946289 -0.6395170092582703 -0.4667010009288788
v -0.1025179997086525 -0.6453750133514404 0.1913670003414154
v -0.11618699878454208 -0.6453750133514404 0.19332000613212585
v -0.08884900063276291 -0.6473280191421509 0.19332000613212585
v -0.07518000155687332 -0.6356120109558105 -0.45107901096343994
v -0.07713299989700317 -0.6453750133514404 0.19917799532413483
v 0.08884900063276291 -0.6473280191421509 0.19332000613212585
v 0.07713299989700317 -0.6453750133514404 0.19917799532413483
v 0.07518000155687332 -0.6356120109558105 -0.45107901096343994
v 0.1025179997086525 -0.6453750133514404 0.1913670003414154
v 0.11618699878454208 -0.6453750133514404 0.19332000613212585
v -0.17476899921894073 -0.6317059993743896 -0.45888999104499817
v -0.12790299952030182 -0.6414700150489807 0.19917799532413483
v -0.0673689991235733 -0.64342200756073 0.2089409977197647
v 0.0673689991235733 -0.64342200756073 0.2089409977197647
v 0.12790299952030182 -0.6414700150489807 0.19917799532413483
v 0.17476899921894073 -0.6317059993743896 -0.45888999104499817
v -0.13962000608444214 -0.6395170092582703 0.2089409977197647
v -0.05955800041556358 -0.6414700150489807 0.22065800428390503
v 0.05955800041556358 -0.6414700150489807 0.22065800428390503
v 0.13962000608444214 -0.6395170092582703 0.2089409977197647
v -0.1454779952764511 -0.6356120109558105 0.22065800428390503
v -0.07713299989700317 -0.6297529935836792 -0.43350499868392944
v 0.07713299989700317 -0.6297529935836792 -0.43350499868392944
v 0.1454779952764511 -0.6356120109558105 0.22065800428390503
v -0.1767210066318512 -0.6278010010719299 -0.4432680010795593
v -0.05565299838781357 -0.6375640034675598 0.23432700335979462
v 0.05565299838781357 -0.6375640034675598 0.23432700335979462
v 0.1767210066318512 -0.6278010010719299 -0.4432680010795593
v -0.14938299357891083 -0.6317059993743896 0.23432700335979462
v -0.05565299838781357 -0.6336590051651001 0.24994899332523346
v 0.05565299838781357 -0.6336590051651001 0.24994899332523346
v 0.14938299357891083 -0.6317059993743896 0.23432700335979462
v -0.14938299357891083 -0.6278010010719299 0.2479960024356842
v -0.08103799819946289 -0.623894989490509 -0.4178830087184906
v 0.08103799819946289 -0.623894989490509 -0.4178830087184906
v 0.14938299357891083 -0.6278010010719299 0.2479960024356842
v -0.17476899921894073 -0.6219419836997986 -0.4276460111141205
v 0.17476899921894073 -0.6219419836997986 -0.4276460111141205
v -0.1454779952764511 -0.6258479952812195 0.2616649866104126
v -0.05955800041556358 -0.6297529935836792 0.26361799240112305
v 0.05955800041556358 -0.6297529935836792 0.26361799240112305
v 0.1454779952764511 -0.6258479952812195 0.2616649866104126
v -0.09275399893522263 -0.6199899911880493 -0.4042139947414398
v -0.0673689991235733 -0.6258479952812195 0.2753340005874634
v 0.0673689991235733 -0.6258479952812195 0.2753340005874634
v 0.09275399893522263 -0.6199899911880493 -0.4042139947414398
v -0.1669580042362213 -0.6180369853973389 -0.41202500462532043
v -0.13962000608444214 -0.6219419836997986 0.27338099479675293
v 0.13962000608444214 -0.6219419836997986 0.27338099479675293
v 0.1669580042362213 -0.6180369853973389 -0.41202500462532043
v -0.12985600531101227 -0.6199899911880493 0.283145010471344
v -0.10642299801111221 -0.6160839796066284 -0.3924970030784607
v -0.07908499985933304 -0.623894989490509 0.28509798645973206
v 0.07908499985933304 -0.623894989490509 0.28509798645973206
v 0.10642299801111221 -0.6160839796066284 -0.3924970030784607
v 0.12985600531101227 -0.6199899911880493 0.283145010471344
v -0.15524199604988098 -0.6141319870948792 -0.39835599064826965
v -0.11813999712467194 -0.6199899911880493 0.28900301456451416
v -0.13962000608444214 -0.6121789813041687 -0.3905450105667114
v -0.12204500287771225 -0.6121789813041687 -0.388592004776001
v -0.10447099804878235 -0.6199899911880493 0.29290899634361267
v -0.09080199897289276 -0.6219419836997986 0.2909559905529022
v 0.09080199897289276 -0.6219419836997986 0.2909559905529022
v 0.10447099804878235 -0.6199899911880493 0.29290899634361267
v 0.11813999712467194 -0.6199899911880493 0.28900301456451416
v 0.13962000608444214 -0.6121789813041687 -0.3905450105667114
v 0.12204500287771225 -0.6121789813041687 -0.388592004776001
v 0.15524199604988098 -0.6141319870948792 -0.39835599064826965
v -0.12204500287771225 -0.5692189931869507 -0.5291879773139954
v -0.13962000608444214 -0.5672659873962402 -0.5252829790115356
v -0.10447099804878235 -0.5692189931869507 -0.5291879773139954
v -0.08689600229263306 -0.5692189931869507 -0.5213770270347595
v -0.10056500136852264 -0.6063209772109985 0.17574499547481537
v -0.08494299650192261 -0.6063209772109985 0.17769800126552582
v 0.08494299650192261 -0.6063209772109985 0.17769800126552582
v 0.10056500136852264 -0.6063209772109985 0.17574499547481537
v 0.10447099804878235 -0.5692189931869507 -0.5291879773139954
v 0.08689600229263306 -0.5692189931869507 -0.5213770270347595
v 0.12204500287771225 -0.5692189931869507 -0.5291879773139954
v 0.13962000608444214 -0.5672659873962402 -0.5252829790115356
v -0.15524199604988098 -0.5653129816055298 -0.5155190229415894
v -0.11618699878454208 -0.6043679714202881 0.17769800126552582
v -0.12985600531101227 -0.6024150252342224 0.18550899624824524
v -0.07127399742603302 -0.6063209772109985 0.18550899624824524
v 0.07127399742603302 -0.6063209772109985 0.18550899624824524
v 0.11618699878454208 -0.6043679714202881 0.17769800126552582
v 0.12985600531101227 -0.6024150252342224 0.18550899624824524
v 0.15524199604988098 -0.5653129816055298 -0.5155190229415894
v -0.07322700321674347 -0.5672659873962402 -0.5077080130577087
v -0.05955800041556358 -0.6043679714202881 0.19527199864387512
v 0.05955800041556358 -0.6043679714202881 0.19527199864387512
v 0.07322700321674347 -0.5672659873962402 -0.5077080130577087
v -0.1669580042362213 -0.5653129816055298 -0.49794501066207886
v -0.1415719985961914 -0.5985100269317627 0.19527199864387512
v -0.051747001707553864 -0.600462019443512 0.2089409977197647
v 0.051747001707553864 -0.600462019443512 0.2089409977197647
v 0.1415719985961914 -0.5985100269317627 0.19527199864387512
v 0.1669580042362213 -0.5653129816055298 -0.49794501066207886
v -0.14938299357891083 -0.5946040153503418 0.2089409977197647
v -0.06346400082111359 -0.5672659873962402 -0.49013400077819824
v 0.06346400082111359 -0.5672659873962402 -0.49013400077819824
v 0.14938299357891083 -0.5946040153503418 0.2089409977197647
v -0.17476899921894073 -0.5848410129547119 -0.47255900502204895
v -0.045889001339673996 -0.5965570211410522 0.226515993475914
v 0.045889001339673996 -0.5965570211410522 0.226515993475914
v 0.17476899921894073 -0.5848410129547119 -0.47255900502204895
v -0.15524199604988098 -0.5906990170478821 0.22456300258636475
v -0.061510998755693436 -0.5867930054664612 -0.4745120108127594
v 0.061510998755693436 -0.5867930054664612 -0.4745120108127594
v 0.15524199604988098 -0.5906990170478821 0.22456300258636475
v -0.045889001339673996 -0.5926520228385925 0.2440900057554245
v 0.045889001339673996 -0.5926520228385925 0.2440900057554245
v -0.1767210066318512 -0.5887460112571716 -0.45107901096343994
v -0.15524199604988098 -0.5867930054664612 0.24213799834251404
v 0.15524199604988098 -0.5867930054664612 0.24213799834251404
v 0.1767210066318512 -0.5887460112571716 -0.45107901096343994
v -0.06541600078344345 -0.5926520228385925 -0.4452210068702698
v -0.04979399964213371 -0.5887460112571716 0.25971201062202454
v 0.04979399964213371 -0.5887460112571716 0.25971201062202454
v 0.06541600078344345 -0.5926520228385925 -0.4452210068702698
v -0.17476899921894073 -0.5906990170478821 -0.42959898710250854
v -0.15133599936962128 -0.5828880071640015 0.2577599883079529
v 0.15133599936962128 -0.5828880071640015 0.2577599883079529
v 0.17476899921894073 -0.5906990170478821 -0.42959898710250854
v -0.14352500438690186 -0.5789830088615417 0.27142900228500366
v -0.05955800041556358 -0.5848410129547119 0.27728700637817383
v 0.05955800041556358 -0.5848410129547119 0.27728700637817383
v 0.14352500438690186 -0.5789830088615417 0.27142900228500366
v -0.07518000155687332 -0.5965570211410522 -0.41983601450920105
v -0.07322700321674347 -0.580935001373291 0.28900301456451416
v 0.07322700321674347 -0.580935001373291 0.28900301456451416
v 0.07518000155687332 -0.5965570211410522 -0.41983601450920105
v -0.16500499844551086 -0.5926520228385925 -0.41007199883461
v -0.13376200199127197 -0.5770300030708313 0.28509798645973206
v -0.08884900063276291 -0.5789830088615417 0.2968139946460724
v 0.08884900063276291 -0.5789830088615417 0.2968139946460724
v 0.13376200199127197 -0.5770300030708313 0.28509798645973206
v 0.16500499844551086 -0.5926520228385925 -0.41007199883461
v -0.1200919970870018 -0.5770300030708313 0.29290899634361267
v -0.10447099804878235 -0.5770300030708313 0.29876700043678284
v -0.08689600229263306 -0.5985100269317627 -0.4042139947414398
v 0.08689600229263306 -0.5985100269317627 -0.4042139947414398
v 0.10447099804878235 -0.5770300030708313 0.29876700043678284
v 0.1200919970870018 -0.5770300030708313 0.29290899634361267
v -0.1025179997086525 -0.5965570211410522 -0.3924970030784607
v 0.1025179997086525 -0.5965570211410522 -0.3924970030784607
v -0.15133599936962128 -0.5946040153503418 -0.3964030146598816
v 0.15133599936962128 -0.5946040153503418 -0.3964030146598816
v -0.13571399450302124 -0.5946040153503418 -0.388592004776001
v -0.1200919970870018 -0.5965570211410522 -0.3866389989852905
v 0.13571399450302124 -0.5946040153503418 -0.388592004776001
v 0.1200919970870018 -0.5965570211410522 -0.3866389989852905
v -0.10056500136852264 -0.5633609890937805 0.16207599639892578
v -0.11813999712467194 -0.5614079833030701 0.16402900218963623
v -0.08494299650192261 -0.5633609890937805 0.16402900218963623
v -0.06932199746370316 -0.5633609890937805 0.17183999717235565
v 0.08494299650192261 -0.5633609890937805 0.16402900218963623
v 0.06932199746370316 -0.5633609890937805 0.17183999717235565
v 0.10056500136852264 -0.5633609890937805 0.16207599639892578
v 0.11813999712467194 -0.5614079833030701 0.16402900218963623
v -0.13180899620056152 -0.5594549775123596 0.17183999717235565
v -0.05760499835014343 -0.5614079833030701 0.18355600535869598
v 0.05760499835014343 -0.5614079833030701 0.18355600535869598
v 0.13180899620056152 -0.5594549775123596 0.17183999717235565
v -0.1454779952764511 -0.5555499792098999 0.18355600535869598
v 0.1454779952764511 -0.5555499792098999 0.18355600535869598
v -0.04784199967980385 -0.5575029850006104 0.19917799532413483
v 0.04784199967980385 -0.5575029850006104 0.19917799532413483
v -0.15328900516033173 -0.5516440272331238 0.19722500443458557
v -0.08299099653959274 -0.5789830088615417 -0.4003080129623413
v -0.06932199746370316 -0.5750769972801208 -0.41593000292778015
v 0.06932199746370316 -0.5750769972801208 -0.41593000292778015
v 0.08299099653959274 -0.5789830088615417 -0.4003080129623413
v 0.15328900516033173 -0.5516440272331238 0.19722500443458557
v -0.09861300140619278 -0.580935001373291 -0.388592004776001
v -0.13376200199127197 -0.5789830088615417 -0.38468700647354126
v -0.11618699878454208 -0.580935001373291 -0.3827340006828308
v -0.05955800041556358 -0.5692189931869507 -0.4393630027770996
v -0.043935999274253845 -0.5535969734191895 0.21675199270248413
v 0.043935999274253845 -0.5535969734191895 0.21675199270248413
v 0.05955800041556358 -0.5692189931869507 -0.4393630027770996
v 0.09861300140619278 -0.580935001373291 -0.388592004776001
v 0.13376200199127197 -0.5789830088615417 -0.38468700647354126
v 0.11618699878454208 -0.580935001373291 -0.3827340006828308
v -0.15133599936962128 -0.5750769972801208 -0.3924970030784607
v -0.16500499844551086 -0.5711719989776611 -0.4061659872531891
v -0.1591469943523407 -0.5457860231399536 0.21480000019073486
v 0.15133599936962128 -0.5750769972801208 -0.3924970030784607
v 0.1591469943523407 -0.5457860231399536 0.21480000019073486
v 0.16500499844551086 -0.5711719989776611 -0.4061659872531891
v -0.05565299838781357 -0.5594549775123596 -0.46474799513816833
v -0.04198399931192398 -0.5496919751167297 0.23627999424934387
v 0.04198399931192398 -0.5496919751167297 0.23627999424934387
v 0.05565299838781357 -0.5594549775123596 -0.46474799513816833
v -0.17476899921894073 -0.5653129816055298 -0.42569398880004883
v -0.1591469943523407 -0.5418810248374939 0.23237399756908417
v 0.1591469943523407 -0.5418810248374939 0.23237399756908417
v 0.17476899921894073 -0.5653129816055298 -0.42569398880004883
v -0.17867399752140045 -0.5594549775123596 -0.4471740126609802
v -0.04784199967980385 -0.5438339710235596 0.25385400652885437
v 0.04784199967980385 -0.5438339710235596 0.25385400652885437
v 0.17867399752140045 -0.5594549775123596 -0.4471740126609802
v -0.15524199604988098 -0.537975013256073 0.24994899332523346
v -0.05955800041556358 -0.5477390289306641 -0.48622798919677734
v 0.05955800041556358 -0.5477390289306641 -0.48622798919677734
v 0.15524199604988098 -0.537975013256073 0.24994899332523346
v -0.1767210066318512 -0.5516440272331238 -0.4706059992313385
v -0.05760499835014343 -0.5399280190467834 0.27142900228500366
v 0.05760499835014343 -0.5399280190467834 0.27142900228500366
v 0.1767210066318512 -0.5516440272331238 -0.4706059992313385
v -0.14743100106716156 -0.5340700149536133 0.2655700147151947
v 0.14743100106716156 -0.5340700149536133 0.2655700147151947
v -0.09666000306606293 -0.5653129816055298 -0.38078099489212036
v -0.13376200199127197 -0.5633609890937805 -0.37687599658966064
v -0.11618699878454208 -0.5653129816055298 -0.3749229907989502
v -0.07908499985933304 -0.5633609890937805 -0.3905450105667114
v -0.07127399742603302 -0.5360230207443237 0.283145010471344
v 0.07127399742603302 -0.5360230207443237 0.283145010471344
v 0.09666000306606293 -0.5653129816055298 -0.38078099489212036
v 0.07908499985933304 -0.5633609890937805 -0.3905450105667114
v 0.13376200199127197 -0.5633609890937805 -0.37687599658966064
v 0.11618699878454208 -0.5653129816055298 -0.3749229907989502
v -0.13571399450302124 -0.5321170091629028 0.2792389988899231
v -0.15133599936962128 -0.5594549775123596 -0.38468700647354126
v -0.08689600229263306 -0.5340700149536133 0.2909559905529022
v -0.06541600078344345 -0.5555499792098999 -0.4061659872531891
v 0.06541600078344345 -0.5555499792098999 -0.4061659872531891
v 0.08689600229263306 -0.5340700149536133 0.2909559905529022
v 0.15133599936962128 -0.5594549775123596 -0.38468700647354126
v 0.13571399450302124 -0.5321170091629028 0.2792389988899231
v -0.12204500287771225 -0.5321170091629028 0.28900301456451416
v -0.10447099804878235 -0.5321170091629028 0.29290899634361267
v 0.10447099804878235 -0.5321170091629028 0.29290899634361267
v 0.12204500287771225 -0.5321170091629028 0.28900301456451416
v -0.1669580042362213 -0.5516440272331238 -0.39835599064826965
v -0.05565299838781357 -0.5457860231399536 -0.4276460111141205
v 0.05565299838781357 -0.5457860231399536 -0.4276460111141205
v 0.1669580042362213 -0.5516440272331238 -0.39835599064826965
v -0.1200919970870018 -0.5438339710235596 -0.536998987197876
v -0.1376670002937317 -0.5438339710235596 -0.5311409831047058
v -0.1025179997086525 -0.5438339710235596 -0.5350459814071655
v -0.08494299650192261 -0.5438339710235596 -0.5272349715232849
v -0.051747001707553864 -0.5340700149536133 -0.45107901096343994
v 0.051747001707553864 -0.5340700149536133 -0.45107901096343994
v 0.1025179997086525 -0.5438339710235596 -0.5350459814071655
v 0.08494299650192261 -0.5438339710235596 -0.5272349715232849
v 0.1200919970870018 -0.5438339710235596 -0.536998987197876
v 0.1376670002937317 -0.5438339710235596 -0.5311409831047058
v -0.15524199604988098 -0.5418810248374939 -0.5194240212440491
v -0.07127399742603302 -0.5438339710235596 -0.5116140246391296
v 0.07127399742603302 -0.5438339710235596 -0.5116140246391296
v 0.15524199604988098 -0.5418810248374939 -0.5194240212440491
v -0.1767210066318512 -0.5438339710235596 -0.41593000292778015
v -0.1669580042362213 -0.5438339710235596 -0.5018500089645386
v -0.09470699727535248 -0.5516440272331238 -0.36711201071739197
v -0.13376200199127197 -0.5496919751167297 -0.3651590049266815
v -0.11423400044441223 -0.5516440272331238 -0.36320701241493225
v -0.07713299989700317 -0.5477390289306641 -0.37687599658966064
v 0.09470699727535248 -0.5516440272331238 -0.36711201071739197
v 0.07713299989700317 -0.5477390289306641 -0.37687599658966064
v 0.13376200199127197 -0.5496919751167297 -0.3651590049266815
v 0.11423400044441223 -0.5516440272331238 -0.36320701241493225
v 0.1669580042362213 -0.5438339710235596 -0.5018500089645386
v 0.1767210066318512 -0.5438339710235596 -0.41593000292778015
v -0.15133599936962128 -0.5438339710235596 -0.37297001481056213
v -0.10447099804878235 -0.5282120108604431 0.1484069973230362
v -0.12204500287771225 -0.5262590050697327 0.1523119956254959
v -0.08689600229263306 -0.5282120108604431 0.1523119956254959
v -0.06346400082111359 -0.537975013256073 -0.3924970030784607
v -0.06932199746370316 -0.5282120108604431 0.16012300550937653
v 0.08689600229263306 -0.5282120108604431 0.1523119956254959
v 0.06932199746370316 -0.5282120108604431 0.16012300550937653
v 0.06346400082111359 -0.537975013256073 -0.3924970030784607
v 0.10447099804878235 -0.5282120108604431 0.1484069973230362
v 0.12204500287771225 -0.5262590050697327 0.1523119956254959
v 0.15133599936962128 -0.5438339710235596 -0.37297001481056213
v -0.1376670002937317 -0.522354006767273 0.16012300550937653
v -0.05760499835014343 -0.5262590050697327 0.17183999717235565
v 0.05760499835014343 -0.5262590050697327 0.17183999717235565
v 0.1376670002937317 -0.522354006767273 0.16012300550937653
v -0.1806270033121109 -0.5340700149536133 -0.43740999698638916
v -0.1669580042362213 -0.5360230207443237 -0.38468700647354126
v -0.15133599936962128 -0.518447995185852 0.1737920045852661
v -0.053700000047683716 -0.522354006767273 -0.4706059992313385
v 0.053700000047683716 -0.522354006767273 -0.4706059992313385
v 0.15133599936962128 -0.518447995185852 0.1737920045852661
v 0.1669580042362213 -0.5360230207443237 -0.38468700647354126
v 0.1806270033121109 -0.5340700149536133 -0.43740999698638916
v -0.04784199967980385 -0.522354006767273 0.18941399455070496
v 0.04784199967980385 -0.522354006767273 0.18941399455070496
v -0.16110000014305115 -0.5145429968833923 0.18941399455070496
v -0.053700000047683716 -0.5262590050697327 -0.41007199883461
v 0.053700000047683716 -0.5262590050697327 -0.41007199883461
v 0.16110000014305115 -0.5145429968833923 0.18941399455070496
v -0.04198399931192398 -0.518447995185852 0.2089409977197647
v 0.04198399931192398 -0.518447995185852 0.2089409977197647
v -0.17476899921894073 -0.5204010009765625 -0.4823229908943176
v -0.1806270033121109 -0.5243059992790222 -0.45888999104499817
v -0.1669580042362213 -0.508683979511261 0.2089409977197647
v -0.09470699727535248 -0.5360230207443237 -0.347584992647171
v -0.13376200199127197 -0.5360230207443237 -0.34563198685646057
v -0.11423400044441223 -0.537975013256073 -0.3436790108680725
v -0.07518000155687332 -0.5301640033721924 -0.35539600253105164
v 0.09470699727535248 -0.5360230207443237 -0.347584992647171
v 0.07518000155687332 -0.5301640033721924 -0.35539600253105164
v 0.13376200199127197 -0.5360230207443237 -0.34563198685646057
v 0.11423400044441223 -0.537975013256073 -0.3436790108680725
v 0.1669580042362213 -0.508683979511261 0.2089409977197647
v 0.17476899921894073 -0.5204010009765625 -0.4823229908943176
v 0.1806270033121109 -0.5243059992790222 -0.45888999104499817
v -0.15133599936962128 -0.5282120108604431 -0.3534429967403412
v -0.04198399931192398 -0.5125899910926819 0.22846899926662445
v 0.04198399931192398 -0.5125899910926819 0.22846899926662445
v 0.15133599936962128 -0.5282120108604431 -0.3534429967403412
v -0.061510998755693436 -0.5204010009765625 -0.36906498670578003
v -0.06932199746370316 -0.5204010009765625 -0.5116140246391296
v -0.061510998755693436 -0.5106369853019714 -0.4920859932899475
v 0.06932199746370316 -0.5204010009765625 -0.5116140246391296
v 0.061510998755693436 -0.5106369853019714 -0.4920859932899475
v 0.061510998755693436 -0.5204010009765625 -0.36906498670578003
v -0.1669580042362213 -0.5047789812088013 0.22846899926662445
v -0.04784199967980385 -0.5125899910926819 -0.42959898710250854
v 0.04784199967980385 -0.5125899910926819 -0.42959898710250854
v 0.1669580042362213 -0.5047789812088013 0.22846899926662445
v -0.1767210066318512 -0.5243059992790222 -0.40226098895072937
v -0.16891099512577057 -0.5204010009765625 -0.4998970031738281
v -0.1669580042362213 -0.518447995185852 -0.3651590049266815
v -0.1376670002937317 -0.518447995185852 -0.5311409831047058
v -0.15524199604988098 -0.518447995185852 -0.5194240212440491
v -0.1200919970870018 -0.518447995185852 -0.536998987197876
v -0.1025179997086525 -0.518447995185852 -0.5350459814071655
v -0.08494299650192261 -0.518447995185852 -0.5272349715232849
v -0.045889001339673996 -0.5067319869995117 0.2479960024356842
v 0.045889001339673996 -0.5067319869995117 0.2479960024356842
v 0.08494299650192261 -0.518447995185852 -0.5272349715232849
v 0.1025179997086525 -0.518447995185852 -0.5350459814071655
v 0.1200919970870018 -0.518447995185852 -0.536998987197876
v 0.1376670002937317 -0.518447995185852 -0.5311409831047058
v 0.15524199604988098 -0.518447995185852 -0.5194240212440491
v 0.1669580042362213 -0.518447995185852 -0.3651590049266815
v 0.16891099512577057 -0.5204010009765625 -0.4998970031738281
v 0.1767210066318512 -0.5243059992790222 -0.40226098895072937
v -0.16305199265480042 -0.4989210069179535 0.2479960024356842
v 0.16305199265480042 -0.4989210069179535 0.2479960024356842
v -0.05760499835014343 -0.5028259754180908 0.2655700147151947
v 0.05760499835014343 -0.5028259754180908 0.2655700147151947
v -0.15328900516033173 -0.4950149953365326 0.2655700147151947
v -0.13376200199127197 -0.5204010009765625 -0.3182939887046814
v -0.09275399893522263 -0.5204010009765625 -0.3182939887046814
v -0.11423400044441223 -0.522354006767273 -0.31634101271629333
v -0.051747001707553864 -0.5067319869995117 -0.38468700647354126
v 0.051747001707553864 -0.5067319869995117 -0.38468700647354126
v 0.09275399893522263 -0.5204010009765625 -0.3182939887046814
v 0.13376200199127197 -0.5204010009765625 -0.3182939887046814
v 0.11423400044441223 -0.522354006767273 -0.31634101271629333
v 0.15328900516033173 -0.4950149953365326 0.2655700147151947
v -0.15133599936962128 -0.5125899910926819 -0.326104998588562
v -0.07518000155687332 -0.5125899910926819 -0.326104998588562
v -0.07127399742603302 -0.4989210069179535 0.28119200468063354
v 0.07127399742603302 -0.4989210069179535 0.28119200468063354
v 0.07518000155687332 -0.5125899910926819 -0.326104998588562
v 0.15133599936962128 -0.5125899910926819 -0.326104998588562
v -0.18257999420166016 -0.5106369853019714 -0.41983601450920105
v -0.13962000608444214 -0.4930630028247833 0.2792389988899231
v -0.08884900063276291 -0.4950149953365326 0.28900301456451416
v -0.04979399964213371 -0.49696800112724304 -0.4491260051727295
v 0.04979399964213371 -0.49696800112724304 -0.4491260051727295
v 0.08884900063276291 -0.4950149953365326 0.28900301456451416
v 0.13962000608444214 -0.4930630028247833 0.2792389988899231
v 0.18257999420166016 -0.5106369853019714 -0.41983601450920105
v -0.1239980012178421 -0.4930630028247833 0.28900301456451416
v -0.10642299801111221 -0.4930630028247833 0.29290899634361267
v 0.10642299801111221 -0.4930630028247833 0.29290899634361267
v 0.1239980012178421 -0.4930630028247833 0.28900301456451416
v -0.05955800041556358 -0.5028259754180908 -0.33782100677490234
v 0.05955800041556358 -0.5028259754180908 -0.33782100677490234
v -0.1669580042362213 -0.5008739829063416 -0.33782100677490234
v -0.10837599635124207 -0.4501030147075653 0.11716300249099731
v -0.12790299952030182 -0.44815000891685486 0.12106899917125702
v -0.08884900063276291 -0.4520550072193146 0.12106899917125702
v -0.07127399742603302 -0.4520550072193146 0.1308320015668869
v 0.08884900063276291 -0.4520550072193146 0.12106899917125702
v 0.07127399742603302 -0.4520550072193146 0.1308320015668869
v 0.10837599635124207 -0.4501030147075653 0.11716300249099731
v 0.12790299952030182 -0.44815000891685486 0.12106899917125702
v 0.1669580042362213 -0.5008739829063416 -0.33782100677490234
v -0.14743100106716156 -0.44424501061439514 0.1308320015668869
v -0.05565299838781357 -0.4501030147075653 0.14645400643348694
v -0.045889001339673996 -0.4911099970340729 -0.40226098895072937
v 0.045889001339673996 -0.4911099970340729 -0.40226098895072937
v 0.05565299838781357 -0.4501030147075653 0.14645400643348694
v 0.14743100106716156 -0.44424501061439514 0.1308320015668869
v -0.1806270033121109 -0.49696800112724304 -0.44131600856781006
v -0.1767210066318512 -0.5047789812088013 -0.38078099489212036
v 0.1767210066318512 -0.5047789812088013 -0.38078099489212036
v 0.1806270033121109 -0.49696800112724304 -0.44131600856781006
v -0.16305199265480042 -0.4383859932422638 0.14645400643348694
v -0.13376200199127197 -0.4950149953365326 -0.27142900228500366
v -0.09275399893522263 -0.4950149953365326 -0.27142900228500366
v -0.11228200048208237 -0.49696800112724304 -0.2694759964942932
v -0.05760499835014343 -0.4852519929409027 -0.4667010009288788
v -0.043935999274253845 -0.44815000891685486 0.16598199307918549
v 0.043935999274253845 -0.44815000891685486 0.16598199307918549
v 0.05760499835014343 -0.4852519929409027 -0.4667010009288788
v 0.09275399893522263 -0.4950149953365326 -0.27142900228500366
v 0.13376200199127197 -0.4950149953365326 -0.27142900228500366
v 0.11228200048208237 -0.49696800112724304 -0.2694759964942932
v 0.16305199265480042 -0.4383859932422638 0.14645400643348694
v -0.16500499844551086 -0.5008739829063416 -0.5018500089645386
v -0.1767210066318512 -0.48329898715019226 -0.45888999104499817
v -0.15133599936962128 -0.48720499873161316 -0.2792389988899231
v -0.07322700321674347 -0.48720499873161316 -0.2792389988899231
v -0.08299099653959274 -0.4989210069179535 -0.5194240212440491
v -0.07127399742603302 -0.5008739829063416 -0.5077080130577087
v -0.04979399964213371 -0.48720499873161316 -0.3534429967403412
v 0.04979399964213371 -0.48720499873161316 -0.3534429967403412
v 0.08299099653959274 -0.4989210069179535 -0.5194240212440491
v 0.07127399742603302 -0.5008739829063416 -0.5077080130577087
v 0.07322700321674347 -0.48720499873161316 -0.2792389988899231
v 0.15133599936962128 -0.48720499873161316 -0.2792389988899231
v 0.16500499844551086 -0.5008739829063416 -0.5018500089645386
v 0.1767210066318512 -0.48329898715019226 -0.45888999104499817
v -0.15328900516033173 -0.4989210069179535 -0.5155190229415894
v -0.17476899921894073 -0.43252798914909363 0.16598199307918549
v -0.1376670002937317 -0.49696800112724304 -0.5252829790115356
v -0.1200919970870018 -0.49696800112724304 -0.5291879773139954
v -0.1025179997086525 -0.49696800112724304 -0.5272349715232849
v -0.03807799890637398 -0.44424501061439514 0.18941399455070496
v 0.03807799890637398 -0.44424501061439514 0.18941399455070496
v 0.1025179997086525 -0.49696800112724304 -0.5272349715232849
v 0.1200919970870018 -0.49696800112724304 -0.5291879773139954
v 0.1376670002937317 -0.49696800112724304 -0.5252829790115356
v 0.15328900516033173 -0.4989210069179535 -0.5155190229415894
v 0.17476899921894073 -0.43252798914909363 0.16598199307918549
v -0.18257999420166016 -0.42667001485824585 0.18941399455070496
v 0.18257999420166016 -0.42667001485824585 0.18941399455070496
v -0.1669580042362213 -0.47548800706863403 -0.2909559905529022
v -0.05760499835014343 -0.47548800706863403 -0.2909559905529022
v -0.04784199967980385 -0.47548800706863403 -0.41983601450920105
v -0.036125000566244125 -0.44033899903297424 0.21480000019073486
v 0.036125000566244125 -0.44033899903297424 0.21480000019073486
v 0.04784199967980385 -0.47548800706863403 -0.41983601450920105
v 0.05760499835014343 -0.47548800706863403 -0.2909559905529022
v 0.1669580042362213 -0.47548800706863403 -0.2909559905529022
v -0.18257999420166016 -0.4911099970340729 -0.3964030146598816
v -0.06932199746370316 -0.4735350012779236 -0.4823229908943176
v 0.06932199746370316 -0.4735350012779236 -0.4823229908943176
v 0.18257999420166016 -0.4911099970340729 -0.3964030146598816
v -0.18453200161457062 -0.4208120107650757 0.21480000019073486
v 0.18453200161457062 -0.4208120107650757 0.21480000019073486
v -0.043935999274253845 -0.4715830087661743 -0.36906498670578003
v -0.04198399931192398 -0.4364340007305145 0.2401849925518036
v 0.04198399931192398 -0.4364340007305145 0.2401849925518036
v 0.043935999274253845 -0.4715830087661743 -0.36906498670578003
v -0.17867399752140045 -0.48720499873161316 -0.35148999094963074
v -0.1806270033121109 -0.4169059991836548 0.23823200166225433
v 0.1806270033121109 -0.4169059991836548 0.23823200166225433
v 0.17867399752140045 -0.48720499873161316 -0.35148999094963074
v -0.045889001339673996 -0.4598659873008728 -0.3085300028324127
v -0.053700000047683716 -0.454008013010025 0.2616649866104126
v 0.053700000047683716 -0.454008013010025 0.2616649866104126
v 0.045889001339673996 -0.4598659873008728 -0.3085300028324127
v -0.1669580042362213 -0.4715830087661743 -0.4745120108127594
v -0.08494299650192261 -0.46572500467300415 -0.4920859932899475
v 0.08494299650192261 -0.46572500467300415 -0.4920859932899475
v 0.1669580042362213 -0.4715830087661743 -0.4745120108127594
v -0.16891099512577057 -0.41300100088119507 0.26361799240112305
v -0.15328900516033173 -0.4637719988822937 -0.48622798919677734
v -0.1025179997086525 -0.4598659873008728 -0.49794501066207886
v -0.06932199746370316 -0.4559609889984131 0.2792389988899231
v 0.06932199746370316 -0.4559609889984131 0.2792389988899231
v 0.1025179997086525 -0.4598659873008728 -0.49794501066207886
v 0.15328900516033173 -0.4637719988822937 -0.48622798919677734
v 0.16891099512577057 -0.41300100088119507 0.26361799240112305
v -0.18257999420166016 -0.47548800706863403 -0.4139769971370697
v -0.1376670002937317 -0.4598659873008728 -0.4959920048713684
v -0.1200919970870018 -0.45791399478912354 -0.4998970031738281
v -0.13376200199127197 -0.46963000297546387 -0.23237399756908417
v -0.09080199897289276 -0.46963000297546387 -0.23237399756908417
v -0.11228200048208237 -0.4715830087661743 -0.2304210066795349
v -0.05565299838781357 -0.4598659873008728 -0.43740999698638916
v 0.05565299838781357 -0.4598659873008728 -0.43740999698638916
v 0.1200919970870018 -0.45791399478912354 -0.4998970031738281
v 0.09080199897289276 -0.46963000297546387 -0.23237399756908417
v 0.13376200199127197 -0.46963000297546387 -0.23237399756908417
v 0.11228200048208237 -0.4715830087661743 -0.2304210066795349
v 0.1376670002937317 -0.4598659873008728 -0.4959920048713684
v 0.18257999420166016 -0.47548800706863403 -0.4139769971370697
v -0.14743100106716156 -0.4364340007305145 0.283145010471344
v -0.15328900516033173 -0.46181899309158325 -0.2401849925518036
v -0.07127399742603302 -0.46181899309158325 -0.2401849925518036
v -0.08884900063276291 -0.45791399478912354 0.2909559905529022
v 0.08884900063276291 -0.45791399478912354 0.2909559905529022
v 0.07127399742603302 -0.46181899309158325 -0.2401849925518036
v 0.15328900516033173 -0.46181899309158325 -0.2401849925518036
v 0.14743100106716156 -0.4364340007305145 0.283145010471344
v -0.12790299952030182 -0.45791399478912354 0.2909559905529022
v -0.10837599635124207 -0.45791399478912354 0.29486098885536194
v 0.10837599635124207 -0.45791399478912354 0.29486098885536194
v 0.12790299952030182 -0.45791399478912354 0.2909559905529022
v -0.18453200161457062 -0.46963000297546387 -0.36711201071739197
v -0.045889001339673996 -0.454008013010025 -0.388592004776001
v 0.045889001339673996 -0.454008013010025 -0.388592004776001
v 0.18453200161457062 -0.46963000297546387 -0.36711201071739197
v -0.1806270033121109 -0.4598659873008728 -0.30657801032066345
v -0.17086300253868103 -0.44815000891685486 -0.2519010007381439
v -0.05565299838781357 -0.44815000891685486 -0.2519010007381439
v -0.04003100097179413 -0.4422920048236847 -0.32805800437927246
v 0.04003100097179413 -0.4422920048236847 -0.32805800437927246
v 0.05565299838781357 -0.44815000891685486 -0.2519010007381439
v 0.17086300253868103 -0.44815000891685486 -0.2519010007381439
v 0.1806270033121109 -0.4598659873008728 -0.30657801032066345
v -0.0673689991235733 -0.4461970031261444 -0.453031986951828
v 0.0673689991235733 -0.4461970031261444 -0.453031986951828
v -0.1767210066318512 -0.4598659873008728 -0.431551992893219
v 0.1767210066318512 -0.4598659873008728 -0.431551992893219
v -0.18648500740528107 -0.454008013010025 -0.3866389989852905
v -0.04198399931192398 -0.43252798914909363 -0.26752299070358276
v -0.051747001707553864 -0.4383859932422638 -0.40811899304389954
v 0.051747001707553864 -0.4383859932422638 -0.40811899304389954
v 0.04198399931192398 -0.43252798914909363 -0.26752299070358276
v 0.18648500740528107 -0.454008013010025 -0.3866389989852905
v -0.08299099653959274 -0.4364340007305145 -0.46474799513816833
v 0.08299099653959274 -0.4364340007305145 -0.46474799513816833
v -0.1669580042362213 -0.4461970031261444 -0.4471740126609802
v -0.13376200199127197 -0.4461970031261444 -0.20113100111484528
v -0.09080199897289276 -0.4461970031261444 -0.20113100111484528
v -0.11228200048208237 -0.44815000891685486 -0.19917799532413483
v -0.03807799890637398 -0.4247170090675354 -0.34953799843788147
v 0.03807799890637398 -0.4247170090675354 -0.34953799843788147
v 0.09080199897289276 -0.4461970031261444 -0.20113100111484528
v 0.13376200199127197 -0.4461970031261444 -0.20113100111484528
v 0.11228200048208237 -0.44815000891685486 -0.19917799532413483
v 0.1669580042362213 -0.4461970031261444 -0.4471740126609802
v -0.18843799829483032 -0.4422920048236847 -0.326104998588562
v -0.15524199604988098 -0.4383859932422638 -0.2089409977197647
v -0.07127399742603302 -0.4383859932422638 -0.2089409977197647
v 0.07127399742603302 -0.4383859932422638 -0.2089409977197647
v 0.15524199604988098 -0.4383859932422638 -0.2089409977197647
v 0.18843799829483032 -0.4422920048236847 -0.326104998588562
v -0.10056500136852264 -0.43057599663734436 -0.47255900502204895
v 0.10056500136852264 -0.43057599663734436 -0.47255900502204895
v -0.15328900516033173 -0.4364340007305145 -0.4608429968357086
v 0.15328900516033173 -0.4364340007305145 -0.4608429968357086
v -0.17281599342823029 -0.42667001485824585 -0.22065800428390503
v -0.053700000047683716 -0.42667001485824585 -0.22065800428390503
v 0.053700000047683716 -0.42667001485824585 -0.22065800428390503
v 0.17281599342823029 -0.42667001485824585 -0.22065800428390503
v -0.18453200161457062 -0.43252798914909363 -0.26752299070358276
v -0.1806270033121109 -0.4364340007305145 -0.4042139947414398
v -0.1376670002937317 -0.43057599663734436 -0.4706059992313385
v -0.1200919970870018 -0.4286229908466339 -0.4745120108127594
v -0.06346400082111359 -0.4247170090675354 -0.4276460111141205
v -0.03417300060391426 -0.41300100088119507 -0.2870500087738037
v 0.03417300060391426 -0.41300100088119507 -0.2870500087738037
v 0.06346400082111359 -0.4247170090675354 -0.4276460111141205
v 0.1200919970870018 -0.4286229908466339 -0.4745120108127594
v 0.1376670002937317 -0.43057599663734436 -0.4706059992313385
v 0.1806270033121109 -0.4364340007305145 -0.4042139947414398
v 0.18453200161457062 -0.43252798914909363 -0.26752299070358276
v -0.11032900214195251 -0.42276498675346375 0.3007189929485321
v -0.13180899620056152 -0.4208120107650757 0.2968139946460724
v -0.08884900063276291 -0.42276498675346375 0.2968139946460724
v -0.06932199746370316 -0.4208120107650757 0.28509798645973206
v 0.08884900063276291 -0.42276498675346375 0.2968139946460724
v 0.06932199746370316 -0.4208120107650757 0.28509798645973206
v 0.11032900214195251 -0.42276498675346375 0.3007189929485321
v 0.13180899620056152 -0.4208120107650757 0.2968139946460724
v -0.051747001707553864 -0.41885900497436523 0.2655700147151947
v 0.051747001707553864 -0.41885900497436523 0.2655700147151947
v -0.19234299659729004 -0.42276498675346375 -0.34563198685646057
v -0.18648500740528107 -0.4247170090675354 -0.3866389989852905
v -0.036125000566244125 -0.4149540066719055 0.2401849925518036
v -0.045889001339673996 -0.4247170090675354 -0.3924970030784607
v 0.045889001339673996 -0.4247170090675354 -0.3924970030784607
v 0.036125000566244125 -0.4149540066719055 0.2401849925518036
v 0.19234299659729004 -0.42276498675346375 -0.34563198685646057
v 0.18648500740528107 -0.4247170090675354 -0.3866389989852905
v -0.08689600229263306 -0.4149540066719055 0.10740000009536743
v -0.10837599635124207 -0.41300100088119507 0.10349400341510773
v -0.0673689991235733 -0.4149540066719055 0.11911600083112717
v 0.08689600229263306 -0.4149540066719055 0.10740000009536743
v 0.0673689991235733 -0.4149540066719055 0.11911600083112717
v 0.10837599635124207 -0.41300100088119507 0.10349400341510773
v -0.12985600531101227 -0.40909600257873535 0.10740000009536743
v -0.051747001707553864 -0.4149540066719055 0.13669100403785706
v 0.051747001707553864 -0.4149540066719055 0.13669100403785706
v 0.12985600531101227 -0.40909600257873535 0.10740000009536743
v -0.18843799829483032 -0.40909600257873535 -0.23627999424934387
v -0.14938299357891083 -0.40518999099731445 0.11716300249099731
v -0.13571399450302124 -0.4208120107650757 -0.17574499547481537
v -0.09080199897289276 -0.4208120107650757 -0.17574499547481537
v -0.11228200048208237 -0.4247170090675354 -0.1737920045852661
v -0.030267000198364258 -0.3934740126132965 -0.2226099967956543
v -0.03807799890637398 -0.39542698860168457 0.1484069973230362
v 0.03807799890637398 -0.39542698860168457 0.1484069973230362
v 0.030267000198364258 -0.3934740126132965 -0.2226099967956543
v 0.09080199897289276 -0.4208120107650757 -0.17574499547481537
v 0.13571399450302124 -0.4208120107650757 -0.17574499547481537
v 0.11228200048208237 -0.4247170090675354 -0.1737920045852661
v 0.14938299357891083 -0.40518999099731445 0.11716300249099731
v 0.18843799829483032 -0.40909600257873535 -0.23627999424934387
v -0.17086300253868103 -0.42276498675346375 -0.42374101281166077
v -0.15719400346279144 -0.41300100088119507 -0.18160299956798553
v -0.06932199746370316 -0.41300100088119507 -0.18160299956798553
v -0.07908499985933304 -0.41300100088119507 -0.4432680010795593
v 0.07908499985933304 -0.41300100088119507 -0.4432680010795593
v 0.06932199746370316 -0.41300100088119507 -0.18160299956798553
v 0.15719400346279144 -0.41300100088119507 -0.18160299956798553
v 0.17086300253868103 -0.42276498675346375 -0.42374101281166077
v -0.1669580042362213 -0.3993319869041443 0.13278500735759735
v -0.028313999995589256 -0.3934740126132965 0.1737920045852661
v 0.028313999995589256 -0.3934740126132965 0.1737920045852661
v 0.1669580042362213 -0.3993319869041443 0.13278500735759735
v -0.19624899327754974 -0.41300100088119507 -0.2870500087738037
v -0.03221999853849411 -0.3973790109157562 -0.3124360144138336
v 0.03221999853849411 -0.3973790109157562 -0.3124360144138336
v 0.19624899327754974 -0.41300100088119507 -0.2870500087738037
v -0.028313999995589256 -0.3934740126132965 0.20308299362659454
v 0.028313999995589256 -0.3934740126132965 0.20308299362659454
v -0.1806270033121109 -0.39152100682258606 0.15426500141620636
v -0.17476899921894073 -0.40128499269485474 -0.1913670003414154
v -0.04784199967980385 -0.39152100682258606 -0.18550899624824524
v -0.05760499835014343 -0.40909600257873535 -0.4139769971370697
v 0.05760499835014343 -0.40909600257873535 -0.4139769971370697
v 0.04784199967980385 -0.39152100682258606 -0.18550899624824524
v 0.17476899921894073 -0.40128499269485474 -0.1913670003414154
v 0.1806270033121109 -0.39152100682258606 0.15426500141620636
v -0.15719400346279144 -0.4110479950904846 -0.44131600856781006
v -0.15524199604988098 -0.3895680010318756 0.29290899634361267
v -0.09861300140619278 -0.4071429967880249 -0.453031986951828
v 0.09861300140619278 -0.4071429967880249 -0.453031986951828
v 0.15524199604988098 -0.3895680010318756 0.29290899634361267
v 0.15719400346279144 -0.4110479950904846 -0.44131600856781006
v -0.20015400648117065 -0.3895680010318756 -0.25385400652885437
v -0.18843799829483032 -0.3856630027294159 0.17965100705623627
v -0.026362000033259392 -0.3895680010318756 -0.24994899332523346
v 0.026362000033259392 -0.3895680010318756 -0.24994899332523346
v 0.18843799829483032 -0.3856630027294159 0.17965100705623627
v 0.20015400648117065 -0.3895680010318756 -0.25385400652885437
v -0.13962000608444214 -0.40518999099731445 -0.45107901096343994
v -0.1200919970870018 -0.403236985206604 -0.45498499274253845
v 0.1200919970870018 -0.403236985206604 -0.45498499274253845
v 0.13962000608444214 -0.40518999099731445 -0.45107901096343994
v -0.19234299659729004 -0.3798049986362457 0.20698900520801544
v -0.19039100408554077 -0.3856630027294159 -0.205035999417305
v 0.19039100408554077 -0.3856630027294159 -0.205035999417305
v 0.19234299659729004 -0.3798049986362457 0.20698900520801544
v -0.1942960023880005 -0.40128499269485474 -0.36320701241493225
v -0.17476899921894073 -0.40909600257873535 -0.4139769971370697
v -0.18648500740528107 -0.39542698860168457 -0.3905450105667114
v -0.13571399450302124 -0.3934740126132965 -0.15036000311374664
v -0.09080199897289276 -0.3934740126132965 -0.15036000311374664
v -0.11228200048208237 -0.39542698860168457 -0.1484069973230362
v -0.07518000155687332 -0.3973790109157562 -0.431551992893219
v -0.04003100097179413 -0.403236985206604 -0.36711201071739197
v -0.04784199967980385 -0.3934740126132965 -0.39445000886917114
v -0.03221999853849411 -0.38370999693870544 -0.3397740125656128
v 0.04003100097179413 -0.403236985206604 -0.36711201071739197
v 0.03221999853849411 -0.38370999693870544 -0.3397740125656128
v 0.04784199967980385 -0.3934740126132965 -0.39445000886917114
v 0.07518000155687332 -0.3973790109157562 -0.431551992893219
v 0.09080199897289276 -0.3934740126132965 -0.15036000311374664
v 0.13571399450302124 -0.3934740126132965 -0.15036000311374664
v 0.11228200048208237 -0.39542698860168457 -0.1484069973230362
v 0.17476899921894073 -0.40909600257873535 -0.4139769971370697
v 0.1942960023880005 -0.40128499269485474 -0.36320701241493225
v 0.18648500740528107 -0.39542698860168457 -0.3905450105667114
v -0.2021069973707199 -0.3934740126132965 -0.31048300862312317
v -0.09080199897289276 -0.3895680010318756 0.30657801032066345
v -0.11423400044441223 -0.38761600852012634 0.31048300862312317
v -0.06932199746370316 -0.3895680010318756 0.29486098885536194
v 0.09080199897289276 -0.3895680010318756 0.30657801032066345
v 0.06932199746370316 -0.3895680010318756 0.29486098885536194
v 0.11423400044441223 -0.38761600852012634 0.31048300862312317
v 0.2021069973707199 -0.3934740126132965 -0.31048300862312317
v -0.18843799829483032 -0.37394699454307556 0.23237399756908417
v -0.15719400346279144 -0.3856630027294159 -0.1562180072069168
v -0.13571399450302124 -0.38370999693870544 0.30657801032066345
v -0.06932199746370316 -0.38370999693870544 -0.1562180072069168
v -0.04979399964213371 -0.3895680010318756 0.27728700637817383
v 0.04979399964213371 -0.3895680010318756 0.27728700637817383
v 0.06932199746370316 -0.38370999693870544 -0.1562180072069168
v 0.13571399450302124 -0.38370999693870544 0.30657801032066345
v 0.15719400346279144 -0.3856630027294159 -0.1562180072069168
v 0.18843799829483032 -0.37394699454307556 0.23237399756908417
v -0.03221999853849411 -0.381756991147995 0.2558070123195648
v 0.03221999853849411 -0.381756991147995 0.2558070123195648
v -0.1806270033121109 -0.3680880069732666 0.2616649866104126
v 0.1806270033121109 -0.3680880069732666 0.2616649866104126
v -0.08103799819946289 -0.3719939887523651 0.09373100101947784
v -0.10642299801111221 -0.35637199878692627 0.08201400190591812
v -0.061510998755693436 -0.38370999693870544 0.11130499839782715
v -0.04784199967980385 -0.3895680010318756 0.12692700326442719
v -0.028313999995589256 -0.38761600852012634 0.23237399756908417
v 0.028313999995589256 -0.38761600852012634 0.23237399756908417
v 0.061510998755693436 -0.38370999693870544 0.11130499839782715
v 0.04784199967980385 -0.3895680010318756 0.12692700326442719
v 0.08103799819946289 -0.3719939887523651 0.09373100101947784
v 0.10642299801111221 -0.35637199878692627 0.08201400190591812
v -0.2118699997663498 -0.36613601446151733 -0.27338099479675293
v -0.17281599342823029 -0.33879798650741577 0.29290899634361267
v -0.17476899921894073 -0.37394699454307556 -0.16402900218963623
v -0.12595100700855255 -0.3466080129146576 0.08396700024604797
v -0.09470699727535248 -0.3895680010318756 -0.4452210068702698
v -0.02440899983048439 -0.381756991147995 -0.28509798645973206
v 0.02440899983048439 -0.381756991147995 -0.28509798645973206
v 0.09470699727535248 -0.3895680010318756 -0.4452210068702698
v 0.12595100700855255 -0.3466080129146576 0.08396700024604797
v 0.17476899921894073 -0.37394699454307556 -0.16402900218963623
v 0.17281599342823029 -0.33879798650741577 0.29290899634361267
v 0.21187099814414978 -0.36613601446151733 -0.27338099479675293
v -0.1591469943523407 -0.3973790109157562 -0.431551992893219
v 0.1591469943523407 -0.3973790109157562 -0.431551992893219
v -0.20406000316143036 -0.36613601446151733 -0.22065800428390503
v -0.17476899921894073 -0.38761600852012634 -0.41007199883461
v -0.14938299357891083 -0.3505139946937561 0.09568300098180771
v -0.061510998755693436 -0.3856630027294159 -0.4139769971370697
v 0.061510998755693436 -0.3856630027294159 -0.4139769971370697
v 0.14938299357891083 -0.3505139946937561 0.09568300098180771
v 0.17476899921894073 -0.38761600852012634 -0.41007199883461
v 0.20406000316143036 -0.36613601446151733 -0.22065800428390503
v -0.11813999712467194 -0.38761600852012634 -0.4471740126609802
v 0.11813999712467194 -0.38761600852012634 -0.4471740126609802
v -0.16891099512577057 -0.3427030146121979 0.11130499839782715
v -0.13962000608444214 -0.3895680010318756 -0.4432680010795593
v 0.13962000608444214 -0.3895680010318756 -0.4432680010795593
v 0.16891099512577057 -0.3427030146121979 0.11130499839782715
v -0.03807799890637398 -0.37394699454307556 -0.3710170090198517
v 0.03807799890637398 -0.37394699454307556 -0.3710170090198517
v -0.19039100408554077 -0.3719939887523651 -0.388592004776001
v -0.20406000316143036 -0.37589898705482483 -0.3339160084724426
v -0.2021069973707199 -0.360276997089386 -0.3612540066242218
v -0.19039100408554077 -0.3583250045776367 -0.17769800126552582
v 0.19039100408554077 -0.3583250045776367 -0.17769800126552582
v 0.19039100408554077 -0.3719939887523651 -0.388592004776001
v 0.20406000316143036 -0.37589898705482483 -0.3339160084724426
v 0.2021069973707199 -0.360276997089386 -0.3612540066242218
v -0.18257999420166016 -0.33489200472831726 0.1347379982471466
v 0.18257999420166016 -0.33489200472831726 0.1347379982471466
v -0.1591469943523407 -0.3798049986362457 -0.4276460111141205
v -0.07713299989700317 -0.3798049986362457 -0.431551992893219
v -0.02440899983048439 -0.37004101276397705 -0.32024699449539185
v 0.02440899983048439 -0.37004101276397705 -0.32024699449539185
v 0.07713299989700317 -0.3798049986362457 -0.431551992893219
v 0.1591469943523407 -0.3798049986362457 -0.4276460111141205
v -0.13376200199127197 -0.3680880069732666 -0.1308320015668869
v -0.10447099804878235 -0.360276997089386 -0.12497399747371674
v -0.03417300060391426 -0.39152100682258606 0.14450199902057648
v 0.03417300060391426 -0.39152100682258606 0.14450199902057648
v 0.10447099804878235 -0.360276997089386 -0.12497399747371674
v 0.13376200199127197 -0.3680880069732666 -0.1308320015668869
v -0.2196809947490692 -0.3407500088214874 -0.29486098885536194
v -0.15524199604988098 -0.360276997089386 -0.1347379982471466
v -0.08103799819946289 -0.37589898705482483 -0.14254899322986603
v -0.04979399964213371 -0.3680880069732666 -0.4003080129623413
v 0.0009759999811649323 -0.39152100682258606 -0.18550899624824524
v 0.0009759999811649323 -0.39152100682258606 -0.22065800428390503
v 0.0009759999811649323 -0.3934740126132965 0.1737920045852661
v 0.0009759999811649323 -0.39152100682258606 0.14450199902057648
v 0.0009759999811649323 -0.3934740126132965 0.205035999417305
v 0.0009759999811649323 -0.38761600852012634 0.23237399756908417
v 0.04979399964213371 -0.3680880069732666 -0.4003080129623413
v 0.08103799819946289 -0.37589898705482483 -0.14254899322986603
v 0.15524199604988098 -0.360276997089386 -0.1347379982471466
v 0.2196809947490692 -0.3407500088214874 -0.29486098885536194
v -0.19234299659729004 -0.32708099484443665 0.16207599639892578
v 0.0009759999811649323 -0.3856630027294159 -0.15036000311374664
v -0.043935999274253845 -0.3856630027294159 -0.15036000311374664
v 0.0009759999811649323 -0.3895680010318756 0.11521100252866745
v -0.03807799890637398 -0.3895680010318756 0.11521100252866745
v 0.0009759999811649323 -0.3856630027294159 -0.2558070123195648
v 0.03807799890637398 -0.3895680010318756 0.11521100252866745
v 0.043935999274253845 -0.3856630027294159 -0.15036000311374664
v 0.19234299659729004 -0.32708099484443665 0.16207599639892578
v -0.2157759964466095 -0.3427030146121979 -0.2401849925518036
v -0.15524199604988098 -0.3505139946937561 0.3085300028324127
v -0.13962000608444214 -0.37394699454307556 -0.44131600856781006
v -0.09666000306606293 -0.37394699454307556 -0.4432680010795593
v -0.06932199746370316 -0.3680880069732666 0.3085300028324127
v -0.09080199897289276 -0.3641830086708069 0.3182939887046814
v -0.043935999274253845 -0.37004101276397705 0.2870500087738037
v 0.0009759999811649323 -0.38761600852012634 0.08591999858617783
v -0.043935999274253845 -0.3856630027294159 0.08591999858617783
v 0.043935999274253845 -0.3856630027294159 0.08591999858617783
v 0.043935999274253845 -0.37004101276397705 0.2870500087738037
v 0.06932199746370316 -0.3680880069732666 0.3085300028324127
v 0.09080199897289276 -0.3641830086708069 0.3182939887046814
v 0.09666000306606293 -0.37394699454307556 -0.4432680010795593
v 0.13962000608444214 -0.37394699454307556 -0.44131600856781006
v 0.15524199604988098 -0.3505139946937561 0.3085300028324127
v 0.2157759964466095 -0.3427030146121979 -0.2401849925518036
v -0.1767210066318512 -0.36613601446151733 -0.41202500462532043
v -0.11813999712467194 -0.3719939887523651 -0.4471740126609802
v -0.11423400044441223 -0.360276997089386 0.3221989870071411
v 0.0009759999811649323 -0.3856630027294159 0.05467600002884865
v 0.0009759999811649323 -0.381756991147995 0.2577599883079529
v 0.11423400044441223 -0.360276997089386 0.3221989870071411
v 0.11813999712467194 -0.3719939887523651 -0.4471740126609802
v 0.1767210066318512 -0.36613601446151733 -0.41202500462532043
v -0.20406000316143036 -0.33879798650741577 -0.1913670003414154
v -0.1982010006904602 -0.3212229907512665 0.19332000613212585
v -0.17281599342823029 -0.34856098890304565 -0.14254899322986603
v -0.06541600078344345 -0.36223000288009644 -0.42374101281166077
v 0.0009759999811649323 -0.38370999693870544 -0.12106899917125702
v -0.043935999274253845 -0.38370999693870544 -0.12106899917125702
v -0.043935999274253845 -0.38370999693870544 0.05467600002884865
v -0.06932199746370316 -0.3778519928455353 0.08591999858617783
v 0.0009759999811649323 -0.37394699454307556 -0.30267199873924255
v 0.043935999274253845 -0.38370999693870544 0.05467600002884865
v 0.0009759999811649323 -0.38370999693870544 -0.037101998925209045
v 0.043935999274253845 -0.38370999693870544 -0.12106899917125702
v 0.06932199746370316 -0.3778519928455353 0.08591999858617783
v 0.06541600078344345 -0.36223000288009644 -0.42374101281166077
v 0.17281599342823029 -0.34856098890304565 -0.14254899322986603
v 0.1982010006904602 -0.3212229907512665 0.19332000613212585
v 0.20406000316143036 -0.33879798650741577 -0.1913670003414154
v -0.13571399450302124 -0.3544189929962158 0.3182939887046814
v 0.0009759999811649323 -0.38370999693870544 -0.09568300098180771
v -0.043935999274253845 -0.381756991147995 -0.09568300098180771
v -0.06932199746370316 -0.37589898705482483 -0.12106899917125702
v -0.043935999274253845 -0.381756991147995 -0.037101998925209045
v -0.06932199746370316 -0.3778519928455353 0.05467600002884865
v -0.026362000033259392 -0.35637199878692627 -0.3573479950428009
v 0.043935999274253845 -0.381756991147995 -0.037101998925209045
v 0.043935999274253845 -0.381756991147995 -0.09568300098180771
v 0.026362000033259392 -0.35637199878692627 -0.3573479950428009
v 0.06932199746370316 -0.37589898705482483 -0.12106899917125702
v 0.06932199746370316 -0.3778519928455353 0.05467600002884865
v 0.13571399450302124 -0.3544189929962158 0.3182939887046814
v -0.06932199746370316 -0.37589898705482483 -0.037101998925209045
v -0.06932199746370316 -0.37589898705482483 -0.09568300098180771
v 0.0009759999811649323 -0.37004101276397705 0.28900301456451416
v -0.02440899983048439 -0.37004101276397705 0.28900301456451416
v 0.02440899983048439 -0.37004101276397705 0.28900301456451416
v 0.06932199746370316 -0.37589898705482483 -0.037101998925209045
v 0.06932199746370316 -0.37589898705482483 -0.09568300098180771
v -0.19624899327754974 -0.3153649866580963 0.226515993475914
v -0.1591469943523407 -0.360276997089386 -0.42959898710250854
v -0.08299099653959274 -0.3583250045776367 -0.4393630027770996
v 0.08299099653959274 -0.3583250045776367 -0.4393630027770996
v 0.1591469943523407 -0.360276997089386 -0.42959898710250854
v 0.19624899327754974 -0.3153649866580963 0.226515993475914
v -0.08689600229263306 -0.37004101276397705 0.05467600002884865
v 0.08689600229263306 -0.37004101276397705 0.05467600002884865
v -0.2235870063304901 -0.29583799839019775 -0.34172698855400085
v -0.22749200463294983 -0.30560100078582764 -0.3124360144138336
v -0.08689600229263306 -0.37004101276397705 -0.12106899917125702
v -0.08689600229263306 -0.3680880069732666 -0.037101998925209045
v -0.08689600229263306 -0.3680880069732666 -0.09568300098180771
v 0.08689600229263306 -0.37004101276397705 -0.12106899917125702
v 0.08689600229263306 -0.3680880069732666 -0.037101998925209045
v 0.08689600229263306 -0.3680880069732666 -0.09568300098180771
v 0.2235870063304901 -0.29583799839019775 -0.34172698855400085
v 0.22749200463294983 -0.30560100078582764 -0.3124360144138336
v -0.19039100408554077 -0.30950701236724854 0.2577599883079529
v -0.18843799829483032 -0.33098700642585754 -0.1523119956254959
v -0.13962000608444214 -0.35637199878692627 -0.4432680010795593
v -0.1025179997086525 -0.35637199878692627 -0.4471740126609802
v -0.03807799890637398 -0.3505139946937561 -0.3905450105667114
v 0.0009759999811649323 -0.3583250045776367 -0.34563198685646057
v 0.03807799890637398 -0.3505139946937561 -0.3905450105667114
v 0.1025179997086525 -0.35637199878692627 -0.4471740126609802
v 0.13962000608444214 -0.35637199878692627 -0.4432680010795593
v 0.18843799829483032 -0.33098700642585754 -0.1523119956254959
v 0.19039100408554077 -0.30950701236724854 0.2577599883079529
v -0.19234299659729004 -0.34856098890304565 -0.3905450105667114
v -0.1200919970870018 -0.3544189929962158 -0.4471740126609802
v 0.1200919970870018 -0.3544189929962158 -0.4471740126609802
v 0.19234299659729004 -0.34856098890304565 -0.3905450105667114
v -0.10447099804878235 -0.3583250045776367 0.05467600002884865
v -0.02440899983048439 -0.3544189929962158 0.326104998588562
v -0.053700000047683716 -0.3505139946937561 0.3182939887046814
v 0.0009759999811649323 -0.3544189929962158 0.326104998588562
v 0.02440899983048439 -0.3544189929962158 0.326104998588562
v 0.053700000047683716 -0.3505139946937561 0.3182939887046814
v 0.10447099804878235 -0.3583250045776367 0.05467600002884865
v -0.1806270033121109 -0.2899790108203888 0.29290899634361267
v -0.13962000608444214 -0.33098700642585754 -0.113257996737957
v -0.1200919970870018 -0.34856098890304565 -0.11716300249099731
v -0.10447099804878235 -0.3583250045776367 -0.037101998925209045
v -0.10447099804878235 -0.3583250045776367 -0.09568300098180771
v -0.051747001707553864 -0.34465599060058594 -0.4178830087184906
v 0.051747001707553864 -0.34465599060058594 -0.4178830087184906
v 0.10447099804878235 -0.3583250045776367 -0.037101998925209045
v 0.10447099804878235 -0.3583250045776367 -0.09568300098180771
v 0.1200919970870018 -0.34856098890304565 -0.11716300249099731
v 0.13962000608444214 -0.33098700642585754 -0.113257996737957
v 0.1806270033121109 -0.2899790108203888 0.29290899634361267
v -0.2235870063304901 -0.31731799244880676 -0.26361799240112305
v -0.2157759964466095 -0.31731799244880676 -0.2089409977197647
v -0.1767210066318512 -0.3427030146121979 -0.41593000292778015
v 0.1767210066318512 -0.3427030146121979 -0.41593000292778015
v 0.2157759964466095 -0.31731799244880676 -0.2089409977197647
v 0.2235870063304901 -0.31731799244880676 -0.26361799240112305
v -0.08884900063276291 -0.34465599060058594 0.3319630026817322
v 0.08884900063276291 -0.34465599060058594 0.3319630026817322
v -0.06932199746370316 -0.33879798650741577 -0.43740999698638916
v 0.06932199746370316 -0.33879798650741577 -0.43740999698638916
v -0.2021069973707199 -0.3153649866580963 -0.388592004776001
v -0.21772900223731995 -0.27826300263404846 -0.3710170090198517
v -0.1591469943523407 -0.33879798650741577 -0.4354569911956787
v -0.16891099512577057 -0.32317599654197693 -0.12497399747371674
v -0.11228200048208237 -0.3368450105190277 0.3358680009841919
v 0.11228200048208237 -0.3368450105190277 0.3358680009841919
v 0.16891099512577057 -0.32317599654197693 -0.12497399747371674
v 0.1591469943523407 -0.33879798650741577 -0.4354569911956787
v 0.2021069973707199 -0.3153649866580963 -0.388592004776001
v 0.21772900223731995 -0.27826300263404846 -0.3710170090198517
v -0.2021069973707199 -0.31341201066970825 -0.16598199307918549
v -0.12204500287771225 -0.34465599060058594 -0.037101998925209045
v -0.12204500287771225 -0.34465599060058594 -0.09568300098180771
v -0.12204500287771225 -0.3466080129146576 0.05467600002884865
v -0.09080199897289276 -0.3368450105190277 -0.4491260051727295
v 0.0009759999811649323 -0.33879798650741577 -0.38078099489212036
v 0.09080199897289276 -0.3368450105190277 -0.4491260051727295
v 0.12204500287771225 -0.34465599060058594 -0.037101998925209045
v 0.12204500287771225 -0.34465599060058594 -0.09568300098180771
v 0.12204500287771225 -0.3466080129146576 0.05467600002884865
v 0.2021069973707199 -0.31341201066970825 -0.16598199307918549
v -0.13962000608444214 -0.3368450105190277 -0.4471740126609802
v -0.12595100700855255 -0.3407500088214874 0.0781090036034584
v -0.11423400044441223 -0.33489200472831726 -0.453031986951828
v -0.026362000033259392 -0.33489200472831726 -0.39445000886917114
v 0.026362000033259392 -0.33489200472831726 -0.39445000886917114
v 0.11423400044441223 -0.33489200472831726 -0.453031986951828
v 0.12595100700855255 -0.3407500088214874 0.0781090036034584
v 0.13962000608444214 -0.3368450105190277 -0.4471740126609802
v -0.15328900516033173 -0.31341201066970825 0.326104998588562
v -0.13376200199127197 -0.32708099484443665 0.3319630026817322
v -0.02440899983048439 -0.3368450105190277 0.3612540066242218
v -0.043935999274253845 -0.3427030146121979 0.3397740125656128
v 0.02440899983048439 -0.3368450105190277 0.3612540066242218
v 0.0009759999811649323 -0.3368450105190277 0.3612540066242218
v 0.043935999274253845 -0.3427030146121979 0.3397740125656128
v 0.15328900516033173 -0.31341201066970825 0.326104998588562
v 0.13376200199127197 -0.32708099484443665 0.3319630026817322
v -0.1454779952764511 -0.3212229907512665 0.08201400190591812
v -0.1669580042362213 -0.31341201066970825 0.09763599932193756
v -0.08103799819946289 -0.32317599654197693 0.3534429967403412
v -0.04003100097179413 -0.3251279890537262 -0.41983601450920105
v 0.04003100097179413 -0.3251279890537262 -0.41983601450920105
v 0.08103799819946289 -0.32317599654197693 0.3534429967403412
v 0.1454779952764511 -0.3212229907512665 0.08201400190591812
v 0.1669580042362213 -0.31341201066970825 0.09763599932193756
v -0.18453200161457062 -0.3075540065765381 -0.13278500735759735
v 0.18453200161457062 -0.3075540065765381 -0.13278500735759735
v -0.1376670002937317 -0.33098700642585754 0.05467600002884865
v 0.1376670002937317 -0.33098700642585754 0.05467600002884865
v -0.1376670002937317 -0.33098700642585754 -0.037101998925209045
v -0.1376670002937317 -0.33098700642585754 -0.09568300098180771
v -0.05760499835014343 -0.3192700147628784 -0.44131600856781006
v 0.05760499835014343 -0.3192700147628784 -0.44131600856781006
v 0.1376670002937317 -0.33098700642585754 -0.037101998925209045
v 0.1376670002937317 -0.33098700642585754 -0.09568300098180771
v -0.22553999722003937 -0.2938849925994873 -0.2304210066795349
v -0.17867399752140045 -0.3192700147628784 -0.4217880070209503
v -0.18257999420166016 -0.3016960024833679 0.11911600083112717
v -0.045889001339673996 -0.3212229907512665 0.3788279891014099
v -0.06541600078344345 -0.3212229907512665 0.36711201071739197
v 0.045889001339673996 -0.3212229907512665 0.3788279891014099
v 0.06541600078344345 -0.3212229907512665 0.36711201071739197
v 0.18257999420166016 -0.3016960024833679 0.11911600083112717
v 0.17867399752140045 -0.3192700147628784 -0.4217880070209503
v 0.22553999722003937 -0.2938849925994873 -0.2304210066795349
v -0.23139800131320953 -0.2860740125179291 -0.283145010471344
v 0.23139800131320953 -0.2860740125179291 -0.283145010471344
v -0.2118699997663498 -0.29193198680877686 -0.18160299956798553
v -0.16500499844551086 -0.276309996843338 0.33000999689102173
v -0.1591469943523407 -0.31731799244880676 -0.44131600856781006
v -0.07908499985933304 -0.3153649866580963 -0.45498499274253845
v 0.0009759999811649323 -0.3153649866580963 -0.4139769971370697
v 0.07908499985933304 -0.3153649866580963 -0.45498499274253845
v 0.1591469943523407 -0.31731799244880676 -0.44131600856781006
v 0.16500499844551086 -0.276309996843338 0.33000999689102173
v 0.21187099814414978 -0.29193198680877686 -0.18160299956798553
v -0.13962000608444214 -0.3153649866580963 -0.45498499274253845
v -0.11032900214195251 -0.3153649866580963 0.34953799843788147
v -0.10056500136852264 -0.3153649866580963 -0.4608429968357086
v -0.02440899983048439 -0.3153649866580963 0.3964030146598816
v 0.02440899983048439 -0.3153649866580963 0.3964030146598816
v 0.0009759999811649323 -0.3153649866580963 0.3964030146598816
v 0.10056500136852264 -0.3153649866580963 -0.4608429968357086
v 0.11032900214195251 -0.3153649866580963 0.34953799843788147
v 0.13962000608444214 -0.3153649866580963 -0.45498499274253845
v -0.19234299659729004 -0.2899790108203888 0.1484069973230362
v -0.1200919970870018 -0.31731799244880676 -0.45888999104499817
v -0.02440899983048439 -0.3075540065765381 -0.42569398880004883
v 0.02440899983048439 -0.3075540065765381 -0.42569398880004883
v 0.1200919970870018 -0.31731799244880676 -0.45888999104499817
v 0.19234299659729004 -0.2899790108203888 0.1484069973230362
v -0.19624899327754974 -0.28802698850631714 -0.14254899322986603
v -0.15133599936962128 -0.3153649866580963 -0.09568300098180771
v -0.15524199604988098 -0.30950701236724854 -0.10935299843549728
v -0.15133599936962128 -0.3153649866580963 -0.037101998925209045
v -0.15133599936962128 -0.3153649866580963 0.05467600002884865
v 0.15133599936962128 -0.3153649866580963 -0.037101998925209045
v 0.15133599936962128 -0.3153649866580963 -0.09568300098180771
v 0.15133599936962128 -0.3153649866580963 0.05467600002884865
v 0.15524199604988098 -0.30950701236724854 -0.10935299843549728
v 0.19624899327754974 -0.28802698850631714 -0.14254899322986603
v -0.1982010006904602 -0.27826300263404846 0.17965100705623627
v -0.13180899620056152 -0.30560100078582764 0.34563198685646057
v -0.14938299357891083 -0.29193198680877686 0.3397740125656128
v 0.13180899620056152 -0.30560100078582764 0.34563198685646057
v 0.14938299357891083 -0.29193198680877686 0.3397740125656128
v 0.1982010006904602 -0.27826300263404846 0.17965100705623627
v -0.04198399931192398 -0.29974299669265747 -0.4452210068702698
v 0.04198399931192398 -0.29974299669265747 -0.4452210068702698
v -0.17281599342823029 -0.28216901421546936 -0.11130499839782715
v -0.08299099653959274 -0.29974299669265747 0.3866389989852905
v -0.10642299801111221 -0.297789990901947 0.36906498670578003
v 0.08299099653959274 -0.29974299669265747 0.3866389989852905
v 0.10642299801111221 -0.297789990901947 0.36906498670578003
v 0.17281599342823029 -0.28216901421546936 -0.11130499839782715
v -0.20015400648117065 -0.2684989869594574 0.21480000019073486
v -0.16305199265480042 -0.297789990901947 0.08201400190591812
v -0.06541600078344345 -0.297789990901947 0.40226098895072937
v -0.045889001339673996 -0.297789990901947 0.41593000292778015
v 0.06541600078344345 -0.297789990901947 0.40226098895072937
v 0.045889001339673996 -0.297789990901947 0.41593000292778015
v 0.16305199265480042 -0.297789990901947 0.08201400190591812
v 0.20015400648117065 -0.2684989869594574 0.21480000019073486
v -0.17867399752140045 -0.27045199275016785 -0.44131600856781006
v -0.1982010006904602 -0.2645939886569977 -0.4178830087184906
v -0.061510998755693436 -0.2938849925994873 -0.4608429968357086
v 0.061510998755693436 -0.2938849925994873 -0.4608429968357086
v 0.17867399752140045 -0.27045199275016785 -0.44131600856781006
v 0.1982010006904602 -0.2645939886569977 -0.4178830087184906
v -0.23139800131320953 -0.2645939886569977 -0.25385400652885437
v -0.22163400053977966 -0.2684989869594574 -0.19917799532413483
v -0.1591469943523407 -0.27435800433158875 -0.45888999104499817
v -0.1376670002937317 -0.276309996843338 -0.4706059992313385
v -0.11813999712467194 -0.27826300263404846 -0.47646498680114746
v 0.11813999712467194 -0.27826300263404846 -0.47646498680114746
v 0.1376670002937317 -0.276309996843338 -0.4706059992313385
v 0.1591469943523407 -0.27435800433158875 -0.45888999104499817
v 0.22163400053977966 -0.2684989869594574 -0.19917799532413483
v 0.23139800131320953 -0.2645939886569977 -0.25385400652885437
v -0.21382300555706024 -0.2509250044822693 -0.3964030146598816
v -0.19624899327754974 -0.2587360143661499 0.24994899332523346
v -0.16500499844551086 -0.29583799839019775 -0.037101998925209045
v -0.16500499844551086 -0.29583799839019775 -0.09568300098180771
v -0.16500499844551086 -0.29583799839019775 0.05467600002884865
v -0.08299099653959274 -0.2802160084247589 -0.47646498680114746
v -0.02440899983048439 -0.2899790108203888 0.431551992893219
v 0.0009759999811649323 -0.28412100672721863 -0.4471740126609802
v 0.02440899983048439 -0.2899790108203888 0.431551992893219
v 0.0009759999811649323 -0.2899790108203888 0.431551992893219
v 0.08299099653959274 -0.2802160084247589 -0.47646498680114746
v 0.16500499844551086 -0.29583799839019775 -0.037101998925209045
v 0.16500499844551086 -0.29583799839019775 -0.09568300098180771
v 0.16500499844551086 -0.29583799839019775 0.05467600002884865
v 0.19624899327754974 -0.2587360143661499 0.24994899332523346
v 0.21382300555706024 -0.2509250044822693 -0.3964030146598816
v -0.20601199567317963 -0.26654699444770813 -0.1562180072069168
v -0.1806270033121109 -0.2802160084247589 0.10349400341510773
v 0.1806270033121109 -0.2802160084247589 0.10349400341510773
v 0.20601199567317963 -0.26654699444770813 -0.1562180072069168
v -0.18843799829483032 -0.24702000617980957 0.28509798645973206
v 0.18843799829483032 -0.24702000617980957 0.28509798645973206
v -0.19039100408554077 -0.2645939886569977 -0.12497399747371674
v -0.02440899983048439 -0.2802160084247589 -0.453031986951828
v 0.02440899983048439 -0.2802160084247589 -0.453031986951828
v 0.19039100408554077 -0.2645939886569977 -0.12497399747371674
v -0.22944499552249908 -0.2587360143661499 -0.34172698855400085
v -0.23530299961566925 -0.2509250044822693 -0.31048300862312317
v -0.12790299952030182 -0.28412100672721863 0.36320701241493225
v -0.1454779952764511 -0.2684989869594574 0.35930100083351135
v 0.12790299952030182 -0.28412100672721863 0.36320701241493225
v 0.1454779952764511 -0.2684989869594574 0.35930100083351135
v 0.22944499552249908 -0.2587360143661499 -0.34172698855400085
v 0.23530299961566925 -0.2509250044822693 -0.31048300862312317
v -0.19234299659729004 -0.2626410126686096 0.1308320015668869
v 0.19234299659729004 -0.2626410126686096 0.1308320015668869
v -0.10447099804878235 -0.2802160084247589 0.388592004776001
v -0.08494299650192261 -0.2724049985408783 0.41983601450920105
v -0.043935999274253845 -0.2724049985408783 -0.46865400671958923
v 0.043935999274253845 -0.2724049985408783 -0.46865400671958923
v 0.08494299650192261 -0.2724049985408783 0.41983601450920105
v 0.10447099804878235 -0.2802160084247589 0.388592004776001
v -0.1767210066318512 -0.276309996843338 0.08201400190591812
v -0.06541600078344345 -0.27045199275016785 0.43740999698638916
v -0.045889001339673996 -0.2684989869594574 0.4491260051727295
v 0.06541600078344345 -0.27045199275016785 0.43740999698638916
v 0.045889001339673996 -0.2684989869594574 0.4491260051727295
v 0.1767210066318512 -0.276309996843338 0.08201400190591812
v -0.1767210066318512 -0.27435800433158875 -0.037101998925209045
v -0.1767210066318512 -0.27435800433158875 -0.09568300098180771
v -0.1767210066318512 -0.27435800433158875 0.05467600002884865
v 0.1767210066318512 -0.27435800433158875 -0.037101998925209045
v 0.1767210066318512 -0.27435800433158875 -0.09568300098180771
v 0.1767210066318512 -0.27435800433158875 0.05467600002884865
v -0.22944499552249908 -0.24311399459838867 -0.2226099967956543
v 0.22944499552249908 -0.24311399459838867 -0.2226099967956543
v -0.21382300555706024 -0.24311399459838867 -0.1698870062828064
v -0.1591469943523407 -0.24897199869155884 0.34953799843788147
v 0.1591469943523407 -0.24897199869155884 0.34953799843788147
v 0.21382300555706024 -0.24311399459838867 -0.1698870062828064
v -0.1982010006904602 -0.24506700038909912 0.16402900218963623
v -0.17281599342823029 -0.22944499552249908 0.3339160084724426
v -0.02440899983048439 -0.2626410126686096 0.4608429968357086
v 0.02440899983048439 -0.2626410126686096 0.4608429968357086
v 0.0009759999811649323 -0.2626410126686096 0.4608429968357086
v 0.17281599342823029 -0.22944499552249908 0.3339160084724426
v 0.1982010006904602 -0.24506700038909912 0.16402900218963623
v -0.1982010006904602 -0.24506700038909912 -0.1347379982471466
v 0.1982010006904602 -0.24506700038909912 -0.1347379982471466
v -0.2372560054063797 -0.23530299961566925 -0.27728700637817383
v 0.2372560054063797 -0.23530299961566925 -0.27728700637817383
v -0.1239980012178421 -0.2626410126686096 0.38468700647354126
v -0.13962000608444214 -0.24506700038909912 0.3788279891014099
v 0.0009759999811649323 -0.254830002784729 -0.47255900502204895
v 0.1239980012178421 -0.2626410126686096 0.38468700647354126
v 0.13962000608444214 -0.24506700038909912 0.3788279891014099
v -0.18453200161457062 -0.25287801027297974 -0.09568300098180771
v -0.18453200161457062 -0.25287801027297974 -0.11130499839782715
v 0.18453200161457062 -0.25287801027297974 -0.09568300098180771
v 0.18453200161457062 -0.25287801027297974 -0.11130499839782715
v -0.18453200161457062 -0.254830002784729 0.08201400190591812
v -0.19234299659729004 -0.24116100370883942 0.113257996737957
v -0.1025179997086525 -0.25287801027297974 0.42374101281166077
v -0.1200919970870018 -0.24702000617980957 0.4061659872531891
v -0.09080199897289276 -0.23920899629592896 -0.4959920048713684
v -0.04784199967980385 -0.23530299961566925 -0.49403899908065796
v -0.06932199746370316 -0.2372560054063797 -0.4959920048713684
v -0.02245599962770939 -0.25287801027297974 -0.47646498680114746
v 0.02245599962770939 -0.25287801027297974 -0.47646498680114746
v 0.09080199897289276 -0.23920899629592896 -0.4959920048713684
v 0.04784199967980385 -0.23530299961566925 -0.49403899908065796
v 0.06932199746370316 -0.2372560054063797 -0.4959920048713684
v 0.1025179997086525 -0.25287801027297974 0.42374101281166077
v 0.1200919970870018 -0.24702000617980957 0.4061659872531891
v 0.18453200161457062 -0.254830002784729 0.08201400190591812
v 0.19234299659729004 -0.24116100370883942 0.113257996737957
v -0.22553999722003937 -0.23530299961566925 -0.3710170090198517
v -0.20015400648117065 -0.22749200463294983 0.20113100111484528
v -0.13376200199127197 -0.23530299961566925 -0.48622798919677734
v -0.11228200048208237 -0.2372560054063797 -0.49403899908065796
v 0.13376200199127197 -0.23530299961566925 -0.48622798919677734
v 0.11228200048208237 -0.2372560054063797 -0.49403899908065796
v 0.20015400648117065 -0.22749200463294983 0.20113100111484528
v 0.22553999722003937 -0.23530299961566925 -0.3710170090198517
v -0.15524199604988098 -0.2333499938249588 -0.4745120108127594
v 0.15524199604988098 -0.2333499938249588 -0.4745120108127594
v -0.18453200161457062 -0.25287801027297974 -0.037101998925209045
v -0.18453200161457062 -0.25287801027297974 0.05467600002884865
v -0.17476899921894073 -0.22944499552249908 -0.45888999104499817
v 0.17476899921894073 -0.22944499552249908 -0.45888999104499817
v 0.18453200161457062 -0.25287801027297974 -0.037101998925209045
v 0.18453200161457062 -0.25287801027297974 0.05467600002884865
v -0.08299099653959274 -0.24116100370883942 0.453031986951828
v 0.08299099653959274 -0.24116100370883942 0.453031986951828
v -0.19234299659729004 -0.22553999722003937 -0.43740999698638916
v -0.06541600078344345 -0.2372560054063797 0.46865400671958923
v 0.06541600078344345 -0.2372560054063797 0.46865400671958923
v 0.19234299659729004 -0.22553999722003937 -0.43740999698638916
v -0.22163400053977966 -0.2196809947490692 -0.1913670003414154
v -0.1982010006904602 -0.2118699997663498 0.2401849925518036
v -0.15328900516033173 -0.2235870063304901 0.3710170090198517
v -0.045889001339673996 -0.23530299961566925 0.4784170091152191
v 0.045889001339673996 -0.23530299961566925 0.4784170091152191
v 0.15328900516033173 -0.2235870063304901 0.3710170090198517
v 0.1982010006904602 -0.2118699997663498 0.2401849925518036
v 0.22163400053977966 -0.2196809947490692 -0.1913670003414154
v -0.20601199567317963 -0.2235870063304901 -0.14450199902057648
v 0.20601199567317963 -0.2235870063304901 -0.14450199902057648
v -0.23530299961566925 -0.2157759964466095 -0.24604299664497375
v -0.20796500146389008 -0.2196809947490692 -0.41593000292778015
v -0.19234299659729004 -0.23139800131320953 -0.113257996737957
v 0.19234299659729004 -0.23139800131320953 -0.113257996737957
v 0.20796500146389008 -0.2196809947490692 -0.41593000292778015
v 0.23530299961566925 -0.2157759964466095 -0.24604299664497375
v -0.1982010006904602 -0.2196809947490692 0.14645400643348694
v -0.13571399450302124 -0.2235870063304901 0.4003080129623413
v -0.02245599962770939 -0.24311399459838867 0.4784170091152191
v 0.02245599962770939 -0.24311399459838867 0.4784170091152191
v 0.0009759999811649323 -0.24311399459838867 0.4803699851036072
v 0.13571399450302124 -0.2235870063304901 0.4003080129623413
v 0.1982010006904602 -0.2196809947490692 0.14645400643348694
v -0.2333499938249588 -0.21772900223731995 -0.34172698855400085
v -0.19234299659729004 -0.19624899327754974 0.2792389988899231
v 0.19234299659729004 -0.19624899327754974 0.2792389988899231
v 0.2333499938249588 -0.21772900223731995 -0.34172698855400085
v -0.19234299659729004 -0.22944499552249908 0.08201400190591812
v 0.0009759999811649323 -0.22944499552249908 -0.49013400077819824
v 0.19234299659729004 -0.22944499552249908 0.08201400190591812
v -0.19234299659729004 -0.22944499552249908 -0.09568300098180771
v -0.19234299659729004 -0.22944499552249908 -0.037101998925209045
v -0.19234299659729004 -0.22944499552249908 0.05467600002884865
v -0.11618699878454208 -0.2157759964466095 0.4432680010795593
v -0.10056500136852264 -0.2157759964466095 0.4608429968357086
v -0.02440899983048439 -0.22944499552249908 -0.4920859932899475
v 0.02440899983048439 -0.22944499552249908 -0.4920859932899475
v 0.11618699878454208 -0.2157759964466095 0.4432680010795593
v 0.10056500136852264 -0.2157759964466095 0.4608429968357086
v 0.19234299659729004 -0.22944499552249908 -0.09568300098180771
v 0.19234299659729004 -0.22944499552249908 -0.037101998925209045
v 0.19234299659729004 -0.22944499552249908 0.05467600002884865
v -0.2372560054063797 -0.20601199567317963 -0.31048300862312317
v -0.2196809947490692 -0.20796500146389008 -0.3924970030784607
v 0.2196809947490692 -0.20796500146389008 -0.3924970030784607
v 0.2372560054063797 -0.20601199567317963 -0.31048300862312317
v -0.16500499844551086 -0.2021069973707199 0.35930100083351135
v 0.16500499844551086 -0.2021069973707199 0.35930100083351135
v -0.17476899921894073 -0.1767210066318512 0.34172698855400085
v -0.13180899620056152 -0.20796500146389008 0.4217880070209503
v 0.13180899620056152 -0.20796500146389008 0.4217880070209503
v 0.17476899921894073 -0.1767210066318512 0.34172698855400085
v -0.20015400648117065 -0.20601199567317963 -0.12497399747371674
v -0.20015400648117065 -0.1982010006904602 0.18550899624824524
v -0.14938299357891083 -0.20406000316143036 0.3924970030784607
v 0.14938299357891083 -0.20406000316143036 0.3924970030784607
v 0.20015400648117065 -0.20601199567317963 -0.12497399747371674
v 0.20015400648117065 -0.1982010006904602 0.18550899624824524
v -0.22944499552249908 -0.19624899327754974 -0.21480000019073486
v -0.2157759964466095 -0.1942960023880005 -0.16793400049209595
v -0.02245599962770939 -0.22163400053977966 0.49403899908065796
v 0.02245599962770939 -0.22163400053977966 0.49403899908065796
v 0.0009759999811649323 -0.22163400053977966 0.4959920048713684
v 0.2157759964466095 -0.1942960023880005 -0.16793400049209595
v 0.22944499552249908 -0.19624899327754974 -0.21480000019073486
v -0.19624899327754974 -0.20015400648117065 0.08201400190591812
v -0.1982010006904602 -0.1982010006904602 0.12692700326442719
v -0.08299099653959274 -0.20796500146389008 0.4803699851036072
v 0.08299099653959274 -0.20796500146389008 0.4803699851036072
v 0.19624899327754974 -0.20015400648117065 0.08201400190591812
v 0.1982010006904602 -0.1982010006904602 0.12692700326442719
v -0.10447099804878235 -0.20406000316143036 -0.503803014755249
v -0.07713299989700317 -0.20601199567317963 -0.5077080130577087
v 0.07713299989700317 -0.20601199567317963 -0.5077080130577087
v 0.10447099804878235 -0.20406000316143036 -0.503803014755249
v -0.12790299952030182 -0.2021069973707199 -0.4959920048713684
v -0.045889001339673996 -0.20601199567317963 -0.5057550072669983
v -0.06541600078344345 -0.20406000316143036 0.49403899908065796
v 0.06541600078344345 -0.20406000316143036 0.49403899908065796
v 0.045889001339673996 -0.20601199567317963 -0.5057550072669983
v 0.12790299952030182 -0.2021069973707199 -0.4959920048713684
v -0.2372560054063797 -0.18843799829483032 -0.27728700637817383
v -0.22749200463294983 -0.19624899327754974 -0.36711201071739197
v -0.14938299357891083 -0.20015400648117065 -0.4842750132083893
v -0.043935999274253845 -0.2021069973707199 0.503803014755249
v 0.043935999274253845 -0.2021069973707199 0.503803014755249
v 0.14938299357891083 -0.20015400648117065 -0.4842750132083893
v 0.22749200463294983 -0.19624899327754974 -0.36711201071739197
v 0.2372560054063797 -0.18843799829483032 -0.27728700637817383
v -0.16891099512577057 -0.19624899327754974 -0.46865400671958923
v 0.16891099512577057 -0.19624899327754974 -0.46865400671958923
v -0.19624899327754974 -0.20601199567317963 -0.09568300098180771
v -0.1982010006904602 -0.2021069973707199 -0.113257996737957
v 0.19624899327754974 -0.20601199567317963 -0.09568300098180771
v 0.1982010006904602 -0.2021069973707199 -0.113257996737957
v -0.19624899327754974 -0.20601199567317963 -0.037101998925209045
v -0.19624899327754974 -0.20015400648117065 0.05467600002884865
v -0.18843799829483032 -0.1942960023880005 -0.4491260051727295
v -0.020503999665379524 -0.20601199567317963 -0.503803014755249
v 0.020503999665379524 -0.20601199567317963 -0.503803014755249
v 0.0009759999811649323 -0.20601199567317963 -0.503803014755249
v 0.18843799829483032 -0.1942960023880005 -0.4491260051727295
v 0.19624899327754974 -0.20601199567317963 -0.037101998925209045
v 0.19624899327754974 -0.20015400648117065 0.05467600002884865
v -0.1982010006904602 -0.1767210066318512 0.226515993475914
v 0.1982010006904602 -0.1767210066318512 0.226515993475914
v -0.2021069973707199 -0.1942960023880005 -0.42959898710250854
v 0.2021069973707199 -0.1942960023880005 -0.42959898710250854
v -0.20796500146389008 -0.17867399752140045 -0.14254899322986603
v -0.1591469943523407 -0.17867399752140045 0.3827340006828308
v -0.1454779952764511 -0.18648500740528107 0.41202500462532043
v 0.1454779952764511 -0.18648500740528107 0.41202500462532043
v 0.1591469943523407 -0.17867399752140045 0.3827340006828308
v 0.20796500146389008 -0.17867399752140045 -0.14254899322986603
v -0.02245599962770939 -0.1982010006904602 0.5096610188484192
v 0.02245599962770939 -0.1982010006904602 0.5096610188484192
v 0.0009759999811649323 -0.1982010006904602 0.5116140246391296
v -0.2118699997663498 -0.18648500740528107 -0.41202500462532043
v -0.20015400648117065 -0.17476899921894073 0.16793400049209595
v 0.20015400648117065 -0.17476899921894073 0.16793400049209595
v 0.21187099814414978 -0.18648500740528107 -0.41202500462532043
v -0.2333499938249588 -0.17086300253868103 -0.34172698855400085
v 0.2333499938249588 -0.17086300253868103 -0.34172698855400085
v -0.2333499938249588 -0.17086300253868103 -0.2440900057554245
v -0.11618699878454208 -0.18648500740528107 0.4627949893474579
v -0.12985600531101227 -0.17476899921894073 0.453031986951828
v -0.10056500136852264 -0.18257999420166016 0.4823229908943176
v 0.11618699878454208 -0.18648500740528107 0.4627949893474579
v 0.10056500136852264 -0.18257999420166016 0.4823229908943176
v 0.12985600531101227 -0.17476899921894073 0.453031986951828
v 0.2333499938249588 -0.17086300253868103 -0.2440900057554245
v -0.19234299659729004 -0.15524199604988098 0.26752299070358276
v 0.19234299659729004 -0.15524199604988098 0.26752299070358276
v -0.2196809947490692 -0.17281599342823029 -0.3905450105667114
v -0.1415719985961914 -0.1669580042362213 0.4354569911956787
v -0.08299099653959274 -0.1767210066318512 0.4998970031738281
v 0.08299099653959274 -0.1767210066318512 0.4998970031738281
v 0.1415719985961914 -0.1669580042362213 0.4354569911956787
v 0.2196809947490692 -0.17281599342823029 -0.3905450105667114
v -0.23530299961566925 -0.16110000014305115 -0.3085300028324127
v -0.20015400648117065 -0.17281599342823029 -0.113257996737957
v -0.1982010006904602 -0.17867399752140045 -0.037101998925209045
v -0.20015400648117065 -0.1806270033121109 -0.09568300098180771
v -0.051747001707553864 -0.17086300253868103 -0.5155190229415894
v -0.08299099653959274 -0.17281599342823029 -0.5116140246391296
v -0.02245599962770939 -0.17086300253868103 -0.5155190229415894
v 0.02245599962770939 -0.17086300253868103 -0.5155190229415894
v 0.0009759999811649323 -0.17086300253868103 -0.5155190229415894
v 0.051747001707553864 -0.17086300253868103 -0.5155190229415894
v 0.08299099653959274 -0.17281599342823029 -0.5116140246391296
v 0.1982010006904602 -0.17867399752140045 -0.037101998925209045
v 0.20015400648117065 -0.1806270033121109 -0.09568300098180771
v 0.20015400648117065 -0.17281599342823029 -0.113257996737957
v 0.23530299961566925 -0.16110000014305115 -0.3085300028324127
v -0.15524199604988098 -0.16110000014305115 0.4042139947414398
v -0.10642299801111221 -0.17086300253868103 -0.5057550072669983
v -0.06541600078344345 -0.17281599342823029 0.5116140246391296
v 0.06541600078344345 -0.17281599342823029 0.5116140246391296
v 0.10642299801111221 -0.17086300253868103 -0.5057550072669983
v 0.15524199604988098 -0.16110000014305115 0.4042139947414398
v -0.1669580042362213 -0.15524199604988098 0.36906498670578003
v -0.12985600531101227 -0.17086300253868103 -0.49794501066207886
v -0.043935999274253845 -0.17086300253868103 0.5194240212440491
v 0.043935999274253845 -0.17086300253868103 0.5194240212440491
v 0.12985600531101227 -0.17086300253868103 -0.49794501066207886
v 0.1669580042362213 -0.15524199604988098 0.36906498670578003
v -0.1982010006904602 -0.17086300253868103 0.08201400190591812
v -0.1982010006904602 -0.17086300253868103 0.05467600002884865
v -0.15133599936962128 -0.16891099512577057 -0.48622798919677734
v 0.15133599936962128 -0.16891099512577057 -0.48622798919677734
v 0.1982010006904602 -0.17086300253868103 0.08201400190591812
v 0.1982010006904602 -0.17086300253868103 0.05467600002884865
v -0.1982010006904602 -0.14938299357891083 0.21089400351047516
v -0.1982010006904602 -0.15328900516033173 0.1484069973230362
v -0.02245599962770939 -0.17086300253868103 0.5233299732208252
v 0.02245599962770939 -0.17086300253868103 0.5233299732208252
v 0.0009759999811649323 -0.17086300253868103 0.5252829790115356
v 0.1982010006904602 -0.15328900516033173 0.1484069973230362
v 0.1982010006904602 -0.14938299357891083 0.21089400351047516
v -0.22163400053977966 -0.1454779952764511 -0.19722500443458557
v -0.22553999722003937 -0.1591469943523407 -0.36906498670578003
v -0.17281599342823029 -0.12790299952030182 0.34953799843788147
v -0.17086300253868103 -0.1669580042362213 -0.46865400671958923
v 0.17086300253868103 -0.1669580042362213 -0.46865400671958923
v 0.17281599342823029 -0.12790299952030182 0.34953799843788147
v 0.22553999722003937 -0.1591469943523407 -0.36906498670578003
v 0.22163400053977966 -0.1454779952764511 -0.19722500443458557
v -0.2118699997663498 -0.13962000608444214 -0.16598199307918549
v -0.18843799829483032 -0.1669580042362213 -0.4491260051727295
v -0.2021069973707199 -0.17086300253868103 -0.42959898710250854
v 0.18843799829483032 -0.1669580042362213 -0.4491260051727295
v 0.2021069973707199 -0.17086300253868103 -0.42959898710250854
v 0.21187099814414978 -0.13962000608444214 -0.16598199307918549
v -0.2333499938249588 -0.1454779952764511 -0.2753340005874634
v 0.2333499938249588 -0.1454779952764511 -0.2753340005874634
v -0.20991800725460052 -0.15719400346279144 -0.4139769971370697
v -0.14938299357891083 -0.13962000608444214 0.431551992893219
v -0.11813999712467194 -0.15719400346279144 0.4784170091152191
v 0.11813999712467194 -0.15719400346279144 0.4784170091152191
v 0.14938299357891083 -0.13962000608444214 0.431551992893219
v 0.20991800725460052 -0.15719400346279144 -0.4139769971370697
v -0.1025179997086525 -0.15133599936962128 0.49794501066207886
v 0.1025179997086525 -0.15133599936962128 0.49794501066207886
v -0.1982010006904602 -0.15719400346279144 -0.037101998925209045
v -0.20015400648117065 -0.1591469943523407 -0.09568300098180771
v 0.1982010006904602 -0.15719400346279144 -0.037101998925209045
v 0.20015400648117065 -0.1591469943523407 -0.09568300098180771
v -0.20601199567317963 -0.1376670002937317 -0.14059600234031677
v -0.16110000014305115 -0.13376200199127197 0.39445000886917114
v 0.16110000014305115 -0.13376200199127197 0.39445000886917114
v 0.20601199567317963 -0.1376670002937317 -0.14059600234031677
v -0.19039100408554077 -0.1239980012178421 0.25385400652885437
v -0.08299099653959274 -0.13571399450302124 0.5174720287322998
v 0.08299099653959274 -0.13571399450302124 0.5174720287322998
v 0.19039100408554077 -0.1239980012178421 0.25385400652885437
v -0.1942960023880005 -0.12790299952030182 0.19332000613212585
v -0.13962000608444214 -0.1376670002937317 0.4569369852542877
v -0.12790299952030182 -0.12985600531101227 0.47646498680114746
v 0.13962000608444214 -0.1376670002937317 0.4569369852542877
v 0.12790299952030182 -0.12985600531101227 0.47646498680114746
v 0.1942960023880005 -0.12790299952030182 0.19332000613212585
v -0.2157759964466095 -0.14352500438690186 -0.39445000886917114
v -0.20015400648117065 -0.13962000608444214 -0.113257996737957
v -0.08299099653959274 -0.1415719985961914 -0.5116140246391296
v -0.05760499835014343 -0.1415719985961914 -0.5155190229415894
v -0.06541600078344345 -0.13376200199127197 0.5272349715232849
v 0.06541600078344345 -0.13376200199127197 0.5272349715232849
v 0.05760499835014343 -0.1415719985961914 -0.5155190229415894
v 0.08299099653959274 -0.1415719985961914 -0.5116140246391296
v 0.20015400648117065 -0.13962000608444214 -0.113257996737957
v 0.2157759964466095 -0.14352500438690186 -0.39445000886917114
v -0.23139800131320953 -0.1376670002937317 -0.33000999689102173
v -0.22749200463294983 -0.13571399450302124 -0.35148999094963074
v -0.22749200463294983 -0.13180899620056152 -0.2401849925518036
v -0.19624899327754974 -0.1454779952764511 -0.4354569911956787
v -0.19624899327754974 -0.14352500438690186 0.08201400190591812
v -0.19624899327754974 -0.14352500438690186 0.05467600002884865
v -0.1942960023880005 -0.13180899620056152 0.13278500735759735
v -0.11032900214195251 -0.1415719985961914 -0.503803014755249
v -0.13376200199127197 -0.13962000608444214 -0.49403899908065796
v -0.008786999620497227 -0.1376670002937317 -0.5174720287322998
v -0.043935999274253845 -0.13376200199127197 0.5350459814071655
v -0.02245599962770939 -0.13376200199127197 0.5389519929885864
v 0.008786999620497227 -0.1376670002937317 -0.5174720287322998
v 0.0009759999811649323 -0.13962000608444214 -0.5174720287322998
v 0.02245599962770939 -0.13376200199127197 0.5389519929885864
v 0.0009759999811649323 -0.13376200199127197 0.5389519929885864
v 0.043935999274253845 -0.13376200199127197 0.5350459814071655
v 0.11032900214195251 -0.1415719985961914 -0.503803014755249
v 0.13376200199127197 -0.13962000608444214 -0.49403899908065796
v 0.19624899327754974 -0.14352500438690186 0.08201400190591812
v 0.19624899327754974 -0.14352500438690186 0.05467600002884865
v 0.1942960023880005 -0.13180899620056152 0.13278500735759735
v 0.19624899327754974 -0.1454779952764511 -0.4354569911956787
v 0.23139800131320953 -0.1376670002937317 -0.33000999689102173
v 0.22749200463294983 -0.13571399450302124 -0.35148999094963074
v 0.22749200463294983 -0.13180899620056152 -0.2401849925518036
v -0.15524199604988098 -0.13962000608444214 -0.4803699851036072
v 0.15524199604988098 -0.13962000608444214 -0.4803699851036072
v -0.1767210066318512 -0.12985600531101227 -0.45498499274253845
v 0.1767210066318512 -0.12985600531101227 -0.45498499274253845
v -0.23139800131320953 -0.12985600531101227 -0.304625004529953
v -0.15524199604988098 -0.11228200048208237 0.4217880070209503
v 0.15524199604988098 -0.11228200048208237 0.4217880070209503
v 0.23139800131320953 -0.12985600531101227 -0.304625004529953
v -0.2196809947490692 -0.12790299952030182 -0.3749229907989502
v -0.1982010006904602 -0.13376200199127197 -0.09568300098180771
v 0.1982010006904602 -0.13376200199127197 -0.09568300098180771
v 0.2196809947490692 -0.12790299952030182 -0.3749229907989502
v -0.20406000316143036 -0.12985600531101227 -0.41593000292778015
v -0.19624899327754974 -0.13571399450302124 -0.037101998925209045
v -0.11423400044441223 -0.1239980012178421 0.49403899908065796
v 0.11423400044441223 -0.1239980012178421 0.49403899908065796
v 0.19624899327754974 -0.13571399450302124 -0.037101998925209045
v 0.20406000316143036 -0.12985600531101227 -0.41593000292778015
v -0.17281599342823029 -0.09666000306606293 0.3339160084724426
v -0.16500499844551086 -0.10642299801111221 0.38078099489212036
v 0.16500499844551086 -0.10642299801111221 0.38078099489212036
v 0.17281599342823029 -0.09666000306606293 0.3339160084724426
v -0.19039100408554077 -0.10837599635124207 0.17574499547481537
v 0.19039100408554077 -0.10837599635124207 0.17574499547481537
v -0.10056500136852264 -0.12204500287771225 0.5096610188484192
v -0.014644999988377094 -0.15133599936962128 -0.566290020942688
v 0.0009759999811649323 -0.14938299357891083 -0.5955809950828552
v 0.0009759999811649323 -0.15133599936962128 -0.5643370151519775
v 0.0009759999811649323 -0.1454779952764511 -0.5389519929885864
v -0.01269300002604723 -0.14938299357891083 -0.5975329875946045
v -0.02245599962770939 -0.1454779952764511 -0.5975329875946045
v -0.020503999665379524 -0.14743100106716156 -0.566290020942688
v -0.01269300002604723 -0.1454779952764511 -0.5409039855003357
v 0.014644999988377094 -0.15133599936962128 -0.566290020942688
v 0.01269300002604723 -0.14938299357891083 -0.5975329875946045
v 0.02245599962770939 -0.1454779952764511 -0.5975329875946045
v 0.020503999665379524 -0.14743100106716156 -0.566290020942688
v 0.01269300002604723 -0.1454779952764511 -0.5409039855003357
v 0.10056500136852264 -0.12204500287771225 0.5096610188484192
v -0.18843799829483032 -0.1025179997086525 0.23627999424934387
v 0.0009759999811649323 -0.13571399450302124 -0.6268240213394165
v -0.02245599962770939 -0.13571399450302124 -0.628777027130127
v -0.01269300002604723 -0.13571399450302124 -0.628777027130127
v 0.02245599962770939 -0.13571399450302124 -0.628777027130127
v 0.01269300002604723 -0.13571399450302124 -0.628777027130127
v 0.18843799829483032 -0.1025179997086525 0.23627999424934387
v -0.02440899983048439 -0.13962000608444214 -0.5955809950828552
v -0.01659799925982952 -0.1376670002937317 -0.5330939888954163
v -0.02245599962770939 -0.1415719985961914 -0.5643370151519775
v 0.01659799925982952 -0.1376670002937317 -0.5330939888954163
v 0.02440899983048439 -0.13962000608444214 -0.5955809950828552
v 0.02245599962770939 -0.1415719985961914 -0.5643370151519775
v -0.22749200463294983 -0.10837599635124207 -0.28119200468063354
v -0.20601199567317963 -0.10447099804878235 -0.1698870062828064
v -0.2157759964466095 -0.10642299801111221 -0.20698900520801544
v -0.19039100408554077 -0.11618699878454208 -0.43350499868392944
v -0.02440899983048439 -0.12790299952030182 -0.6248720288276672
v 0.02440899983048439 -0.12790299952030182 -0.6248720288276672
v 0.19039100408554077 -0.11618699878454208 -0.43350499868392944
v 0.20601199567317963 -0.10447099804878235 -0.1698870062828064
v 0.2157759964466095 -0.10642299801111221 -0.20698900520801544
v 0.22749200463294983 -0.10837599635124207 -0.28119200468063354
v -0.20991800725460052 -0.11423400044441223 -0.39445000886917114
v -0.18843799829483032 -0.11813999712467194 0.08201400190591812
v -0.19039100408554077 -0.11813999712467194 0.05467600002884865
v -0.18843799829483032 -0.11032900214195251 0.11911600083112717
v 0.18843799829483032 -0.11813999712467194 0.08201400190591812
v 0.19039100408554077 -0.11813999712467194 0.05467600002884865
v 0.18843799829483032 -0.11032900214195251 0.11911600083112717
v 0.20991800725460052 -0.11423400044441223 -0.39445000886917114
v -0.08689600229263306 -0.11228200048208237 -0.5057550072669983
v -0.11423400044441223 -0.11228200048208237 -0.49794501066207886
v -0.05955800041556358 -0.11423400044441223 -0.5116140246391296
v -0.02440899983048439 -0.1239980012178421 -0.5155190229415894
v -0.03221999853849411 -0.13376200199127197 -0.5936279892921448
v -0.030267000198364258 -0.13571399450302124 -0.5623840093612671
v 0.03221999853849411 -0.13376200199127197 -0.5936279892921448
v 0.030267000198364258 -0.13571399450302124 -0.5623840093612671
v 0.05955800041556358 -0.11423400044441223 -0.5116140246391296
v 0.02440899983048439 -0.1239980012178421 -0.5155190229415894
v 0.08689600229263306 -0.11228200048208237 -0.5057550072669983
v 0.11423400044441223 -0.11228200048208237 -0.49794501066207886
v -0.19624899327754974 -0.11423400044441223 -0.113257996737957
v -0.1376670002937317 -0.11228200048208237 -0.48622798919677734
v -0.15719400346279144 -0.11228200048208237 -0.4706059992313385
v -0.14743100106716156 -0.10447099804878235 0.4491260051727295
v -0.03221999853849411 -0.1239980012178421 -0.6229190230369568
v 0.03221999853849411 -0.1239980012178421 -0.6229190230369568
v 0.1376670002937317 -0.11228200048208237 -0.48622798919677734
v 0.14743100106716156 -0.10447099804878235 0.4491260051727295
v 0.15719400346279144 -0.11228200048208237 -0.4706059992313385
v 0.19624899327754974 -0.11423400044441223 -0.113257996737957
v -0.22553999722003937 -0.11423400044441223 -0.34172698855400085
v -0.22749200463294983 -0.11423400044441223 -0.32024699449539185
v -0.20015400648117065 -0.10642299801111221 -0.13864299654960632
v -0.1376670002937317 -0.1025179997086525 0.4706059992313385
v -0.028313999995589256 -0.13376200199127197 -0.5330939888954163
v 0.028313999995589256 -0.13376200199127197 -0.5330939888954163
v 0.1376670002937317 -0.1025179997086525 0.4706059992313385
v 0.20015400648117065 -0.10642299801111221 -0.13864299654960632
v 0.22553999722003937 -0.11423400044441223 -0.34172698855400085
v 0.22749200463294983 -0.11423400044441223 -0.32024699449539185
v -0.22163400053977966 -0.11423400044441223 -0.35930100083351135
v -0.19039100408554077 -0.10642299801111221 -0.07225099951028824
v -0.18843799829483032 -0.10837599635124207 -0.01171599980443716
v -0.08299099653959274 -0.09861300140619278 0.5272349715232849
v -0.043935999274253845 -0.13376200199127197 -0.5623840093612671
v -0.04784199967980385 -0.12985600531101227 -0.5936279892921448
v -0.020503999665379524 -0.11423400044441223 -0.6561149954795837
v -0.02245599962770939 -0.10837599635124207 -0.652209997177124
v 0.0009759999811649323 -0.11423400044441223 -0.6541619896888733
v -0.010739999823272228 -0.11423400044441223 -0.6561149954795837
v 0.020503999665379524 -0.11423400044441223 -0.6561149954795837
v 0.010739999823272228 -0.11423400044441223 -0.6561149954795837
v 0.02245599962770939 -0.10837599635124207 -0.652209997177124
v 0.043935999274253845 -0.13376200199127197 -0.5623840093612671
v 0.04784199967980385 -0.12985600531101227 -0.5936279892921448
v 0.08299099653959274 -0.09861300140619278 0.5272349715232849
v 0.19039100408554077 -0.10642299801111221 -0.07225099951028824
v 0.18843799829483032 -0.10837599635124207 -0.01171599980443716
v 0.22163400053977966 -0.11423400044441223 -0.35930100083351135
v -0.1591469943523407 -0.08689600229263306 0.40811899304389954
v -0.06541600078344345 -0.09666000306606293 0.536998987197876
v -0.05565299838781357 -0.1200919970870018 -0.5897229909896851
v -0.04979399964213371 -0.1239980012178421 -0.5604320168495178
v -0.043935999274253845 -0.09666000306606293 0.5448099970817566
v -0.04784199967980385 -0.1200919970870018 -0.6209660172462463
v -0.02245599962770939 -0.09666000306606293 0.5487149953842163
v 0.02245599962770939 -0.09666000306606293 0.5487149953842163
v 0.0009759999811649323 -0.09666000306606293 0.5487149953842163
v 0.043935999274253845 -0.09666000306606293 0.5448099970817566
v 0.04784199967980385 -0.1200919970870018 -0.6209660172462463
v 0.05565299838781357 -0.1200919970870018 -0.5897229909896851
v 0.04979399964213371 -0.1239980012178421 -0.5604320168495178
v 0.06541600078344345 -0.09666000306606293 0.536998987197876
v 0.1591469943523407 -0.08689600229263306 0.40811899304389954
v -0.22163400053977966 -0.10056500136852264 -0.2519010007381439
v -0.18257999420166016 -0.09080199897289276 0.15817099809646606
v 0.18257999420166016 -0.09080199897289276 0.15817099809646606
v 0.22163400053977966 -0.10056500136852264 -0.2519010007381439
v -0.22553999722003937 -0.1025179997086525 -0.30657801032066345
v -0.1982010006904602 -0.1025179997086525 -0.4139769971370697
v -0.17086300253868103 -0.09470699727535248 -0.4491260051727295
v -0.1239980012178421 -0.09666000306606293 0.49013400077819824
v -0.05760499835014343 -0.11228200048208237 -0.6190130114555359
v 0.05760499835014343 -0.11228200048208237 -0.6190130114555359
v 0.1239980012178421 -0.09666000306606293 0.49013400077819824
v 0.17086300253868103 -0.09470699727535248 -0.4491260051727295
v 0.1982010006904602 -0.1025179997086525 -0.4139769971370697
v 0.22553999722003937 -0.1025179997086525 -0.30657801032066345
v -0.21382300555706024 -0.10056500136852264 -0.3749229907989502
v -0.18257999420166016 -0.08494299650192261 0.21675199270248413
v -0.16500499844551086 -0.07713299989700317 0.36320701241493225
v -0.030267000198364258 -0.10447099804878235 -0.6483039855957031
v 0.030267000198364258 -0.10447099804878235 -0.6483039855957031
v 0.16500499844551086 -0.07713299989700317 0.36320701241493225
v 0.18257999420166016 -0.08494299650192261 0.21675199270248413
v 0.21382300555706024 -0.10056500136852264 -0.3749229907989502
v -0.16891099512577057 -0.07127399742603302 0.31634101271629333
v -0.11228200048208237 -0.09275399893522263 0.5057550072669983
v -0.030267000198364258 -0.11618699878454208 -0.5194240212440491
v -0.05565299838781357 -0.11228200048208237 -0.5897229909896851
v -0.04979399964213371 -0.11618699878454208 -0.5604320168495178
v -0.043935999274253845 -0.10056500136852264 -0.6483039855957031
v -0.03417300060391426 -0.10056500136852264 -0.5077080130577087
v 0.030267000198364258 -0.11618699878454208 -0.5194240212440491
v 0.03417300060391426 -0.10056500136852264 -0.5077080130577087
v 0.043935999274253845 -0.10056500136852264 -0.6483039855957031
v 0.05565299838781357 -0.11228200048208237 -0.5897229909896851
v 0.04979399964213371 -0.11618699878454208 -0.5604320168495178
v 0.11228200048208237 -0.09275399893522263 0.5057550072669983
v 0.16891099512577057 -0.07127399742603302 0.31634101271629333
v -0.09470699727535248 -0.07713299989700317 0.5233299732208252
v 0.09470699727535248 -0.07713299989700317 0.5233299732208252
v -0.05760499835014343 -0.10447099804878235 -0.6170610189437866
v -0.053700000047683716 -0.09470699727535248 -0.6463509798049927
v 0.053700000047683716 -0.09470699727535248 -0.6463509798049927
v 0.05760499835014343 -0.10447099804878235 -0.6170610189437866
v -0.1806270033121109 -0.09470699727535248 0.08201400190591812
v -0.1806270033121109 -0.09470699727535248 0.05467600002884865
v -0.17867399752140045 -0.08884900063276291 0.10740000009536743
v 0.1806270033121109 -0.09470699727535248 0.08201400190591812
v 0.17867399752140045 -0.08884900063276291 0.10740000009536743
v 0.1806270033121109 -0.09470699727535248 0.05467600002884865
v -0.18453200161457062 -0.09275399893522263 -0.42959898710250854
v -0.06541600078344345 -0.10642299801111221 -0.5565260052680969
v -0.07127399742603302 -0.1025179997086525 -0.5858169794082642
v 0.06541600078344345 -0.10642299801111221 -0.5565260052680969
v 0.07127399742603302 -0.1025179997086525 -0.5858169794082642
v 0.18453200161457062 -0.09275399893522263 -0.42959898710250854
v -0.22163400053977966 -0.09470699727535248 -0.32805800437927246
v -0.21772900223731995 -0.09470699727535248 -0.35148999094963074
v -0.2021069973707199 -0.08689600229263306 -0.3924970030784607
v -0.18843799829483032 -0.08494299650192261 -0.113257996737957
v -0.18257999420166016 -0.08103799819946289 -0.08591999858617783
v -0.06346400082111359 -0.08494299650192261 -0.5018500089645386
v -0.01659799925982952 -0.08494299650192261 -0.6756420135498047
v -0.018550999462604523 -0.08103799819946289 -0.671737015247345
v 0.0009759999811649323 -0.08494299650192261 -0.6756420135498047
v -0.008786999620497227 -0.08494299650192261 -0.6756420135498047
v 0.01659799925982952 -0.08494299650192261 -0.6756420135498047
v 0.008786999620497227 -0.08494299650192261 -0.6756420135498047
v 0.018550999462604523 -0.08103799819946289 -0.671737015247345
v 0.06346400082111359 -0.08494299650192261 -0.5018500089645386
v 0.18257999420166016 -0.08103799819946289 -0.08591999858617783
v 0.18843799829483032 -0.08494299650192261 -0.113257996737957
v 0.2021069973707199 -0.08689600229263306 -0.3924970030784607
v 0.21772900223731995 -0.09470699727535248 -0.35148999094963074
v 0.22163400053977966 -0.09470699727535248 -0.32805800437927246
v -0.13962000608444214 -0.08299099653959274 -0.4706059992313385
v -0.15524199604988098 -0.07518000155687332 -0.453031986951828
v -0.15133599936962128 -0.07518000155687332 0.4393630027770996
v -0.11813999712467194 -0.08494299650192261 -0.48622798919677734
v -0.09275399893522263 -0.08494299650192261 -0.4959920048713684
v -0.053700000047683716 -0.08884900063276291 -0.6443989872932434
v -0.06932199746370316 -0.09470699727535248 -0.6131550073623657
v 0.06932199746370316 -0.09470699727535248 -0.6131550073623657
v 0.053700000047683716 -0.08884900063276291 -0.6443989872932434
v 0.09275399893522263 -0.08494299650192261 -0.4959920048713684
v 0.11813999712467194 -0.08494299650192261 -0.48622798919677734
v 0.13962000608444214 -0.08299099653959274 -0.4706059992313385
v 0.15133599936962128 -0.07518000155687332 0.4393630027770996
v 0.15524199604988098 -0.07518000155687332 -0.453031986951828
v -0.17281599342823029 -0.07322700321674347 0.14450199902057648
v 0.17281599342823029 -0.07322700321674347 0.14450199902057648
v -0.2196809947490692 -0.08494299650192261 -0.29290899634361267
v -0.2196809947490692 -0.08689600229263306 -0.27338099479675293
v -0.17476899921894073 -0.06932199746370316 0.19917799532413483
v -0.1767210066318512 -0.07908499985933304 -0.037101998925209045
v -0.17867399752140045 -0.08689600229263306 0.01171599980443716
v -0.02440899983048439 -0.07908499985933304 -0.6697840094566345
v 0.02440899983048439 -0.07908499985933304 -0.6697840094566345
v 0.1767210066318512 -0.07908499985933304 -0.037101998925209045
v 0.17867399752140045 -0.08689600229263306 0.01171599980443716
v 0.17476899921894073 -0.06932199746370316 0.19917799532413483
v 0.2196809947490692 -0.08494299650192261 -0.29290899634361267
v 0.2196809947490692 -0.08689600229263306 -0.27338099479675293
v -0.19234299659729004 -0.07127399742603302 -0.1562180072069168
v -0.2118699997663498 -0.08103799819946289 -0.23237399756908417
v -0.1591469943523407 -0.05955800041556358 0.3924970030784607
v -0.06541600078344345 -0.09666000306606293 -0.5565260052680969
v 0.06541600078344345 -0.09666000306606293 -0.5565260052680969
v 0.1591469943523407 -0.05955800041556358 0.3924970030784607
v 0.19234299659729004 -0.07127399742603302 -0.1562180072069168
v 0.21187099814414978 -0.08103799819946289 -0.23237399756908417
v -0.1415719985961914 -0.06932199746370316 0.4627949893474579
v -0.061510998755693436 -0.08103799819946289 -0.6404929757118225
v -0.03417300060391426 -0.07518000155687332 -0.6678310036659241
v 0.03417300060391426 -0.07518000155687332 -0.6678310036659241
v 0.061510998755693436 -0.08103799819946289 -0.6404929757118225
v 0.1415719985961914 -0.06932199746370316 0.4627949893474579
v -0.21772900223731995 -0.07908499985933304 -0.3124360144138336
v -0.18843799829483032 -0.07713299989700317 -0.41202500462532043
v -0.16305199265480042 -0.04979399964213371 0.29486098885536194
v -0.13180899620056152 -0.06541600078344345 0.4823229908943176
v -0.07127399742603302 -0.09275399893522263 -0.5838639736175537
v 0.07127399742603302 -0.09275399893522263 -0.5838639736175537
v 0.13180899620056152 -0.06541600078344345 0.4823229908943176
v 0.16305199265480042 -0.04979399964213371 0.29486098885536194
v 0.18843799829483032 -0.07713299989700317 -0.41202500462532043
v 0.21772900223731995 -0.07908499985933304 -0.3124360144138336
v -0.20406000316143036 -0.07127399742603302 -0.36711201071739197
v -0.043935999274253845 -0.07127399742603302 -0.6658790111541748
v -0.04003100097179413 -0.08494299650192261 -0.5057550072669983
v -0.030267000198364258 -0.07908499985933304 -0.4998970031738281
v 0.04003100097179413 -0.08494299650192261 -0.5057550072669983
v 0.030267000198364258 -0.07908499985933304 -0.4998970031738281
v 0.043935999274253845 -0.07127399742603302 -0.6658790111541748
v 0.20406000316143036 -0.07127399742603302 -0.36711201071739197
v -0.07322700321674347 -0.05760499835014343 0.5389519929885864
v 0.07322700321674347 -0.05760499835014343 0.5389519929885864
v -0.16110000014305115 -0.053700000047683716 0.34563198685646057
v -0.1200919970870018 -0.06346400082111359 0.4998970031738281
v -0.05760499835014343 -0.08103799819946289 -0.5545729994773865
v -0.043935999274253845 -0.05955800041556358 0.5506680011749268
v -0.02245599962770939 -0.05955800041556358 0.5545729994773865
v 0.02245599962770939 -0.05955800041556358 0.5545729994773865
v 0.0009759999811649323 -0.05955800041556358 0.5565260052680969
v 0.043935999274253845 -0.05955800041556358 0.5506680011749268
v 0.05760499835014343 -0.08103799819946289 -0.5545729994773865
v 0.1200919970870018 -0.06346400082111359 0.4998970031738281
v 0.16110000014305115 -0.053700000047683716 0.34563198685646057
v -0.2118699997663498 -0.07322700321674347 -0.33782100677490234
v -0.16891099512577057 -0.07322700321674347 0.08201400190591812
v -0.16891099512577057 -0.07322700321674347 0.05467600002884865
v -0.17281599342823029 -0.07127399742603302 -0.431551992893219
v -0.07127399742603302 -0.08494299650192261 -0.6112020015716553
v -0.043935999274253845 -0.0673689991235733 -0.6639260053634644
v 0.043935999274253845 -0.0673689991235733 -0.6639260053634644
v 0.07127399742603302 -0.08494299650192261 -0.6112020015716553
v 0.17281599342823029 -0.07127399742603302 -0.431551992893219
v 0.16891099512577057 -0.07322700321674347 0.08201400190591812
v 0.16891099512577057 -0.07322700321674347 0.05467600002884865
v 0.21187099814414978 -0.07322700321674347 -0.33782100677490234
v -0.10642299801111221 -0.061510998755693436 0.5135660171508789
v -0.06541600078344345 -0.07908499985933304 -0.5819119811058044
v 0.06541600078344345 -0.07908499985933304 -0.5819119811058044
v 0.10642299801111221 -0.061510998755693436 0.5135660171508789
v -0.16500499844551086 -0.053700000047683716 0.18355600535869598
v 0.16500499844551086 -0.053700000047683716 0.18355600535869598
v -0.16110000014305115 -0.05565299838781357 0.12887999415397644
v -0.04979399964213371 -0.061510998755693436 -0.6619729995727539
v 0.04979399964213371 -0.061510998755693436 -0.6619729995727539
v 0.16110000014305115 -0.05565299838781357 0.12887999415397644
v -0.21382300555706024 -0.07127399742603302 -0.28509798645973206
v -0.20991800725460052 -0.06541600078344345 -0.2694759964942932
v -0.19039100408554077 -0.061510998755693436 -0.3905450105667114
v -0.1669580042362213 -0.06541600078344345 0.01171599980443716
v -0.15328900516033173 -0.043935999274253845 0.42374101281166077
v 0.15328900516033173 -0.043935999274253845 0.42374101281166077
v 0.1669580042362213 -0.06541600078344345 0.01171599980443716
v 0.19039100408554077 -0.061510998755693436 -0.3905450105667114
v 0.21382300555706024 -0.07127399742603302 -0.28509798645973206
v 0.20991800725460052 -0.06541600078344345 -0.2694759964942932
v -0.2118699997663498 -0.06541600078344345 -0.29876700043678284
v -0.1767210066318512 -0.05955800041556358 -0.113257996737957
v -0.15524199604988098 -0.03417300060391426 0.27338099479675293
v -0.09666000306606293 -0.05565299838781357 -0.4784170091152191
v -0.1200919970870018 -0.06346400082111359 -0.47255900502204895
v -0.06932199746370316 -0.05565299838781357 -0.48622798919677734
v -0.06541600078344345 -0.07322700321674347 -0.6385409832000732
v -0.0673689991235733 -0.07322700321674347 -0.609250009059906
v -0.03417300060391426 -0.04198399931192398 -0.4823229908943176
v -0.0673689991235733 -0.07518000155687332 -0.5526210069656372
v -0.05955800041556358 -0.06346400082111359 -0.5448099970817566
v -0.06541600078344345 -0.0673689991235733 -0.5487149953842163
v -0.01269300002604723 -0.051747001707553864 -0.6893110275268555
v 0.0009759999811649323 -0.051747001707553864 -0.6893110275268555
v 0.01269300002604723 -0.051747001707553864 -0.6893110275268555
v 0.0673689991235733 -0.07518000155687332 -0.5526210069656372
v 0.05955800041556358 -0.06346400082111359 -0.5448099970817566
v 0.06541600078344345 -0.0673689991235733 -0.5487149953842163
v 0.06932199746370316 -0.05565299838781357 -0.48622798919677734
v 0.03417300060391426 -0.04198399931192398 -0.4823229908943176
v 0.06541600078344345 -0.07322700321674347 -0.6385409832000732
v 0.0673689991235733 -0.07322700321674347 -0.609250009059906
v 0.09666000306606293 -0.05565299838781357 -0.4784170091152191
v 0.1200919970870018 -0.06346400082111359 -0.47255900502204895
v 0.15524199604988098 -0.03417300060391426 0.27338099479675293
v 0.1767210066318512 -0.05955800041556358 -0.113257996737957
v 0.21187099814414978 -0.06541600078344345 -0.29876700043678284
v -0.13571399450302124 -0.051747001707553864 -0.453031986951828
v 0.13571399450302124 -0.051747001707553864 -0.453031986951828
v -0.1982010006904602 -0.05760499835014343 -0.22065800428390503
v -0.16500499844551086 -0.053700000047683716 -0.05858200043439865
v -0.01659799925982952 -0.04784199967980385 -0.6854060292243958
v 0.01659799925982952 -0.04784199967980385 -0.6854060292243958
v 0.16500499844551086 -0.053700000047683716 -0.05858200043439865
v 0.1982010006904602 -0.05760499835014343 -0.22065800428390503
v -0.20601199567317963 -0.05760499835014343 -0.3182939887046814
v -0.16305199265480042 -0.05760499835014343 -0.025384999811649323
v -0.07518000155687332 -0.07127399742603302 -0.579958975315094
v -0.020503999665379524 -0.06932199746370316 -0.4959920048713684
v -0.04198399931192398 -0.03417300060391426 -0.5448099970817566
v -0.051747001707553864 -0.053700000047683716 -0.5409039855003357
v -0.026362000033259392 -0.045889001339673996 -0.6834530234336853
v 0.026362000033259392 -0.045889001339673996 -0.6834530234336853
v 0.020503999665379524 -0.06932199746370316 -0.4959920048713684
v 0.04198399931192398 -0.03417300060391426 -0.5448099970817566
v 0.051747001707553864 -0.053700000047683716 -0.5409039855003357
v 0.07518000155687332 -0.07127399742603302 -0.579958975315094
v 0.16305199265480042 -0.05760499835014343 -0.025384999811649323
v 0.20601199567317963 -0.05760499835014343 -0.3182939887046814
v -0.17476899921894073 -0.053700000047683716 -0.41007199883461
v -0.15719400346279144 -0.036125000566244125 0.37297001481056213
v -0.10056500136852264 -0.030267000198364258 0.5213770270347595
v -0.08299099653959274 -0.030267000198364258 0.5350459814071655
v 0.10056500136852264 -0.030267000198364258 0.5213770270347595
v 0.08299099653959274 -0.030267000198364258 0.5350459814071655
v 0.15719400346279144 -0.036125000566244125 0.37297001481056213
v 0.17476899921894073 -0.053700000047683716 -0.41007199883461
v -0.15524199604988098 -0.043935999274253845 -0.4276460111141205
v -0.1454779952764511 -0.03417300060391426 0.4491260051727295
v 0.1454779952764511 -0.03417300060391426 0.4491260051727295
v 0.15524199604988098 -0.043935999274253845 -0.4276460111141205
v -0.1982010006904602 -0.04979399964213371 -0.34172698855400085
v -0.15133599936962128 -0.04003100097179413 0.16598199307918549
v -0.15524199604988098 -0.051747001707553864 0.08201400190591812
v -0.15524199604988098 -0.051747001707553864 0.05467600002884865
v -0.06346400082111359 -0.06541600078344345 -0.6346349716186523
v -0.07518000155687332 -0.06541600078344345 -0.6072970032691956
v -0.053700000047683716 -0.05565299838781357 -0.6600210070610046
v 0.06346400082111359 -0.06541600078344345 -0.6346349716186523
v 0.053700000047683716 -0.05565299838781357 -0.6600210070610046
v 0.07518000155687332 -0.06541600078344345 -0.6072970032691956
v 0.15524199604988098 -0.051747001707553864 0.08201400190591812
v 0.15524199604988098 -0.051747001707553864 0.05467600002884865
v 0.15133599936962128 -0.04003100097179413 0.16598199307918549
v 0.1982010006904602 -0.04979399964213371 -0.34172698855400085
v -0.20601199567317963 -0.053700000047683716 -0.283145010471344
v -0.18843799829483032 -0.043935999274253845 -0.3651590049266815
v -0.17476899921894073 -0.04198399931192398 -0.1562180072069168
v -0.15524199604988098 -0.03417300060391426 0.32415199279785156
v -0.07518000155687332 -0.061510998755693436 -0.5780060291290283
v -0.03221999853849411 -0.04003100097179413 -0.6815009713172913
v 0.03221999853849411 -0.04003100097179413 -0.6815009713172913
v 0.07518000155687332 -0.061510998755693436 -0.5780060291290283
v 0.15524199604988098 -0.03417300060391426 0.32415199279785156
v 0.17476899921894073 -0.04198399931192398 -0.1562180072069168
v 0.18843799829483032 -0.043935999274253845 -0.3651590049266815
v 0.20601199567317963 -0.053700000047683716 -0.283145010471344
v -0.1454779952764511 -0.020503999665379524 0.2519010007381439
v -0.13571399450302124 -0.030267000198364258 0.47255900502204895
v 0.0009759999811649323 -0.03221999853849411 -0.4784170091152191
v 0.0009759999811649323 -0.06541600078344345 -0.4959920048713684
v -0.02440899983048439 -0.008786999620497227 -0.5623840093612671
v 0.02440899983048439 -0.008786999620497227 -0.5623840093612671
v 0.13571399450302124 -0.030267000198364258 0.47255900502204895
v 0.1454779952764511 -0.020503999665379524 0.2519010007381439
v -0.06346400082111359 -0.04003100097179413 -0.579958975315094
v -0.036125000566244125 -0.03417300060391426 -0.6775950193405151
v 0.036125000566244125 -0.03417300060391426 -0.6775950193405151
v 0.06346400082111359 -0.04003100097179413 -0.579958975315094
v -0.20015400648117065 -0.045889001339673996 -0.30267199873924255
v -0.1982010006904602 -0.045889001339673996 -0.2655700147151947
v -0.15328900516033173 -0.045889001339673996 0.01171599980443716
v -0.1239980012178421 -0.028313999995589256 0.4920859932899475
v -0.07127399742603302 -0.05565299838781357 -0.6326820254325867
v -0.07713299989700317 -0.053700000047683716 -0.6053439974784851
v -0.04979399964213371 -0.04784199967980385 -0.6580680012702942
v 0.0009759999811649323 -0.004881999921053648 -0.5584790110588074
v 0.07127399742603302 -0.05565299838781357 -0.6326820254325867
v 0.04979399964213371 -0.04784199967980385 -0.6580680012702942
v 0.07713299989700317 -0.053700000047683716 -0.6053439974784851
v 0.1239980012178421 -0.028313999995589256 0.4920859932899475
v 0.15328900516033173 -0.045889001339673996 0.01171599980443716
v 0.1982010006904602 -0.045889001339673996 -0.2655700147151947
v 0.20015400648117065 -0.045889001339673996 -0.30267199873924255
v -0.10447099804878235 -0.03221999853849411 -0.4569369852542877
v -0.11228200048208237 -0.028313999995589256 0.5077080130577087
v -0.06932199746370316 -0.030267000198364258 -0.5760530233383179
v 0.06932199746370316 -0.030267000198364258 -0.5760530233383179
v 0.10447099804878235 -0.03221999853849411 -0.4569369852542877
v 0.11228200048208237 -0.028313999995589256 0.5077080130577087
v -0.17476899921894073 -0.036125000566244125 -0.38468700647354126
v 0.17476899921894073 -0.036125000566244125 -0.38468700647354126
v -0.16110000014305115 -0.04003100097179413 -0.09568300098180771
v -0.15133599936962128 -0.014644999988377094 0.4003080129623413
v -0.043935999274253845 -0.02440899983048439 0.5526210069656372
v -0.06541600078344345 -0.02440899983048439 0.5448099970817566
v -0.02245599962770939 -0.02440899983048439 0.5565260052680969
v 0.02245599962770939 -0.02440899983048439 0.5565260052680969
v 0.0009759999811649323 -0.02440899983048439 0.5584790110588074
v 0.043935999274253845 -0.02440899983048439 0.5526210069656372
v 0.06541600078344345 -0.02440899983048439 0.5448099970817566
v 0.15133599936962128 -0.014644999988377094 0.4003080129623413
v 0.16110000014305115 -0.04003100097179413 -0.09568300098180771
v -0.19234299659729004 -0.036125000566244125 -0.32024699449539185
v -0.18648500740528107 -0.03807799890637398 -0.226515993475914
v -0.14938299357891083 -0.03807799890637398 -0.025384999811649323
v 0.14938299357891083 -0.03807799890637398 -0.025384999811649323
v 0.18648500740528107 -0.03807799890637398 -0.226515993475914
v 0.19234299659729004 -0.036125000566244125 -0.32024699449539185
v -0.13962000608444214 -0.030267000198364258 0.13278500735759735
v -0.07322700321674347 -0.030267000198364258 -0.4667010009288788
v -0.07127399742603302 -0.045889001339673996 -0.628777027130127
v -0.05955800041556358 -0.04198399931192398 -0.6561149954795837
v 0.07322700321674347 -0.030267000198364258 -0.4667010009288788
v 0.07127399742603302 -0.045889001339673996 -0.628777027130127
v 0.05955800041556358 -0.04198399931192398 -0.6561149954795837
v 0.13962000608444214 -0.030267000198364258 0.13278500735759735
v -0.1942960023880005 -0.03807799890637398 -0.283145010471344
v -0.15719400346279144 -0.028313999995589256 -0.40226098895072937
v -0.14743100106716156 -0.030267000198364258 -0.05858200043439865
v -0.12985600531101227 -0.0068350001238286495 0.23237399756908417
v -0.15133599936962128 -0.01659799925982952 0.35148999094963074
v -0.061510998755693436 -0.018550999462604523 -0.6463509798049927
v -0.05760499835014343 -0.014644999988377094 -0.6072970032691956
v -0.05955800041556358 -0.008786999620497227 -0.642445981502533
v -0.06346400082111359 -0.01659799925982952 -0.5838639736175537
v 0.06346400082111359 -0.01659799925982952 -0.5838639736175537
v 0.061510998755693436 -0.018550999462604523 -0.6463509798049927
v 0.05760499835014343 -0.014644999988377094 -0.6072970032691956
v 0.05955800041556358 -0.008786999620497227 -0.642445981502533
v 0.15133599936962128 -0.01659799925982952 0.35148999094963074
v 0.14743100106716156 -0.030267000198364258 -0.05858200043439865
v 0.12985600531101227 -0.0068350001238286495 0.23237399756908417
v 0.15719400346279144 -0.028313999995589256 -0.40226098895072937
v 0.1942960023880005 -0.03807799890637398 -0.283145010471344
v -0.1376670002937317 -0.03221999853849411 0.08201400190591812
v -0.1376670002937317 -0.03221999853849411 0.05467600002884865
v -0.12595100700855255 -0.026362000033259392 -0.4354569911956787
v 0.0009759999811649323 -0.014644999988377094 -0.6971219778060913
v -0.010739999823272228 -0.014644999988377094 -0.695169985294342
v 0.010739999823272228 -0.014644999988377094 -0.695169985294342
v 0.12595100700855255 -0.026362000033259392 -0.4354569911956787
v 0.1376670002937317 -0.03221999853849411 0.08201400190591812
v 0.1376670002937317 -0.03221999853849411 0.05467600002884865
v -0.18257999420166016 -0.028313999995589256 -0.34172698855400085
v -0.14743100106716156 -0.01659799925982952 0.3007189929485321
v 0.14743100106716156 -0.01659799925982952 0.3007189929485321
v 0.18257999420166016 -0.028313999995589256 -0.34172698855400085
v -0.045889001339673996 -0.020503999665379524 -0.6736900210380554
v -0.01269300002604723 -0.010739999823272228 -0.6932169795036316
v 0.01269300002604723 -0.010739999823272228 -0.6932169795036316
v 0.045889001339673996 -0.020503999665379524 -0.6736900210380554
v -0.18648500740528107 -0.026362000033259392 -0.3007189929485321
v -0.18648500740528107 -0.026362000033259392 -0.27338099479675293
v -0.13571399450302124 -0.026362000033259392 0.01171599980443716
v -0.061510998755693436 -0.03221999853849411 -0.6541619896888733
v -0.01659799925982952 -0.008786999620497227 -0.6912639737129211
v 0.01659799925982952 -0.008786999620497227 -0.6912639737129211
v 0.061510998755693436 -0.03221999853849411 -0.6541619896888733
v 0.13571399450302124 -0.026362000033259392 0.01171599980443716
v 0.18648500740528107 -0.026362000033259392 -0.27338099479675293
v 0.18648500740528107 -0.026362000033259392 -0.3007189929485321
v -0.17086300253868103 -0.020503999665379524 -0.3612540066242218
v -0.13376200199127197 -0.008786999620497227 -0.4042139947414398
v -0.1376670002937317 0.03221999853849411 0.4452210068702698
v -0.14352500438690186 0.03417300060391426 0.41983601450920105
v 0.1376670002937317 0.03221999853849411 0.4452210068702698
v 0.14352500438690186 0.03417300060391426 0.41983601450920105
v 0.13376200199127197 -0.008786999620497227 -0.4042139947414398
v 0.17086300253868103 -0.020503999665379524 -0.3612540066242218
v -0.1591469943523407 -0.026362000033259392 -0.13864299654960632
v -0.1669580042362213 -0.020503999665379524 -0.19917799532413483
v 0.0009759999811649323 -0.01269300002604723 -0.4608429968357086
v -0.036125000566244125 -0.01269300002604723 -0.45888999104499817
v 0.036125000566244125 -0.01269300002604723 -0.45888999104499817
v 0.1591469943523407 -0.026362000033259392 -0.13864299654960632
v 0.1669580042362213 -0.020503999665379524 -0.19917799532413483
v -0.14352500438690186 -0.018550999462604523 -0.09568300098180771
v -0.12985600531101227 -0.01659799925982952 0.1698870062828064
v -0.020503999665379524 -0.004881999921053648 -0.6893110275268555
v 0.020503999665379524 -0.004881999921053648 -0.6893110275268555
v 0.12985600531101227 -0.01659799925982952 0.1698870062828064
v 0.14352500438690186 -0.018550999462604523 -0.09568300098180771
v -0.17281599342823029 -0.014644999988377094 -0.25385400652885437
v -0.13180899620056152 -0.020503999665379524 -0.025384999811649323
v 0.13180899620056152 -0.020503999665379524 -0.025384999811649323
v 0.17281599342823029 -0.014644999988377094 -0.25385400652885437
v -0.1767210066318512 -0.01659799925982952 -0.32024699449539185
v -0.15719400346279144 -0.014644999988377094 -0.3788279891014099
v -0.14743100106716156 0.010739999823272228 0.3827340006828308
v 0.14743100106716156 0.010739999823272228 0.3827340006828308
v 0.15719400346279144 -0.014644999988377094 -0.3788279891014099
v 0.1767210066318512 -0.01659799925982952 -0.32024699449539185
v -0.13571399450302124 -0.00292899995110929 0.2792389988899231
v -0.14352500438690186 -0.0009759999811649323 0.33000999689102173
v -0.045889001339673996 -0.0009759999811649323 -0.5858169794082642
v -0.030267000198364258 0.008786999620497227 -0.6854060292243958
v 0.030267000198364258 0.008786999620497227 -0.6854060292243958
v 0.045889001339673996 -0.0009759999811649323 -0.5858169794082642
v 0.13571399450302124 -0.00292899995110929 0.2792389988899231
v 0.14352500438690186 -0.0009759999811649323 0.33000999689102173
v -0.1200919970870018 -0.014644999988377094 0.08201400190591812
v -0.1200919970870018 -0.014644999988377094 0.05467600002884865
v -0.1200919970870018 -0.01269300002604723 0.12887999415397644
v -0.07127399742603302 -0.008786999620497227 -0.4471740126609802
v -0.09666000306606293 -0.0068350001238286495 -0.43350499868392944
v -0.04784199967980385 -0.008786999620497227 -0.6697840094566345
v 0.04784199967980385 -0.008786999620497227 -0.6697840094566345
v 0.07127399742603302 -0.008786999620497227 -0.4471740126609802
v 0.09666000306606293 -0.0068350001238286495 -0.43350499868392944
v 0.1200919970870018 -0.014644999988377094 0.08201400190591812
v 0.1200919970870018 -0.014644999988377094 0.05467600002884865
v 0.1200919970870018 -0.01269300002604723 0.12887999415397644
v -0.12985600531101227 -0.01269300002604723 -0.05858200043439865
v -0.1200919970870018 0.010739999823272228 0.49013400077819824
v -0.12790299952030182 0.043935999274253845 0.46865400671958923
v -0.08299099653959274 0.01269300002604723 0.5291879773139954
v -0.09861300140619278 0.01269300002604723 0.5174720287322998
v -0.06541600078344345 0.01269300002604723 0.5409039855003357
v -0.06346400082111359 -0.00292899995110929 -0.6033920049667358
v 0.06346400082111359 -0.00292899995110929 -0.6033920049667358
v 0.08299099653959274 0.01269300002604723 0.5291879773139954
v 0.06541600078344345 0.01269300002604723 0.5409039855003357
v 0.09861300140619278 0.01269300002604723 0.5174720287322998
v 0.1200919970870018 0.010739999823272228 0.49013400077819824
v 0.12790299952030182 0.043935999274253845 0.46865400671958923
v 0.12985600531101227 -0.01269300002604723 -0.05858200043439865
v -0.16500499844551086 -0.008786999620497227 -0.33782100677490234
v -0.11032900214195251 0.01269300002604723 0.503803014755249
v 0.11032900214195251 0.01269300002604723 0.503803014755249
v 0.16500499844551086 -0.008786999620497227 -0.33782100677490234
v -0.16891099512577057 -0.004881999921053648 -0.28900301456451416
v -0.14352500438690186 -0.0068350001238286495 -0.13864299654960632
v -0.11618699878454208 -0.010739999823272228 0.01171599980443716
v -0.11813999712467194 -0.004881999921053648 -0.4178830087184906
v 0.11813999712467194 -0.004881999921053648 -0.4178830087184906
v 0.11618699878454208 -0.010739999823272228 0.01171599980443716
v 0.14352500438690186 -0.0068350001238286495 -0.13864299654960632
v 0.16891099512577057 -0.004881999921053648 -0.28900301456451416
v -0.043935999274253845 0.01269300002604723 0.5487149953842163
v -0.02245599962770939 0.014644999988377094 0.5545729994773865
v 0.0009759999811649323 0.014644999988377094 0.5545729994773865
v 0.02245599962770939 0.014644999988377094 0.5545729994773865
v 0.043935999274253845 0.01269300002604723 0.5487149953842163
v -0.15328900516033173 -0.00292899995110929 -0.3573479950428009
v -0.15133599936962128 0.0009759999811649323 -0.21284699440002441
v -0.12204500287771225 0.008786999620497227 0.25971201062202454
v -0.11423400044441223 -0.00292899995110929 -0.025384999811649323
v 0.11423400044441223 -0.00292899995110929 -0.025384999811649323
v 0.12204500287771225 0.008786999620497227 0.25971201062202454
v 0.15133599936962128 0.0009759999811649323 -0.21284699440002441
v 0.15328900516033173 -0.00292899995110929 -0.3573479950428009
v -0.12595100700855255 -0.0009759999811649323 -0.09568300098180771
v -0.04784199967980385 0.0068350001238286495 -0.6639260053634644
v 0.04784199967980385 0.0068350001238286495 -0.6639260053634644
v 0.12595100700855255 -0.0009759999811649323 -0.09568300098180771
v -0.15719400346279144 0.004881999921053648 -0.31634101271629333
v -0.1415719985961914 0.01659799925982952 0.3534429967403412
v -0.13376200199127197 0.010739999823272228 0.31048300862312317
v -0.11032900214195251 0.0009759999811649323 0.16598199307918549
v -0.11032900214195251 0.008786999620497227 0.21675199270248413
v -0.05565299838781357 0.014644999988377094 -0.6151080131530762
v 0.05565299838781357 0.014644999988377094 -0.6151080131530762
v 0.11032900214195251 0.0009759999811649323 0.16598199307918549
v 0.11032900214195251 0.008786999620497227 0.21675199270248413
v 0.13376200199127197 0.010739999823272228 0.31048300862312317
v 0.1415719985961914 0.01659799925982952 0.3534429967403412
v 0.15719400346279144 0.004881999921053648 -0.31634101271629333
v -0.15133599936962128 0.010739999823272228 -0.26752299070358276
v -0.13180899620056152 0.008786999620497227 -0.37297001481056213
v -0.09861300140619278 0.0009759999811649323 0.08201400190591812
v -0.09861300140619278 0.0009759999811649323 0.05467600002884865
v -0.09861300140619278 0.00292899995110929 0.12692700326442719
v -0.04784199967980385 0.014644999988377094 -0.6326820254325867
v 0.0009759999811649323 0.026362000033259392 -0.6971219778060913
v -0.00292899995110929 0.026362000033259392 -0.6971219778060913
v 0.00292899995110929 0.026362000033259392 -0.6971219778060913
v 0.04784199967980385 0.014644999988377094 -0.6326820254325867
v 0.09861300140619278 0.0009759999811649323 0.08201400190591812
v 0.09861300140619278 0.0009759999811649323 0.05467600002884865
v 0.09861300140619278 0.00292899995110929 0.12692700326442719
v 0.13180899620056152 0.008786999620497227 -0.37297001481056213
v 0.15133599936962128 0.010739999823272228 -0.26752299070358276
v -0.11032900214195251 0.004881999921053648 -0.05858200043439865
v 0.0009759999811649323 0.0068350001238286495 -0.44131600856781006
v -0.03417300060391426 0.0068350001238286495 -0.4393630027770996
v 0.03417300060391426 0.0068350001238286495 -0.4393630027770996
v 0.11032900214195251 0.004881999921053648 -0.05858200043439865
v -0.09666000306606293 0.004881999921053648 0.01171599980443716
v -0.0068350001238286495 0.028313999995589256 -0.695169985294342
v 0.0068350001238286495 0.028313999995589256 -0.695169985294342
v 0.09666000306606293 0.004881999921053648 0.01171599980443716
v -0.14743100106716156 0.008786999620497227 -0.3358680009841919
v -0.10642299801111221 0.01269300002604723 -0.39835599064826965
v -0.0673689991235733 0.010739999823272228 -0.42569398880004883
v -0.043935999274253845 0.020503999665379524 -0.6580680012702942
v -0.03221999853849411 0.02245599962770939 -0.6795480251312256
v -0.02245599962770939 0.026362000033259392 -0.6072970032691956
v 0.02245599962770939 0.026362000033259392 -0.6072970032691956
v 0.03221999853849411 0.02245599962770939 -0.6795480251312256
v 0.043935999274253845 0.020503999665379524 -0.6580680012702942
v 0.0673689991235733 0.010739999823272228 -0.42569398880004883
v 0.10642299801111221 0.01269300002604723 -0.39835599064826965
v 0.14743100106716156 0.008786999620497227 -0.3358680009841919
v -0.1239980012178421 0.008786999620497227 -0.13864299654960632
v -0.10447099804878235 0.020503999665379524 0.2440900057554245
v -0.08884900063276291 0.01269300002604723 -0.41202500462532043
v 0.08884900063276291 0.01269300002604723 -0.41202500462532043
v 0.10447099804878235 0.020503999665379524 0.2440900057554245
v 0.1239980012178421 0.008786999620497227 -0.13864299654960632
v -0.1454779952764511 0.014644999988377094 -0.2968139946460724
v -0.01269300002604723 0.036125000566244125 -0.6912639737129211
v 0.0009759999811649323 0.028313999995589256 -0.6033920049667358
v 0.01269300002604723 0.036125000566244125 -0.6912639737129211
v 0.1454779952764511 0.014644999988377094 -0.2968139946460724
v -0.12595100700855255 0.02245599962770939 -0.33782100677490234
v -0.1200919970870018 0.02245599962770939 0.28900301456451416
v -0.09275399893522263 0.010739999823272228 -0.025384999811649323
v -0.053700000047683716 0.02440899983048439 -0.6307299733161926
v 0.053700000047683716 0.02440899983048439 -0.6307299733161926
v 0.09275399893522263 0.010739999823272228 -0.025384999811649323
v 0.1200919970870018 0.02245599962770939 0.28900301456451416
v 0.12595100700855255 0.02245599962770939 -0.33782100677490234
v -0.13180899620056152 0.028313999995589256 0.3319630026817322
v -0.10642299801111221 0.01269300002604723 -0.09568300098180771
v -0.04198399931192398 0.028313999995589256 -0.6229190230369568
v 0.04198399931192398 0.028313999995589256 -0.6229190230369568
v 0.10642299801111221 0.01269300002604723 -0.09568300098180771
v 0.13180899620056152 0.028313999995589256 0.3319630026817322
v -0.12790299952030182 0.020503999665379524 -0.21480000019073486
v -0.08884900063276291 0.01269300002604723 0.16207599639892578
v -0.09080199897289276 0.020503999665379524 0.20698900520801544
v -0.07518000155687332 0.01269300002604723 0.08201400190591812
v -0.07518000155687332 0.01269300002604723 0.05467600002884865
v -0.07518000155687332 0.014644999988377094 0.12497399747371674
v 0.07518000155687332 0.01269300002604723 0.08201400190591812
v 0.07518000155687332 0.01269300002604723 0.05467600002884865
v 0.07518000155687332 0.014644999988377094 0.12497399747371674
v 0.08884900063276291 0.01269300002604723 0.16207599639892578
v 0.09080199897289276 0.020503999665379524 0.20698900520801544
v 0.12790299952030182 0.020503999665379524 -0.21480000019073486
v -0.13376200199127197 0.02245599962770939 -0.31048300862312317
v -0.08884900063276291 0.01659799925982952 -0.05858200043439865
v -0.07322700321674347 0.01659799925982952 0.01171599980443716
v 0.07322700321674347 0.01659799925982952 0.01171599980443716
v 0.08884900063276291 0.01659799925982952 -0.05858200043439865
v 0.13376200199127197 0.02245599962770939 -0.31048300862312317
v -0.030267000198364258 0.036125000566244125 -0.6736900210380554
v 0.0009759999811649323 0.02440899983048439 -0.41983601450920105
v -0.03417300060391426 0.02440899983048439 -0.41593000292778015
v 0.03417300060391426 0.02440899983048439 -0.41593000292778015
v 0.030267000198364258 0.036125000566244125 -0.6736900210380554
v -0.1025179997086525 0.030267000198364258 -0.36320701241493225
v -0.10447099804878235 0.02245599962770939 -0.13864299654960632
v -0.10447099804878235 0.03221999853849411 0.27142900228500366
v -0.08494299650192261 0.03221999853849411 0.23237399756908417
v 0.08494299650192261 0.03221999853849411 0.23237399756908417
v 0.10447099804878235 0.03221999853849411 0.27142900228500366
v 0.10447099804878235 0.02245599962770939 -0.13864299654960632
v 0.1025179997086525 0.030267000198364258 -0.36320701241493225
v -0.12595100700855255 0.030267000198364258 -0.27142900228500366
v -0.1376670002937317 0.04784199967980385 0.36906498670578003
v -0.13376200199127197 0.08884900063276291 0.388592004776001
v -0.1200919970870018 0.03807799890637398 0.31048300862312317
v -0.10642299801111221 0.053700000047683716 0.49794501066207886
v -0.11618699878454208 0.053700000047683716 0.4842750132083893
v -0.06932199746370316 0.020503999665379524 -0.025384999811649323
v -0.06346400082111359 0.028313999995589256 -0.4003080129623413
v 0.06346400082111359 0.028313999995589256 -0.4003080129623413
v 0.06932199746370316 0.020503999665379524 -0.025384999811649323
v 0.10642299801111221 0.053700000047683716 0.49794501066207886
v 0.11618699878454208 0.053700000047683716 0.4842750132083893
v 0.1200919970870018 0.03807799890637398 0.31048300862312317
v 0.1376670002937317 0.04784199967980385 0.36906498670578003
v 0.13376200199127197 0.08884900063276291 0.388592004776001
v 0.12595100700855255 0.030267000198364258 -0.27142900228500366
v -0.09470699727535248 0.05565299838781357 0.5096610188484192
v -0.08299099653959274 0.030267000198364258 -0.38468700647354126
v -0.08494299650192261 0.02440899983048439 -0.09568300098180771
v -0.08103799819946289 0.05565299838781357 0.5213770270347595
v -0.0673689991235733 0.02440899983048439 0.15817099809646606
v -0.0673689991235733 0.030267000198364258 0.19917799532413483
v -0.06346400082111359 0.05565299838781357 0.5330939888954163
v -0.04979399964213371 0.02245599962770939 0.08201400190591812
v -0.04979399964213371 0.02245599962770939 0.05467600002884865
v -0.04979399964213371 0.02440899983048439 0.12302199751138687
v -0.043935999274253845 0.05565299838781357 0.5409039855003357
v -0.02245599962770939 0.05565299838781357 0.5448099970817566
v 0.043935999274253845 0.05565299838781357 0.5409039855003357
v 0.02245599962770939 0.05565299838781357 0.5448099970817566
v 0.06346400082111359 0.05565299838781357 0.5330939888954163
v 0.04979399964213371 0.02245599962770939 0.08201400190591812
v 0.04979399964213371 0.02245599962770939 0.05467600002884865
v 0.04979399964213371 0.02440899983048439 0.12302199751138687
v 0.08103799819946289 0.05565299838781357 0.5213770270347595
v 0.08299099653959274 0.030267000198364258 -0.38468700647354126
v 0.0673689991235733 0.02440899983048439 0.15817099809646606
v 0.0673689991235733 0.030267000198364258 0.19917799532413483
v 0.09470699727535248 0.05565299838781357 0.5096610188484192
v 0.08494299650192261 0.02440899983048439 -0.09568300098180771
v -0.04003100097179413 0.045889001339673996 -0.6502569913864136
v -0.036125000566244125 0.036125000566244125 -0.6561149954795837
v 0.0009759999811649323 0.05565299838781357 0.546763002872467
v 0.036125000566244125 0.036125000566244125 -0.6561149954795837
v 0.04003100097179413 0.045889001339673996 -0.6502569913864136
v -0.13180899620056152 0.04979399964213371 0.347584992647171
v -0.0673689991235733 0.026362000033259392 -0.05858200043439865
v -0.04784199967980385 0.02440899983048439 0.01171599980443716
v 0.04784199967980385 0.02440899983048439 0.01171599980443716
v 0.0673689991235733 0.026362000033259392 -0.05858200043439865
v 0.13180899620056152 0.04979399964213371 0.347584992647171
v -0.1025179997086525 0.03417300060391426 -0.19332000613212585
v -0.10056500136852264 0.04198399931192398 -0.23823200166225433
v -0.08299099653959274 0.04198399931192398 0.2577599883079529
v -0.06346400082111359 0.04003100097179413 0.22456300258636475
v -0.045889001339673996 0.028313999995589256 -0.025384999811649323
v -0.026362000033259392 0.045889001339673996 -0.6697840094566345
v 0.026362000033259392 0.045889001339673996 -0.6697840094566345
v 0.045889001339673996 0.028313999995589256 -0.025384999811649323
v 0.06346400082111359 0.04003100097179413 0.22456300258636475
v 0.08299099653959274 0.04198399931192398 0.2577599883079529
v 0.1025179997086525 0.03417300060391426 -0.19332000613212585
v 0.10056500136852264 0.04198399931192398 -0.23823200166225433
v -0.10447099804878235 0.04198399931192398 -0.30657801032066345
v -0.09470699727535248 0.04198399931192398 -0.3339160084724426
v -0.1025179997086525 0.04784199967980385 0.2909559905529022
v -0.08299099653959274 0.03417300060391426 -0.13864299654960632
v -0.02440899983048439 0.028313999995589256 0.08201400190591812
v -0.02440899983048439 0.028313999995589256 0.05467600002884865
v -0.02440899983048439 0.030267000198364258 0.12106899917125702
v -0.01659799925982952 0.04784199967980385 -0.6873589754104614
v 0.01659799925982952 0.04784199967980385 -0.6873589754104614
v 0.02440899983048439 0.028313999995589256 0.08201400190591812
v 0.02440899983048439 0.028313999995589256 0.05467600002884865
v 0.02440899983048439 0.030267000198364258 0.12106899917125702
v 0.08299099653959274 0.03417300060391426 -0.13864299654960632
v 0.1025179997086525 0.04784199967980385 0.2909559905529022
v 0.10447099804878235 0.04198399931192398 -0.30657801032066345
v 0.09470699727535248 0.04198399931192398 -0.3339160084724426
v -0.06346400082111359 0.03417300060391426 -0.09568300098180771
v -0.043935999274253845 0.03221999853849411 0.1562180072069168
v -0.043935999274253845 0.03807799890637398 0.19332000613212585
v -0.02245599962770939 0.030267000198364258 0.01171599980443716
v 0.0009759999811649323 0.04003100097179413 -0.39445000886917114
v -0.03221999853849411 0.04003100097179413 -0.3924970030784607
v 0.03221999853849411 0.04003100097179413 -0.3924970030784607
v 0.02245599962770939 0.030267000198364258 0.01171599980443716
v 0.043935999274253845 0.03221999853849411 0.1562180072069168
v 0.043935999274253845 0.03807799890637398 0.19332000613212585
v 0.06346400082111359 0.03417300060391426 -0.09568300098180771
v -0.043935999274253845 0.03417300060391426 -0.05858200043439865
v -0.018550999462604523 0.053700000047683716 -0.6483039855957031
v 0.0009759999811649323 0.0673689991235733 -0.6912639737129211
v 0.018550999462604523 0.053700000047683716 -0.6483039855957031
v 0.043935999274253845 0.03417300060391426 -0.05858200043439865
v -0.1200919970870018 0.05760499835014343 0.326104998588562
v -0.05760499835014343 0.04198399931192398 -0.3749229907989502
v -0.02245599962770939 0.03221999853849411 -0.025384999811649323
v 0.0009759999811649323 0.028313999995589256 0.08201400190591812
v 0.0009759999811649323 0.028313999995589256 0.05467600002884865
v 0.0009759999811649323 0.03221999853849411 0.12106899917125702
v 0.0009759999811649323 0.05760499835014343 -0.6463509798049927
v 0.0009759999811649323 0.030267000198364258 0.01171599980443716
v 0.02245599962770939 0.03221999853849411 -0.025384999811649323
v 0.05760499835014343 0.04198399931192398 -0.3749229907989502
v 0.1200919970870018 0.05760499835014343 0.326104998588562
v -0.09861300140619278 0.045889001339673996 -0.27338099479675293
v -0.07713299989700317 0.043935999274253845 -0.35539600253105164
v -0.04003100097179413 0.045889001339673996 0.21870499849319458
v -0.02245599962770939 0.04003100097179413 0.17183999717235565
v 0.0009759999811649323 0.04003100097179413 0.17183999717235565
v 0.0009759999811649323 0.03417300060391426 -0.025384999811649323
v 0.02245599962770939 0.04003100097179413 0.17183999717235565
v 0.04003100097179413 0.045889001339673996 0.21870499849319458
v 0.07713299989700317 0.043935999274253845 -0.35539600253105164
v 0.09861300140619278 0.045889001339673996 -0.27338099479675293
v -0.1239980012178421 0.1454779952764511 0.41983601450920105
v -0.11813999712467194 0.14938299357891083 0.43740999698638916
v -0.08299099653959274 0.05565299838781357 0.2753340005874634
v -0.061510998755693436 0.04979399964213371 0.2479960024356842
v -0.020503999665379524 0.03807799890637398 -0.05858200043439865
v 0.020503999665379524 0.03807799890637398 -0.05858200043439865
v 0.061510998755693436 0.04979399964213371 0.2479960024356842
v 0.08299099653959274 0.05565299838781357 0.2753340005874634
v 0.1239980012178421 0.1454779952764511 0.41983601450920105
v 0.11813999712467194 0.14938299357891083 0.43740999698638916
v -0.12790299952030182 0.1376670002937317 0.4003080129623413
v -0.07908499985933304 0.043935999274253845 -0.19332000613212585
v -0.061510998755693436 0.04198399931192398 -0.13864299654960632
v -0.04003100097179413 0.04003100097179413 -0.09568300098180771
v 0.0009759999811649323 0.03807799890637398 -0.05858200043439865
v 0.04003100097179413 0.04003100097179413 -0.09568300098180771
v 0.061510998755693436 0.04198399931192398 -0.13864299654960632
v 0.07908499985933304 0.043935999274253845 -0.19332000613212585
v 0.12790299952030182 0.1376670002937317 0.4003080129623413
v -0.020503999665379524 0.05955800041556358 -0.6678310036659241
v -0.014644999988377094 0.05760499835014343 -0.6834530234336853
v 0.014644999988377094 0.05760499835014343 -0.6834530234336853
v 0.020503999665379524 0.05955800041556358 -0.6678310036659241
v -0.1025179997086525 0.06541600078344345 0.304625004529953
v -0.020503999665379524 0.04979399964213371 0.21284699440002441
v -0.018550999462604523 0.043935999274253845 -0.09568300098180771
v 0.018550999462604523 0.043935999274253845 -0.09568300098180771
v 0.0009759999811649323 0.043935999274253845 -0.09568300098180771
v 0.020503999665379524 0.04979399964213371 0.21284699440002441
v 0.1025179997086525 0.06541600078344345 0.304625004529953
v -0.04003100097179413 0.05565299838781357 0.2401849925518036
v 0.0009759999811649323 0.051747001707553864 -0.36711201071739197
v -0.03221999853849411 0.04979399964213371 -0.36711201071739197
v 0.0009759999811649323 0.04979399964213371 0.21284699440002441
v 0.03221999853849411 0.04979399964213371 -0.36711201071739197
v 0.03807799890637398 0.04784199967980385 -0.13864299654960632
v 0.04003100097179413 0.05565299838781357 0.2401849925518036
v -0.07713299989700317 0.053700000047683716 -0.304625004529953
v -0.07713299989700317 0.051747001707553864 -0.23823200166225433
v -0.0673689991235733 0.053700000047683716 -0.33000999689102173
v -0.061510998755693436 0.06346400082111359 0.26361799240112305
v -0.05760499835014343 0.051747001707553864 -0.19332000613212585
v -0.03807799890637398 0.04784199967980385 -0.13864299654960632
v -0.051747001707553864 0.053700000047683716 -0.347584992647171
v 0.051747001707553864 0.053700000047683716 -0.347584992647171
v 0.05760499835014343 0.051747001707553864 -0.19332000613212585
v 0.061510998755693436 0.06346400082111359 0.26361799240112305
v 0.07713299989700317 0.053700000047683716 -0.304625004529953
v 0.0673689991235733 0.053700000047683716 -0.33000999689102173
v 0.07713299989700317 0.051747001707553864 -0.23823200166225433
v -0.11032900214195251 0.15133599936962128 0.453031986951828
v 0.0009759999811649323 0.051747001707553864 -0.13864299654960632
v -0.020503999665379524 0.05955800041556358 -0.19332000613212585
v 0.020503999665379524 0.05955800041556358 -0.19332000613212585
v 0.11032900214195251 0.15133599936962128 0.453031986951828
v -0.07518000155687332 0.05565299838781357 -0.27338099479675293
v -0.018550999462604523 0.05760499835014343 0.23627999424934387
v -0.01269300002604723 0.06346400082111359 -0.6795480251312256
v 0.01269300002604723 0.06346400082111359 -0.6795480251312256
v 0.018550999462604523 0.05760499835014343 0.23627999424934387
v 0.07518000155687332 0.05565299838781357 -0.27338099479675293
v -0.12985600531101227 0.07908499985933304 0.36320701241493225
v -0.08299099653959274 0.07322700321674347 0.28900301456451416
v 0.08299099653959274 0.07322700321674347 0.28900301456451416
v 0.12985600531101227 0.07908499985933304 0.36320701241493225
v -0.1200919970870018 0.08103799819946289 0.3397740125656128
v -0.04003100097179413 0.0673689991235733 0.2558070123195648
v 0.0009759999811649323 0.061510998755693436 -0.3397740125656128
v -0.028313999995589256 0.05955800041556358 -0.3397740125656128
v 0.0009759999811649323 0.05760499835014343 0.23627999424934387
v 0.028313999995589256 0.05955800041556358 -0.3397740125656128
v 0.04003100097179413 0.0673689991235733 0.2558070123195648
v 0.1200919970870018 0.08103799819946289 0.3397740125656128
v -0.053700000047683716 0.05955800041556358 -0.23823200166225433
v 0.0009759999811649323 0.061510998755693436 -0.19332000613212585
v 0.053700000047683716 0.05955800041556358 -0.23823200166225433
v -0.1025179997086525 0.15328900516033173 0.4667010009288788
v -0.09080199897289276 0.15524199604988098 0.4784170091152191
v -0.051747001707553864 0.061510998755693436 -0.30267199873924255
v -0.010739999823272228 0.0673689991235733 -0.6756420135498047
v 0.010739999823272228 0.0673689991235733 -0.6756420135498047
v 0.051747001707553864 0.061510998755693436 -0.30267199873924255
v 0.1025179997086525 0.15328900516033173 0.4667010009288788
v 0.09080199897289276 0.15524199604988098 0.4784170091152191
v -0.07908499985933304 0.15719400346279144 0.49013400077819824
v -0.061510998755693436 0.07908499985933304 0.27728700637817383
v -0.06346400082111359 0.15719400346279144 0.4998970031738281
v -0.051747001707553864 0.06346400082111359 -0.27338099479675293
v -0.043935999274253845 0.15719400346279144 0.5096610188484192
v -0.02245599962770939 0.15719400346279144 0.5155190229415894
v -0.018550999462604523 0.06932199746370316 0.2519010007381439
v 0.0009759999811649323 0.15719400346279144 0.5174720287322998
v 0.02245599962770939 0.15719400346279144 0.5155190229415894
v 0.018550999462604523 0.06932199746370316 0.2519010007381439
v 0.043935999274253845 0.15719400346279144 0.5096610188484192
v 0.06346400082111359 0.15719400346279144 0.4998970031738281
v 0.051747001707553864 0.06346400082111359 -0.27338099479675293
v 0.07908499985933304 0.15719400346279144 0.49013400077819824
v 0.061510998755693436 0.07908499985933304 0.27728700637817383
v -0.1025179997086525 0.08689600229263306 0.31634101271629333
v 0.0009759999811649323 0.06932199746370316 0.2519010007381439
v 0.0009759999811649323 0.07127399742603302 -0.6834530234336853
v 0.1025179997086525 0.08689600229263306 0.31634101271629333
v -0.026362000033259392 0.06541600078344345 -0.23823200166225433
v -0.026362000033259392 0.0673689991235733 -0.30267199873924255
v 0.0009759999811649323 0.0673689991235733 -0.30267199873924255
v 0.026362000033259392 0.06541600078344345 -0.23823200166225433
v 0.026362000033259392 0.0673689991235733 -0.30267199873924255
v 0.0009759999811649323 0.0673689991235733 -0.23823200166225433
v -0.04003100097179413 0.08299099653959274 0.26752299070358276
v -0.026362000033259392 0.0673689991235733 -0.27338099479675293
v 0.026362000033259392 0.0673689991235733 -0.27338099479675293
v 0.04003100097179413 0.08299099653959274 0.26752299070358276
v -0.08299099653959274 0.09275399893522263 0.29876700043678284
v 0.08299099653959274 0.09275399893522263 0.29876700043678284
v -0.018550999462604523 0.08299099653959274 0.26361799240112305
v 0.0009759999811649323 0.06932199746370316 -0.27338099479675293
v 0.018550999462604523 0.08299099653959274 0.26361799240112305
v 0.0009759999811649323 0.08494299650192261 0.26361799240112305
v -0.061510998755693436 0.09666000306606293 0.28509798645973206
v 0.061510998755693436 0.09666000306606293 0.28509798645973206
v -0.1200919970870018 0.10837599635124207 0.34953799843788147
v -0.12595100700855255 0.12985600531101227 0.37297001481056213
v -0.04003100097179413 0.10056500136852264 0.27728700637817383
v 0.04003100097179413 0.10056500136852264 0.27728700637817383
v 0.1200919970870018 0.10837599635124207 0.34953799843788147
v 0.12595100700855255 0.12985600531101227 0.37297001481056213
v -0.1025179997086525 0.11032900214195251 0.3221989870071411
v 0.1025179997086525 0.11032900214195251 0.3221989870071411
v -0.018550999462604523 0.10056500136852264 0.27142900228500366
v 0.0009759999811649323 0.1025179997086525 0.27142900228500366
v 0.018550999462604523 0.10056500136852264 0.27142900228500366
v -0.08299099653959274 0.11423400044441223 0.304625004529953
v 0.08299099653959274 0.11423400044441223 0.304625004529953
v -0.061510998755693436 0.11813999712467194 0.28900301456451416
v 0.061510998755693436 0.11813999712467194 0.28900301456451416
v -0.04003100097179413 0.1200919970870018 0.28119200468063354
v 0.04003100097179413 0.1200919970870018 0.28119200468063354
v -0.018550999462604523 0.12204500287771225 0.2753340005874634
v 0.0009759999811649323 0.12204500287771225 0.2753340005874634
v 0.018550999462604523 0.12204500287771225 0.2753340005874634
v -0.1025179997086525 0.1376670002937317 0.326104998588562
v -0.1200919970870018 0.1376670002937317 0.3534429967403412
v 0.1025179997086525 0.1376670002937317 0.326104998588562
v 0.1200919970870018 0.1376670002937317 0.3534429967403412
v -0.08299099653959274 0.13962000608444214 0.30657801032066345
v 0.08299099653959274 0.13962000608444214 0.30657801032066345
v -0.061510998755693436 0.1415719985961914 0.2909559905529022
v 0.061510998755693436 0.1415719985961914 0.2909559905529022
v -0.04003100097179413 0.1415719985961914 0.28119200468063354
v 0.04003100097179413 0.1415719985961914 0.28119200468063354
v -0.018550999462604523 0.14352500438690186 0.27728700637817383
v 0.018550999462604523 0.14352500438690186 0.27728700637817383
v 0.0009759999811649323 0.14352500438690186 0.2753340005874634
v -0.1239980012178421 0.17281599342823029 0.37297001481056213
v -0.11813999712467194 0.17281599342823029 0.35148999094963074
v 0.11813999712467194 0.17281599342823029 0.35148999094963074
v 0.1239980012178421 0.17281599342823029 0.37297001481056213
v -0.1239980012178421 0.17476899921894073 0.39835599064826965
v -0.1025179997086525 0.17281599342823029 0.32415199279785156
v -0.08299099653959274 0.17476899921894073 0.304625004529953
v 0.1025179997086525 0.17281599342823029 0.32415199279785156
v 0.08299099653959274 0.17476899921894073 0.304625004529953
v 0.1239980012178421 0.17476899921894073 0.39835599064826965
v -0.061510998755693436 0.17476899921894073 0.2909559905529022
v 0.061510998755693436 0.17476899921894073 0.2909559905529022
v -0.04003100097179413 0.1767210066318512 0.28119200468063354
v -0.018550999462604523 0.1767210066318512 0.2753340005874634
v 0.04003100097179413 0.1767210066318512 0.28119200468063354
v 0.018550999462604523 0.1767210066318512 0.2753340005874634
v 0.0009759999811649323 0.1767210066318512 0.2753340005874634
v -0.12204500287771225 0.17476899921894073 0.41983601450920105
v 0.12204500287771225 0.17476899921894073 0.41983601450920105
v -0.11618699878454208 0.17476899921894073 0.43740999698638916
v 0.11618699878454208 0.17476899921894073 0.43740999698638916
v -0.10837599635124207 0.17476899921894073 0.453031986951828
v 0.10837599635124207 0.17476899921894073 0.453031986951828
v -0.09861300140619278 0.17476899921894073 0.4667010009288788
v 0.09861300140619278 0.17476899921894073 0.4667010009288788
v -0.08689600229263306 0.1767210066318512 0.4784170091152191
v 0.08689600229263306 0.1767210066318512 0.4784170091152191
v -0.07518000155687332 0.1767210066318512 0.4881809949874878
v -0.05955800041556358 0.1767210066318512 0.49794501066207886
v -0.04198399931192398 0.1767210066318512 0.5057550072669983
v -0.020503999665379524 0.1767210066318512 0.5096610188484192
v 0.020503999665379524 0.1767210066318512 0.5096610188484192
v 0.0009759999811649323 0.1767210066318512 0.5116140246391296
v 0.04198399931192398 0.1767210066318512 0.5057550072669983
v 0.05955800041556358 0.1767210066318512 0.49794501066207886
v 0.07518000155687332 0.1767210066318512 0.4881809949874878
v -0.11813999712467194 0.20991800725460052 0.35148999094963074
v -0.1239980012178421 0.20601199567317963 0.37297001481056213
v -0.1025179997086525 0.21772900223731995 0.3221989870071411
v -0.08299099653959274 0.22553999722003937 0.3007189929485321
v 0.1025179997086525 0.21772900223731995 0.3221989870071411
v 0.08299099653959274 0.22553999722003937 0.3007189929485321
v 0.11813999712467194 0.20991800725460052 0.35148999094963074
v 0.1239980012178421 0.20601199567317963 0.37297001481056213
v -0.1239980012178421 0.2021069973707199 0.39835599064826965
v -0.12204500287771225 0.1982010006904602 0.41983601450920105
v -0.11618699878454208 0.19624899327754974 0.43740999698638916
v -0.10837599635124207 0.1942960023880005 0.453031986951828
v -0.09861300140619278 0.1942960023880005 0.4667010009288788
v -0.061510998755693436 0.22944499552249908 0.2870500087738037
v -0.04003100097179413 0.2333499938249588 0.27728700637817383
v 0.061510998755693436 0.22944499552249908 0.2870500087738037
v 0.04003100097179413 0.2333499938249588 0.27728700637817383
v 0.10837599635124207 0.1942960023880005 0.453031986951828
v 0.09861300140619278 0.1942960023880005 0.4667010009288788
v 0.11618699878454208 0.19624899327754974 0.43740999698638916
v 0.12204500287771225 0.1982010006904602 0.41983601450920105
v 0.1239980012178421 0.2021069973707199 0.39835599064826965
v -0.08689600229263306 0.19234299659729004 0.4784170091152191
v -0.07518000155687332 0.19234299659729004 0.4881809949874878
v -0.05955800041556358 0.19234299659729004 0.4959920048713684
v -0.04198399931192398 0.19234299659729004 0.503803014755249
v -0.018550999462604523 0.2333499938249588 0.27338099479675293
v -0.020503999665379524 0.19234299659729004 0.5096610188484192
v 0.0009759999811649323 0.2333499938249588 0.27142900228500366
v 0.020503999665379524 0.19234299659729004 0.5096610188484192
v 0.0009759999811649323 0.19234299659729004 0.5116140246391296
v 0.018550999462604523 0.2333499938249588 0.27338099479675293
v 0.04198399931192398 0.19234299659729004 0.503803014755249
v 0.05955800041556358 0.19234299659729004 0.4959920048713684
v 0.07518000155687332 0.19234299659729004 0.4881809949874878
v 0.08689600229263306 0.19234299659729004 0.4784170091152191
v -0.11618699878454208 0.2021069973707199 0.49013400077819824
v -0.06541600078344345 0.2021069973707199 0.5213770270347595
v -0.02245599962770939 0.2021069973707199 0.5350459814071655
v 0.02245599962770939 0.2021069973707199 0.5350459814071655
v 0.0009759999811649323 0.2021069973707199 0.536998987197876
v 0.06541600078344345 0.2021069973707199 0.5213770270347595
v 0.11618699878454208 0.2021069973707199 0.49013400077819824
v -0.13962000608444214 0.20601199567317963 0.4803699851036072
v -0.15524199604988098 0.20796500146389008 0.45107901096343994
v 0.13962000608444214 0.20601199567317963 0.4803699851036072
v 0.15524199604988098 0.20796500146389008 0.45107901096343994
v -0.15133599936962128 0.20991800725460052 0.3924970030784607
v -0.16110000014305115 0.20991800725460052 0.41983601450920105
v 0.15133599936962128 0.20991800725460052 0.3924970030784607
v 0.16110000014305115 0.20991800725460052 0.41983601450920105
v -0.12595100700855255 0.21382300555706024 0.5155190229415894
v -0.07322700321674347 0.21382300555706024 0.5428569912910461
v -0.02440899983048439 0.21382300555706024 0.5584790110588074
v 0.02440899983048439 0.21382300555706024 0.5584790110588074
v 0.0009759999811649323 0.21382300555706024 0.5604320168495178
v 0.07322700321674347 0.21382300555706024 0.5428569912910461
v 0.12595100700855255 0.21382300555706024 0.5155190229415894
v -0.17281599342823029 0.22163400053977966 0.47646498680114746
v -0.15719400346279144 0.2235870063304901 0.5077080130577087
v 0.17281599342823029 0.22163400053977966 0.47646498680114746
v 0.15719400346279144 0.2235870063304901 0.5077080130577087
v -0.1806270033121109 0.2196809947490692 0.4452210068702698
v 0.1806270033121109 0.2196809947490692 0.4452210068702698
v -0.17476899921894073 0.22163400053977966 0.388592004776001
v -0.18257999420166016 0.22163400053977966 0.41593000292778015
v -0.1591469943523407 0.2235870063304901 0.35148999094963074
v -0.12790299952030182 0.22944499552249908 0.3124360144138336
v 0.1591469943523407 0.2235870063304901 0.35148999094963074
v 0.12790299952030182 0.22944499552249908 0.3124360144138336
v 0.17476899921894073 0.22163400053977966 0.388592004776001
v 0.18257999420166016 0.22163400053977966 0.41593000292778015
v -0.1200919970870018 0.22553999722003937 0.5409039855003357
v -0.14352500438690186 0.2333499938249588 0.5350459814071655
v -0.04784199967980385 0.22553999722003937 0.5721480250358582
v -0.07908499985933304 0.22944499552249908 0.566290020942688
v -0.02440899983048439 0.2235870063304901 0.579958975315094
v 0.02440899983048439 0.2235870063304901 0.579958975315094
v 0.0009759999811649323 0.2235870063304901 0.5819119811058044
v 0.04784199967980385 0.22553999722003937 0.5721480250358582
v 0.1200919970870018 0.22553999722003937 0.5409039855003357
v 0.07908499985933304 0.22944499552249908 0.566290020942688
v 0.14352500438690186 0.2333499938249588 0.5350459814071655
v -0.1982010006904602 0.2333499938249588 0.4432680010795593
v -0.1942960023880005 0.23530299961566925 0.4706059992313385
v 0.1942960023880005 0.23530299961566925 0.4706059992313385
v 0.1982010006904602 0.2333499938249588 0.4432680010795593
v -0.1982010006904602 0.23530299961566925 0.41202500462532043
v -0.18453200161457062 0.2372560054063797 0.3573479950428009
v -0.1942960023880005 0.23530299961566925 0.3866389989852905
v -0.18453200161457062 0.2372560054063797 0.4959920048713684
v 0.18453200161457062 0.2372560054063797 0.4959920048713684
v 0.1982010006904602 0.23530299961566925 0.41202500462532043
v 0.18453200161457062 0.2372560054063797 0.3573479950428009
v 0.1942960023880005 0.23530299961566925 0.3866389989852905
v -0.16500499844551086 0.24116100370883942 0.32415199279785156
v -0.17281599342823029 0.23920899629592896 0.5174720287322998
v -0.02440899983048439 0.2333499938249588 0.6014389991760254
v -0.04784199967980385 0.23530299961566925 0.5936279892921448
v 0.02440899983048439 0.2333499938249588 0.6014389991760254
v 0.0009759999811649323 0.2333499938249588 0.6053439974784851
v 0.04784199967980385 0.23530299961566925 0.5936279892921448
v 0.17281599342823029 0.23920899629592896 0.5174720287322998
v 0.16500499844551086 0.24116100370883942 0.32415199279785156
v -0.1239980012178421 0.23920899629592896 0.5565260052680969
v -0.09666000306606293 0.24311399459838867 0.27338099479675293
v -0.06541600078344345 0.24506700038909912 0.25971201062202454
v -0.0673689991235733 0.2372560054063797 0.5819119811058044
v 0.0673689991235733 0.2372560054063797 0.5819119811058044
v 0.06541600078344345 0.24506700038909912 0.25971201062202454
v 0.09666000306606293 0.24311399459838867 0.27338099479675293
v 0.1239980012178421 0.23920899629592896 0.5565260052680969
v -0.14352500438690186 0.25287801027297974 0.28900301456451416
v -0.08494299650192261 0.24702000617980957 0.5819119811058044
v 0.08494299650192261 0.24702000617980957 0.5819119811058044
v 0.14352500438690186 0.25287801027297974 0.28900301456451416
v -0.21382300555706024 0.2509250044822693 0.44131600856781006
v -0.20796500146389008 0.25287801027297974 0.4706059992313385
v -0.16500499844551086 0.25287801027297974 0.5389519929885864
v 0.0009759999811649323 0.24311399459838867 0.25385400652885437
v -0.02440899983048439 0.24702000617980957 0.6326820254325867
v -0.04784199967980385 0.24897199869155884 0.6209660172462463
v 0.02440899983048439 0.24702000617980957 0.6326820254325867
v 0.0009759999811649323 0.24506700038909912 0.6346349716186523
v 0.04784199967980385 0.24897199869155884 0.6209660172462463
v 0.16500499844551086 0.25287801027297974 0.5389519929885864
v 0.20796500146389008 0.25287801027297974 0.4706059992313385
v 0.21382300555706024 0.2509250044822693 0.44131600856781006
v -0.21382300555706024 0.25287801027297974 0.41007199883461
v -0.20796500146389008 0.254830002784729 0.3788279891014099
v -0.1982010006904602 0.254830002784729 0.4959920048713684
v -0.07127399742603302 0.2509250044822693 0.5975329875946045
v 0.07127399742603302 0.2509250044822693 0.5975329875946045
v 0.21382300555706024 0.25287801027297974 0.41007199883461
v 0.20796500146389008 0.254830002784729 0.3788279891014099
v 0.1982010006904602 0.254830002784729 0.4959920048713684
v -0.18453200161457062 0.2587360143661499 0.32415199279785156
v -0.1982010006904602 0.25678300857543945 0.34953799843788147
v -0.18453200161457062 0.25678300857543945 0.5194240212440491
v 0.18453200161457062 0.2587360143661499 0.32415199279785156
v 0.1982010006904602 0.25678300857543945 0.34953799843788147
v 0.18453200161457062 0.25678300857543945 0.5194240212440491
v -0.13376200199127197 0.254830002784729 0.5623840093612671
v 0.13376200199127197 0.254830002784729 0.5623840093612671
v -0.17086300253868103 0.2645939886569977 0.3007189929485321
v 0.17086300253868103 0.2645939886569977 0.3007189929485321
v -0.07713299989700317 0.27435800433158875 0.2304210066795349
v -0.11228200048208237 0.26068899035453796 0.25971201062202454
v -0.04003100097179413 0.2587360143661499 0.23823200166225433
v 0.04003100097179413 0.2587360143661499 0.23823200166225433
v 0.0009759999811649323 0.2587360143661499 0.23432700335979462
v 0.07713299989700317 0.27435800433158875 0.2304210066795349
v 0.11228200048208237 0.26068899035453796 0.25971201062202454
v -0.02440899983048439 0.25678300857543945 0.6463509798049927
v 0.02440899983048439 0.25678300857543945 0.6463509798049927
v 0.0009759999811649323 0.25678300857543945 0.6483039855957031
v -0.09275399893522263 0.2645939886569977 0.5877699851989746
v -0.04784199967980385 0.2587360143661499 0.6346349716186523
v 0.04784199967980385 0.2587360143661499 0.6346349716186523
v 0.09275399893522263 0.2645939886569977 0.5877699851989746
v -0.07518000155687332 0.2626410126686096 0.6053439974784851
v 0.07518000155687332 0.2626410126686096 0.6053439974784851
v -0.2235870063304901 0.2724049985408783 0.4393630027770996
v -0.21772900223731995 0.2724049985408783 0.4706059992313385
v 0.21772900223731995 0.2724049985408783 0.4706059992313385
v 0.2235870063304901 0.2724049985408783 0.4393630027770996
v -0.2235870063304901 0.27435800433158875 0.40811899304389954
v -0.20796500146389008 0.27435800433158875 0.4959920048713684
v -0.17086300253868103 0.2724049985408783 0.5428569912910461
v -0.1239980012178421 0.276309996843338 0.24994899332523346
v -0.15328900516033173 0.2724049985408783 0.2753340005874634
v 0.1239980012178421 0.276309996843338 0.24994899332523346
v 0.15328900516033173 0.2724049985408783 0.2753340005874634
v 0.17086300253868103 0.2724049985408783 0.5428569912910461
v 0.20796500146389008 0.27435800433158875 0.4959920048713684
v 0.2235870063304901 0.27435800433158875 0.40811899304389954
v -0.21772900223731995 0.276309996843338 0.3749229907989502
v -0.1942960023880005 0.27435800433158875 0.5194240212440491
v -0.14352500438690186 0.27435800433158875 0.5643370151519775
v 0.14352500438690186 0.27435800433158875 0.5643370151519775
v 0.1942960023880005 0.27435800433158875 0.5194240212440491
v 0.21772900223731995 0.276309996843338 0.3749229907989502
v -0.20796500146389008 0.27826300263404846 0.3436790108680725
v -0.02440899983048439 0.27045199275016785 0.6541619896888733
v -0.04784199967980385 0.2724049985408783 0.642445981502533
v 0.02440899983048439 0.27045199275016785 0.6541619896888733
v 0.0009759999811649323 0.27045199275016785 0.6580680012702942
v 0.04784199967980385 0.2724049985408783 0.642445981502533
v 0.20796500146389008 0.27826300263404846 0.3436790108680725
v -0.19234299659729004 0.28216901421546936 0.3124360144138336
v -0.07713299989700317 0.27435800433158875 0.6131550073623657
v 0.0009759999811649323 0.276309996843338 0.21675199270248413
v -0.04198399931192398 0.276309996843338 0.22065800428390503
v 0.04198399931192398 0.276309996843338 0.22065800428390503
v 0.07713299989700317 0.27435800433158875 0.6131550073623657
v 0.19234299659729004 0.28216901421546936 0.3124360144138336
v -0.17476899921894073 0.28802698850631714 0.28509798645973206
v -0.1025179997086525 0.28216901421546936 0.5877699851989746
v 0.1025179997086525 0.28216901421546936 0.5877699851989746
v 0.17476899921894073 0.28802698850631714 0.28509798645973206
v -0.02440899983048439 0.28412100672721863 0.6580680012702942
v -0.04784199967980385 0.28216901421546936 0.6443989872932434
v 0.02440899983048439 0.28412100672721863 0.6580680012702942
v 0.0009759999811649323 0.2860740125179291 0.6619729995727539
v 0.04784199967980385 0.28216901421546936 0.6443989872932434
v -0.22553999722003937 0.29583799839019775 0.46474799513816833
v -0.23139800131320953 0.29583799839019775 0.43350499868392944
v -0.2157759964466095 0.297789990901947 0.4920859932899475
v -0.18257999420166016 0.297789990901947 0.536998987197876
v -0.16305199265480042 0.297789990901947 0.5545729994773865
v -0.14743100106716156 0.29583799839019775 0.25385400652885437
v -0.06541600078344345 0.2860740125179291 0.6307299733161926
v 0.06541600078344345 0.2860740125179291 0.6307299733161926
v 0.14743100106716156 0.29583799839019775 0.25385400652885437
v 0.16305199265480042 0.297789990901947 0.5545729994773865
v 0.18257999420166016 0.297789990901947 0.536998987197876
v 0.22553999722003937 0.29583799839019775 0.46474799513816833
v 0.2157759964466095 0.297789990901947 0.4920859932899475
v 0.23139800131320953 0.29583799839019775 0.43350499868392944
v -0.22944499552249908 0.297789990901947 0.4003080129623413
v -0.20015400648117065 0.297789990901947 0.5155190229415894
v -0.13962000608444214 0.29974299669265747 0.5682430267333984
v -0.09080199897289276 0.3016960024833679 0.21675199270248413
v -0.05760499835014343 0.3016960024833679 0.205035999417305
v -0.09080199897289276 0.29974299669265747 0.6033920049667358
v -0.07518000155687332 0.29974299669265747 0.6229190230369568
v 0.05760499835014343 0.3016960024833679 0.205035999417305
v 0.09080199897289276 0.3016960024833679 0.21675199270248413
v 0.09080199897289276 0.29974299669265747 0.6033920049667358
v 0.07518000155687332 0.29974299669265747 0.6229190230369568
v 0.13962000608444214 0.29974299669265747 0.5682430267333984
v 0.20015400648117065 0.297789990901947 0.5155190229415894
v 0.22944499552249908 0.297789990901947 0.4003080129623413
v -0.2235870063304901 0.29974299669265747 0.36711201071739197
v -0.11813999712467194 0.3016960024833679 0.2304210066795349
v 0.0009759999811649323 0.3016960024833679 0.19917799532413483
v -0.028313999995589256 0.3016960024833679 0.20113100111484528
v 0.028313999995589256 0.3016960024833679 0.20113100111484528
v 0.11813999712467194 0.3016960024833679 0.2304210066795349
v 0.2235870063304901 0.29974299669265747 0.36711201071739197
v -0.2118699997663498 0.30364900827407837 0.3319630026817322
v 0.21187099814414978 0.30364900827407837 0.3319630026817322
v -0.19624899327754974 0.3075540065765381 0.3007189929485321
v -0.10837599635124207 0.3016960024833679 0.5858169794082642
v -0.04784199967980385 0.28412100672721863 0.6483039855957031
v -0.06541600078344345 0.28802698850631714 0.6326820254325867
v 0.04784199967980385 0.28412100672721863 0.6483039855957031
v 0.06541600078344345 0.28802698850631714 0.6326820254325867
v 0.10837599635124207 0.3016960024833679 0.5858169794082642
v 0.19624899327754974 0.3075540065765381 0.3007189929485321
v -0.02440899983048439 0.28412100672721863 0.6600210070610046
v -0.04784199967980385 0.29583799839019775 0.6619729995727539
v -0.06541600078344345 0.297789990901947 0.6483039855957031
v 0.0009759999811649323 0.2860740125179291 0.6639260053634644
v -0.02440899983048439 0.29583799839019775 0.6697840094566345
v 0.02440899983048439 0.28412100672721863 0.6600210070610046
v 0.04784199967980385 0.29583799839019775 0.6619729995727539
v 0.02440899983048439 0.29583799839019775 0.6697840094566345
v 0.06541600078344345 0.297789990901947 0.6483039855957031
v 0.0009759999811649323 0.29583799839019775 0.671737015247345
v -0.17867399752140045 0.31341201066970825 0.27142900228500366
v 0.17867399752140045 0.31341201066970825 0.27142900228500366
v -0.22944499552249908 0.32317599654197693 0.45498499274253845
v -0.2333499938249588 0.32317599654197693 0.42374101281166077
v -0.2196809947490692 0.32317599654197693 0.4823229908943176
v -0.1415719985961914 0.3212229907512665 0.23432700335979462
v -0.16110000014305115 0.3192700147628784 0.2519010007381439
v -0.02440899983048439 0.3075540065765381 0.671737015247345
v -0.04784199967980385 0.30950701236724854 0.6639260053634644
v 0.02440899983048439 0.3075540065765381 0.671737015247345
v 0.0009759999811649323 0.3075540065765381 0.6736900210380554
v 0.04784199967980385 0.30950701236724854 0.6639260053634644
v 0.1415719985961914 0.3212229907512665 0.23432700335979462
v 0.16110000014305115 0.3192700147628784 0.2519010007381439
v 0.22944499552249908 0.32317599654197693 0.45498499274253845
v 0.2196809947490692 0.32317599654197693 0.4823229908943176
v 0.2333499938249588 0.32317599654197693 0.42374101281166077
v -0.2333499938249588 0.32317599654197693 0.3905450105667114
v -0.20601199567317963 0.32317599654197693 0.5077080130577087
v -0.18843799829483032 0.32317599654197693 0.5272349715232849
v -0.1669580042362213 0.32317599654197693 0.546763002872467
v -0.1415719985961914 0.32317599654197693 0.5643370151519775
v -0.06541600078344345 0.3114590048789978 0.6502569913864136
v 0.06541600078344345 0.3114590048789978 0.6502569913864136
v 0.1669580042362213 0.32317599654197693 0.546763002872467
v 0.1415719985961914 0.32317599654197693 0.5643370151519775
v 0.18843799829483032 0.32317599654197693 0.5272349715232849
v 0.20601199567317963 0.32317599654197693 0.5077080130577087
v 0.2333499938249588 0.32317599654197693 0.3905450105667114
v -0.22553999722003937 0.32708099484443665 0.35539600253105164
v -0.07713299989700317 0.31341201066970825 0.6307299733161926
v -0.09275399893522263 0.32317599654197693 0.6014389991760254
v 0.07713299989700317 0.31341201066970825 0.6307299733161926
v 0.09275399893522263 0.32317599654197693 0.6014389991760254
v 0.22553999722003937 0.32708099484443665 0.35539600253105164
v -0.09080199897289276 0.32708099484443665 0.20308299362659454
v -0.11813999712467194 0.3251279890537262 0.21675199270248413
v -0.11032900214195251 0.3251279890537262 0.5819119811058044
v -0.05955800041556358 0.32708099484443665 0.19332000613212585
v -0.028313999995589256 0.32708099484443665 0.1874610036611557
v 0.0009759999811649323 0.32708099484443665 0.18550899624824524
v 0.028313999995589256 0.32708099484443665 0.1874610036611557
v 0.05955800041556358 0.32708099484443665 0.19332000613212585
v 0.09080199897289276 0.32708099484443665 0.20308299362659454
v 0.11032900214195251 0.3251279890537262 0.5819119811058044
v 0.11813999712467194 0.3251279890537262 0.21675199270248413
v -0.21382300555706024 0.33098700642585754 0.32024699449539185
v 0.21382300555706024 0.33098700642585754 0.32024699449539185
v -0.19624899327754974 0.33489200472831726 0.28900301456451416
v -0.004881999921053648 0.30950701236724854 0.671737015247345
v -0.02440899983048439 0.32317599654197693 0.671737015247345
v 0.004881999921053648 0.30950701236724854 0.671737015247345
v 0.0009759999811649323 0.30950701236724854 0.6736900210380554
v 0.02440899983048439 0.32317599654197693 0.671737015247345
v 0.19624899327754974 0.33489200472831726 0.28900301456451416
v -0.04784199967980385 0.3290340006351471 0.6639260053634644
v 0.0009759999811649323 0.3114590048789978 0.6697840094566345
v -0.00292899995110929 0.3114590048789978 0.6697840094566345
v -0.004881999921053648 0.32317599654197693 0.6736900210380554
v 0.00292899995110929 0.3114590048789978 0.6697840094566345
v 0.004881999921053648 0.32317599654197693 0.6736900210380554
v 0.04784199967980385 0.3290340006351471 0.6639260053634644
v -0.06541600078344345 0.3368450105190277 0.6502569913864136
v 0.0009759999811649323 0.32317599654197693 0.671737015247345
v -0.00292899995110929 0.32317599654197693 0.671737015247345
v 0.00292899995110929 0.32317599654197693 0.671737015247345
v 0.06541600078344345 0.3368450105190277 0.6502569913864136
v -0.17867399752140045 0.3407500088214874 0.25971201062202454
v -0.07713299989700317 0.34856098890304565 0.6326820254325867
v 0.07713299989700317 0.34856098890304565 0.6326820254325867
v 0.17867399752140045 0.3407500088214874 0.25971201062202454
v -0.1415719985961914 0.34856098890304565 0.22065800428390503
v -0.16110000014305115 0.34465599060058594 0.23823200166225433
v 0.1415719985961914 0.34856098890304565 0.22065800428390503
v 0.16110000014305115 0.34465599060058594 0.23823200166225433
v -0.11813999712467194 0.35246700048446655 0.205035999417305
v 0.11813999712467194 0.35246700048446655 0.205035999417305
v -0.2333499938249588 0.3798049986362457 0.3924970030784607
v -0.22553999722003937 0.3778519928455353 0.347584992647171
v -0.2333499938249588 0.39152100682258606 0.4139769971370697
v -0.22553999722003937 0.4110479950904846 0.4491260051727295
v -0.21772900223731995 0.360276997089386 0.4784170091152191
v -0.1942960023880005 0.3544189929962158 0.5135660171508789
v -0.1806270033121109 0.34465599060058594 0.5291879773139954
v -0.16110000014305115 0.3407500088214874 0.5448099970817566
v -0.1415719985961914 0.3466080129146576 0.5565260052680969
v -0.09080199897289276 0.3544189929962158 0.5975329875946045
v -0.02440899983048439 0.3251279890537262 0.6736900210380554
v 0.0009759999811649323 0.3251279890537262 0.6736900210380554
v 0.0009759999811649323 0.32317599654197693 0.6756420135498047
v 0.02440899983048439 0.3251279890537262 0.6736900210380554
v -0.02440899983048439 0.33879798650741577 0.6873589754104614
v 0.02440899983048439 0.33879798650741577 0.6873589754104614
v 0.0009759999811649323 0.33879798650741577 0.6912639737129211
v 0.09080199897289276 0.3544189929962158 0.5975329875946045
v 0.16110000014305115 0.3407500088214874 0.5448099970817566
v 0.1415719985961914 0.3466080129146576 0.5565260052680969
v 0.1806270033121109 0.34465599060058594 0.5291879773139954
v 0.1942960023880005 0.3544189929962158 0.5135660171508789
v 0.21772900223731995 0.360276997089386 0.4784170091152191
v 0.22553999722003937 0.4110479950904846 0.4491260051727295
v 0.2333499938249588 0.39152100682258606 0.4139769971370697
v 0.2333499938249588 0.3798049986362457 0.3924970030784607
v 0.22553999722003937 0.3778519928455353 0.347584992647171
v -0.09080199897289276 0.3544189929962158 0.1913670003414154
v -0.12985600531101227 0.36223000288009644 0.5643370151519775
v -0.04784199967980385 0.3407500088214874 0.6775950193405151
v 0.04784199967980385 0.3407500088214874 0.6775950193405151
v 0.12985600531101227 0.36223000288009644 0.5643370151519775
v 0.09080199897289276 0.3544189929962158 0.1913670003414154
v -0.21382300555706024 0.3798049986362457 0.31048300862312317
v -0.05955800041556358 0.3544189929962158 0.18160299956798553
v -0.028313999995589256 0.3544189929962158 0.17769800126552582
v 0.0009759999811649323 0.3544189929962158 0.17574499547481537
v 0.028313999995589256 0.3544189929962158 0.17769800126552582
v 0.05955800041556358 0.3544189929962158 0.18160299956798553
v 0.21382300555706024 0.3798049986362457 0.31048300862312317
v -0.06541600078344345 0.33879798650741577 0.6502569913864136
v -0.06541600078344345 0.34465599060058594 0.6600210070610046
v 0.06541600078344345 0.33879798650741577 0.6502569913864136
v 0.06541600078344345 0.34465599060058594 0.6600210070610046
v -0.19624899327754974 0.36223000288009644 0.28119200468063354
v 0.19624899327754974 0.36223000288009644 0.28119200468063354
v -0.17867399752140045 0.3680880069732666 0.25385400652885437
v 0.17867399752140045 0.3680880069732666 0.25385400652885437
v -0.06932199746370316 0.3544189929962158 0.6385409832000732
v 0.06932199746370316 0.3544189929962158 0.6385409832000732
v -0.07322700321674347 0.3466080129146576 0.6443989872932434
v -0.02440899983048439 0.35637199878692627 0.695169985294342
v -0.04784199967980385 0.35637199878692627 0.6834530234336853
v 0.02440899983048439 0.35637199878692627 0.695169985294342
v 0.0009759999811649323 0.35637199878692627 0.6971219778060913
v 0.04784199967980385 0.35637199878692627 0.6834530234336853
v 0.07322700321674347 0.3466080129146576 0.6443989872932434
v -0.16110000014305115 0.3719939887523651 0.23237399756908417
v -0.1591469943523407 0.3407500088214874 0.5409039855003357
v -0.1415719985961914 0.34856098890304565 0.5526210069656372
v -0.17867399752140045 0.34465599060058594 0.5252829790115356
v -0.16500499844551086 0.360276997089386 0.5448099970817566
v -0.06541600078344345 0.35637199878692627 0.6639260053634644
v 0.06541600078344345 0.35637199878692627 0.6639260053634644
v 0.1591469943523407 0.3407500088214874 0.5409039855003357
v 0.1415719985961914 0.34856098890304565 0.5526210069656372
v 0.17867399752140045 0.34465599060058594 0.5252829790115356
v 0.16500499844551086 0.360276997089386 0.5448099970817566
v 0.16110000014305115 0.3719939887523651 0.23237399756908417
v -0.19234299659729004 0.3544189929962158 0.5116140246391296
v -0.18648500740528107 0.37589898705482483 0.5252829790115356
v -0.1415719985961914 0.37589898705482483 0.21480000019073486
v 0.1415719985961914 0.37589898705482483 0.21480000019073486
v 0.19234299659729004 0.3544189929962158 0.5116140246391296
v 0.18648500740528107 0.37589898705482483 0.5252829790115356
v -0.12790299952030182 0.36223000288009644 0.5604320168495178
v -0.07518000155687332 0.35637199878692627 0.6385409832000732
v 0.07518000155687332 0.35637199878692627 0.6385409832000732
v 0.12790299952030182 0.36223000288009644 0.5604320168495178
v -0.11813999712467194 0.3798049986362457 0.19917799532413483
v -0.14743100106716156 0.37394699454307556 0.5565260052680969
v -0.06541600078344345 0.3680880069732666 0.628777027130127
v 0.06541600078344345 0.3680880069732666 0.628777027130127
v 0.11813999712467194 0.3798049986362457 0.19917799532413483
v 0.14743100106716156 0.37394699454307556 0.5565260052680969
v -0.09080199897289276 0.381756991147995 0.18550899624824524
v 0.09080199897289276 0.381756991147995 0.18550899624824524
v -0.2021069973707199 0.3778519928455353 0.5057550072669983
v -0.20015400648117065 0.3778519928455353 0.503803014755249
v -0.05955800041556358 0.38370999693870544 0.17574499547481537
v -0.1239980012178421 0.3856630027294159 0.5682430267333984
v -0.06932199746370316 0.3719939887523651 0.6112020015716553
v -0.09080199897289276 0.381756991147995 0.5897229909896851
v -0.07322700321674347 0.36613601446151733 0.6326820254325867
v -0.028313999995589256 0.38370999693870544 0.1698870062828064
v 0.0009759999811649323 0.38370999693870544 0.16793400049209595
v 0.028313999995589256 0.38370999693870544 0.1698870062828064
v 0.05955800041556358 0.38370999693870544 0.17574499547481537
v 0.07322700321674347 0.36613601446151733 0.6326820254325867
v 0.1239980012178421 0.3856630027294159 0.5682430267333984
v 0.06932199746370316 0.3719939887523651 0.6112020015716553
v 0.09080199897289276 0.381756991147995 0.5897229909896851
v 0.2021069973707199 0.3778519928455353 0.5057550072669983
v 0.20015400648117065 0.3778519928455353 0.503803014755249
v -0.06541600078344345 0.3680880069732666 0.6600210070610046
v -0.04784199967980385 0.37004101276397705 0.6795480251312256
v -0.02440899983048439 0.3719939887523651 0.6912639737129211
v 0.0009759999811649323 0.3719939887523651 0.695169985294342
v 0.02440899983048439 0.3719939887523651 0.6912639737129211
v 0.04784199967980385 0.37004101276397705 0.6795480251312256
v 0.06541600078344345 0.3680880069732666 0.6600210070610046
v -0.2157759964466095 0.41885900497436523 0.4823229908943176
v -0.17281599342823029 0.3798049986362457 0.5428569912910461
v 0.17281599342823029 0.3798049986362457 0.5428569912910461
v 0.2157759964466095 0.41885900497436523 0.4823229908943176
v -0.19624899327754974 0.40518999099731445 0.27338099479675293
v -0.12204500287771225 0.3856630027294159 0.5643370151519775
v 0.12204500287771225 0.3856630027294159 0.5643370151519775
v 0.19624899327754974 0.40518999099731445 0.27338099479675293
v -0.06541600078344345 0.37589898705482483 0.6326820254325867
v -0.06346400082111359 0.37394699454307556 0.652209997177124
v 0.06541600078344345 0.37589898705482483 0.6326820254325867
v 0.06346400082111359 0.37394699454307556 0.652209997177124
v -0.16110000014305115 0.3993319869041443 0.23237399756908417
v -0.04784199967980385 0.3798049986362457 0.628777027130127
v -0.04784199967980385 0.3798049986362457 0.6658790111541748
v 0.04784199967980385 0.3798049986362457 0.628777027130127
v 0.04784199967980385 0.3798049986362457 0.6658790111541748
v 0.16110000014305115 0.3993319869041443 0.23237399756908417
v -0.02440899983048439 0.38370999693870544 0.6775950193405151
v 0.02440899983048439 0.38370999693870544 0.6775950193405151
v -0.1415719985961914 0.403236985206604 0.21480000019073486
v -0.05955800041556358 0.3856630027294159 0.6072970032691956
v 0.0009759999811649323 0.3856630027294159 0.6815009713172913
v 0.05955800041556358 0.3856630027294159 0.6072970032691956
v 0.1415719985961914 0.403236985206604 0.21480000019073486
v -0.1454779952764511 0.403236985206604 0.5584790110588074
v -0.04784199967980385 0.3856630027294159 0.6385409832000732
v 0.04784199967980385 0.3856630027294159 0.6385409832000732
v 0.1454779952764511 0.403236985206604 0.5584790110588074
v -0.19039100408554077 0.40128499269485474 0.5213770270347595
v -0.11813999712467194 0.40518999099731445 0.19917799532413483
v 0.11813999712467194 0.40518999099731445 0.19917799532413483
v 0.19039100408554077 0.40128499269485474 0.5213770270347595
v -0.23139800131320953 0.3993319869041443 0.3612540066242218
v -0.22749200463294983 0.3973790109157562 0.33782100677490234
v -0.2021069973707199 0.4149540066719055 0.503803014755249
v -0.20015400648117065 0.4149540066719055 0.5018500089645386
v 0.2021069973707199 0.4149540066719055 0.503803014755249
v 0.20015400648117065 0.4149540066719055 0.5018500089645386
v 0.22749200463294983 0.3973790109157562 0.33782100677490234
v 0.23139800131320953 0.3993319869041443 0.3612540066242218
v -0.23530299961566925 0.4110479950904846 0.3788279891014099
v -0.2196809947490692 0.3993319869041443 0.3124360144138336
v -0.20796500146389008 0.41300100088119507 0.2870500087738037
v -0.17281599342823029 0.40518999099731445 0.5409039855003357
v -0.09080199897289276 0.4071429967880249 0.18550899624824524
v -0.028313999995589256 0.3934740126132965 0.6170610189437866
v -0.02440899983048439 0.3856630027294159 0.6326820254325867
v -0.02440899983048439 0.39152100682258606 0.642445981502533
v 0.02440899983048439 0.3856630027294159 0.6326820254325867
v 0.028313999995589256 0.3934740126132965 0.6170610189437866
v 0.02440899983048439 0.39152100682258606 0.642445981502533
v 0.09080199897289276 0.4071429967880249 0.18550899624824524
v 0.17281599342823029 0.40518999099731445 0.5409039855003357
v 0.2196809947490692 0.3993319869041443 0.3124360144138336
v 0.20796500146389008 0.41300100088119507 0.2870500087738037
v 0.23530299961566925 0.4110479950904846 0.3788279891014099
v -0.05955800041556358 0.40909600257873535 0.17574499547481537
v -0.12595100700855255 0.4110479950904846 0.566290020942688
v -0.07518000155687332 0.40909600257873535 0.5916749835014343
v -0.1025179997086525 0.4501030147075653 0.5760530233383179
v 0.05955800041556358 0.40909600257873535 0.17574499547481537
v 0.07518000155687332 0.40909600257873535 0.5916749835014343
v 0.12595100700855255 0.4110479950904846 0.566290020942688
v 0.1025179997086525 0.4501030147075653 0.5760530233383179
v -0.028313999995589256 0.4110479950904846 0.1698870062828064
v 0.0009759999811649323 0.4110479950904846 0.16793400049209595
v 0.0009759999811649323 0.3934740126132965 0.6443989872932434
v 0.028313999995589256 0.4110479950904846 0.1698870062828064
v -0.12595100700855255 0.4110479950904846 0.5623840093612671
v -0.028313999995589256 0.4110479950904846 0.6053439974784851
v 0.0009759999811649323 0.38761600852012634 0.6346349716186523
v 0.0009759999811649323 0.39542698860168457 0.6209660172462463
v 0.028313999995589256 0.4110479950904846 0.6053439974784851
v 0.12595100700855255 0.4110479950904846 0.5623840093612671
v -0.23530299961566925 0.4286229908466339 0.3924970030784607
v -0.23139800131320953 0.4247170090675354 0.4217880070209503
v 0.23139800131320953 0.4247170090675354 0.4217880070209503
v 0.23530299961566925 0.4286229908466339 0.3924970030784607
v 0.0009759999811649323 0.4110479950904846 0.609250009059906
v -0.2372560054063797 0.40909600257873535 0.35539600253105164
v -0.23139800131320953 0.4071429967880249 0.3182939887046814
v 0.23139800131320953 0.4071429967880249 0.3182939887046814
v 0.2372560054063797 0.40909600257873535 0.35539600253105164
v -0.22163400053977966 0.4169059991836548 0.29290899634361267
v -0.1415719985961914 0.42667001485824585 0.21675199270248413
v -0.18648500740528107 0.4344809949398041 0.2616649866104126
v -0.16110000014305115 0.42667001485824585 0.23432700335979462
v 0.1415719985961914 0.42667001485824585 0.21675199270248413
v 0.18648500740528107 0.4344809949398041 0.2616649866104126
v 0.16110000014305115 0.42667001485824585 0.23432700335979462
v 0.22163400053977966 0.4169059991836548 0.29290899634361267
v -0.18648500740528107 0.43057599663734436 0.5174720287322998
v 0.18648500740528107 0.43057599663734436 0.5174720287322998
v -0.15719400346279144 0.4247170090675354 0.5448099970817566
v -0.13571399450302124 0.43252798914909363 0.5545729994773865
v -0.11813999712467194 0.4286229908466339 0.20113100111484528
v 0.11813999712467194 0.4286229908466339 0.20113100111484528
v 0.15719400346279144 0.4247170090675354 0.5448099970817566
v 0.13571399450302124 0.43252798914909363 0.5545729994773865
v -0.1982010006904602 0.43057599663734436 0.27142900228500366
v -0.17086300253868103 0.44033899903297424 0.5291879773139954
v -0.09080199897289276 0.43057599663734436 0.1874610036611557
v 0.09080199897289276 0.43057599663734436 0.1874610036611557
v 0.17086300253868103 0.44033899903297424 0.5291879773139954
v 0.1982010006904602 0.43057599663734436 0.27142900228500366
v -0.2509250044822693 0.4110479950904846 0.34953799843788147
v -0.24702000617980957 0.4110479950904846 0.31634101271629333
v -0.05955800041556358 0.43252798914909363 0.17769800126552582
v 0.05955800041556358 0.43252798914909363 0.17769800126552582
v 0.2509250044822693 0.4110479950904846 0.34953799843788147
v 0.24702000617980957 0.4110479950904846 0.31634101271629333
v -0.25287801027297974 0.4208120107650757 0.37297001481056213
v -0.23920899629592896 0.4208120107650757 0.37687599658966064
v -0.05955800041556358 0.4344809949398041 0.5916749835014343
v -0.028313999995589256 0.4344809949398041 0.17183999717235565
v 0.028313999995589256 0.4344809949398041 0.17183999717235565
v 0.05955800041556358 0.4344809949398041 0.5916749835014343
v 0.23920899629592896 0.4208120107650757 0.37687599658966064
v 0.25287801027297974 0.4208120107650757 0.37297001481056213
v -0.29193198680877686 0.4110479950904846 0.3397740125656128
v -0.2938849925994873 0.4149540066719055 0.35930100083351135
v -0.28802698850631714 0.41300100088119507 0.3124360144138336
v -0.3368450105190277 0.4169059991836548 0.31634101271629333
v -0.3407500088214874 0.4169059991836548 0.3436790108680725
v -0.24116100370883942 0.4208120107650757 0.2909559905529022
v -0.21772900223731995 0.4344809949398041 0.47255900502204895
v -0.2235870063304901 0.4559609889984131 0.4393630027770996
v -0.1376670002937317 0.43252798914909363 0.5584790110588074
v 0.0009759999811649323 0.4344809949398041 0.1698870062828064
v -0.028313999995589256 0.4344809949398041 0.5975329875946045
v 0.028313999995589256 0.4344809949398041 0.5975329875946045
v 0.0009759999811649323 0.4344809949398041 0.5994859933853149
v 0.1376670002937317 0.43252798914909363 0.5584790110588074
v 0.21772900223731995 0.4344809949398041 0.47255900502204895
v 0.2235870063304901 0.4559609889984131 0.4393630027770996
v 0.29193198680877686 0.4110479950904846 0.3397740125656128
v 0.28802698850631714 0.41300100088119507 0.3124360144138336
v 0.24116100370883942 0.4208120107650757 0.2909559905529022
v 0.2938849925994873 0.4149540066719055 0.35930100083351135
v 0.3368450105190277 0.4169059991836548 0.31634101271629333
v 0.3407500088214874 0.4169059991836548 0.3436790108680725
v -0.33098700642585754 0.4286229908466339 0.29290899634361267
v -0.28216901421546936 0.4247170090675354 0.28900301456451416
v -0.21382300555706024 0.43057599663734436 0.27728700637817383
v 0.21382300555706024 0.43057599663734436 0.27728700637817383
v 0.33098700642585754 0.4286229908466339 0.29290899634361267
v 0.28216901421546936 0.4247170090675354 0.28900301456451416
v -0.33879798650741577 0.4247170090675354 0.35930100083351135
v -0.2938849925994873 0.42667001485824585 0.37297001481056213
v -0.19039100408554077 0.43057599663734436 0.5213770270347595
v -0.20796500146389008 0.4169059991836548 0.5096610188484192
v -0.19624899327754974 0.43057599663734436 0.5252829790115356
v 0.19039100408554077 0.43057599663734436 0.5213770270347595
v 0.20796500146389008 0.4169059991836548 0.5096610188484192
v 0.19624899327754974 0.43057599663734436 0.5252829790115356
v 0.33879798650741577 0.4247170090675354 0.35930100083351135
v 0.2938849925994873 0.42667001485824585 0.37297001481056213
v -0.3798049986362457 0.4286229908466339 0.3339160084724426
v -0.3798049986362457 0.43252798914909363 0.34563198685646057
v -0.3778519928455353 0.43057599663734436 0.3143880069255829
v -0.22163400053977966 0.4208120107650757 0.48622798919677734
v -0.20991800725460052 0.4247170090675354 0.5096610188484192
v -0.20015400648117065 0.4344809949398041 0.5233299732208252
v 0.22163400053977966 0.4208120107650757 0.48622798919677734
v 0.20991800725460052 0.4247170090675354 0.5096610188484192
v 0.20015400648117065 0.4344809949398041 0.5233299732208252
v 0.3798049986362457 0.4286229908466339 0.3339160084724426
v 0.3778519928455353 0.43057599663734436 0.3143880069255829
v 0.3798049986362457 0.43252798914909363 0.34563198685646057
v -0.25287801027297974 0.4364340007305145 0.3827340006828308
v -0.2333499938249588 0.4344809949398041 0.2753340005874634
v -0.23920899629592896 0.4383859932422638 0.3866389989852905
v -0.22163400053977966 0.42667001485824585 0.49013400077819824
v -0.2235870063304901 0.4364340007305145 0.47646498680114746
v 0.22163400053977966 0.42667001485824585 0.49013400077819824
v 0.2235870063304901 0.4364340007305145 0.47646498680114746
v 0.25287801027297974 0.4364340007305145 0.3827340006828308
v 0.23920899629592896 0.4383859932422638 0.3866389989852905
v 0.2333499938249588 0.4344809949398041 0.2753340005874634
v -0.3368450105190277 0.44033899903297424 0.3651590049266815
v -0.37589898705482483 0.4461970031261444 0.35539600253105164
v -0.32317599654197693 0.44815000891685486 0.2753340005874634
v -0.27435800433158875 0.44033899903297424 0.27338099479675293
v -0.2333499938249588 0.4501030147075653 0.39835599064826965
v -0.20601199567317963 0.4247170090675354 0.5057550072669983
v -0.19624899327754974 0.4344809949398041 0.5174720287322998
v -0.2157759964466095 0.42667001485824585 0.48622798919677734
v -0.15328900516033173 0.4422920048236847 0.5428569912910461
v 0.15328900516033173 0.4422920048236847 0.5428569912910461
v 0.20601199567317963 0.4247170090675354 0.5057550072669983
v 0.19624899327754974 0.4344809949398041 0.5174720287322998
v 0.2157759964466095 0.42667001485824585 0.48622798919677734
v 0.2333499938249588 0.4501030147075653 0.39835599064826965
v 0.32317599654197693 0.44815000891685486 0.2753340005874634
v 0.27435800433158875 0.44033899903297424 0.27338099479675293
v 0.3368450105190277 0.44033899903297424 0.3651590049266815
v 0.37589898705482483 0.4461970031261444 0.35539600253105164
v -0.2938849925994873 0.4422920048236847 0.37687599658966064
v -0.1415719985961914 0.4520550072193146 0.22065800428390503
v -0.1767210066318512 0.46572500467300415 0.2577599883079529
v -0.11813999712467194 0.4520550072193146 0.205035999417305
v 0.1415719985961914 0.4520550072193146 0.22065800428390503
v 0.11813999712467194 0.4520550072193146 0.205035999417305
v 0.1767210066318512 0.46572500467300415 0.2577599883079529
v 0.2938849925994873 0.4422920048236847 0.37687599658966064
v -0.403236985206604 0.44033899903297424 0.33000999689102173
v -0.403236985206604 0.44424501061439514 0.34172698855400085
v -0.3719939887523651 0.44033899903297424 0.2968139946460724
v -0.09080199897289276 0.454008013010025 0.1913670003414154
v 0.09080199897289276 0.454008013010025 0.1913670003414154
v 0.3719939887523651 0.44033899903297424 0.2968139946460724
v 0.403236985206604 0.44033899903297424 0.33000999689102173
v 0.403236985206604 0.44424501061439514 0.34172698855400085
v -0.40128499269485474 0.4422920048236847 0.3143880069255829
v -0.20601199567317963 0.44815000891685486 0.2694759964942932
v -0.19039100408554077 0.4501030147075653 0.2655700147151947
v -0.17867399752140045 0.44424501061439514 0.536998987197876
v -0.1806270033121109 0.4501030147075653 0.5350459814071655
v -0.17476899921894073 0.44033899903297424 0.5330939888954163
v -0.05955800041556358 0.4559609889984131 0.18160299956798553
v 0.05955800041556358 0.4559609889984131 0.18160299956798553
v 0.17476899921894073 0.44033899903297424 0.5330939888954163
v 0.17867399752140045 0.44424501061439514 0.536998987197876
v 0.1806270033121109 0.4501030147075653 0.5350459814071655
v 0.20601199567317963 0.44815000891685486 0.2694759964942932
v 0.19039100408554077 0.4501030147075653 0.2655700147151947
v 0.40128499269485474 0.4422920048236847 0.3143880069255829
v -0.3973790109157562 0.4559609889984131 0.34953799843788147
v -0.15524199604988098 0.4422920048236847 0.546763002872467
v -0.1415719985961914 0.45791399478912354 0.5565260052680969
v -0.028313999995589256 0.4559609889984131 0.17574499547481537
v 0.028313999995589256 0.4559609889984131 0.17574499547481537
v 0.15524199604988098 0.4422920048236847 0.546763002872467
v 0.1415719985961914 0.45791399478912354 0.5565260052680969
v 0.3973790109157562 0.4559609889984131 0.34953799843788147
v -0.22553999722003937 0.4520550072193146 0.26752299070358276
v -0.1982010006904602 0.4637719988822937 0.503803014755249
v -0.2118699997663498 0.4715830087661743 0.47255900502204895
v -0.1767210066318512 0.4501030147075653 0.5291879773139954
v -0.05955800041556358 0.4891569912433624 0.579958975315094
v -0.1025179997086525 0.4891569912433624 0.5701950192451477
v 0.0009759999811649323 0.4559609889984131 0.1737920045852661
v -0.028313999995589256 0.4891569912433624 0.5858169794082642
v 0.028313999995589256 0.4891569912433624 0.5858169794082642
v 0.0009759999811649323 0.4891569912433624 0.5858169794082642
v 0.05955800041556358 0.4891569912433624 0.579958975315094
v 0.1025179997086525 0.4891569912433624 0.5701950192451477
v 0.1767210066318512 0.4501030147075653 0.5291879773139954
v 0.1982010006904602 0.4637719988822937 0.503803014755249
v 0.21187099814414978 0.4715830087661743 0.47255900502204895
v 0.22553999722003937 0.4520550072193146 0.26752299070358276
v -0.25287801027297974 0.454008013010025 0.3866389989852905
v 0.25287801027297974 0.454008013010025 0.3866389989852905
v -0.2372560054063797 0.45791399478912354 0.388592004776001
v 0.2372560054063797 0.45791399478912354 0.388592004776001
v -0.4247170090675354 0.45791399478912354 0.32805800437927246
v -0.42276498675346375 0.46181899309158325 0.33782100677490234
v -0.39542698860168457 0.4520550072193146 0.29876700043678284
v -0.36613601446151733 0.45791399478912354 0.28119200468063354
v -0.3329389989376068 0.4520550072193146 0.36906498670578003
v -0.37004101276397705 0.4637719988822937 0.35930100083351135
v -0.3153649866580963 0.4715830087661743 0.26361799240112305
v -0.26654699444770813 0.46181899309158325 0.26361799240112305
v 0.3153649866580963 0.4715830087661743 0.26361799240112305
v 0.26654699444770813 0.46181899309158325 0.26361799240112305
v 0.3329389989376068 0.4520550072193146 0.36906498670578003
v 0.37004101276397705 0.4637719988822937 0.35930100083351135
v 0.39542698860168457 0.4520550072193146 0.29876700043678284
v 0.36613601446151733 0.45791399478912354 0.28119200468063354
v 0.4247170090675354 0.45791399478912354 0.32805800437927246
v 0.42276498675346375 0.46181899309158325 0.33782100677490234
v -0.42276498675346375 0.45791399478912354 0.3143880069255829
v -0.29193198680877686 0.4520550072193146 0.3788279891014099
v 0.29193198680877686 0.4520550072193146 0.3788279891014099
v 0.42276498675346375 0.45791399478912354 0.3143880069255829
v -0.4169059991836548 0.4715830087661743 0.34563198685646057
v 0.4169059991836548 0.4715830087661743 0.34563198685646057
v -0.39152100682258606 0.4715830087661743 0.3534429967403412
v 0.39152100682258606 0.4715830087661743 0.3534429967403412
v -0.20015400648117065 0.4676769971847534 0.2655700147151947
v 0.20015400648117065 0.4676769971847534 0.2655700147151947
v -0.22944499552249908 0.4715830087661743 0.39445000886917114
v -0.18648500740528107 0.46963000297546387 0.2655700147151947
v -0.16305199265480042 0.48720499873161316 0.5350459814071655
v -0.18257999420166016 0.4852519929409027 0.5155190229415894
v -0.13180899620056152 0.48720499873161316 0.5565260052680969
v 0.13180899620056152 0.48720499873161316 0.5565260052680969
v 0.16305199265480042 0.48720499873161316 0.5350459814071655
v 0.18257999420166016 0.4852519929409027 0.5155190229415894
v 0.18648500740528107 0.46963000297546387 0.2655700147151947
v 0.22944499552249908 0.4715830087661743 0.39445000886917114
v -0.4149540066719055 0.4676769971847534 0.29876700043678284
v -0.3895680010318756 0.4676769971847534 0.28509798645973206
v -0.2899790108203888 0.4520550072193146 0.36320701241493225
v -0.33098700642585754 0.454008013010025 0.35539600253105164
v -0.2509250044822693 0.45791399478912354 0.36711201071739197
v -0.25287801027297974 0.4598659873008728 0.38468700647354126
v -0.2899790108203888 0.46181899309158325 0.3573479950428009
v -0.2509250044822693 0.46181899309158325 0.3612540066242218
v -0.2196809947490692 0.4715830087661743 0.2616649866104126
v -0.11813999712467194 0.47548800706863403 0.21089400351047516
v -0.1415719985961914 0.47548800706863403 0.22846899926662445
v -0.09080199897289276 0.4774410128593445 0.19722500443458557
v 0.11813999712467194 0.47548800706863403 0.21089400351047516
v 0.09080199897289276 0.4774410128593445 0.19722500443458557
v 0.1415719985961914 0.47548800706863403 0.22846899926662445
v 0.2196809947490692 0.4715830087661743 0.2616649866104126
v 0.2899790108203888 0.4520550072193146 0.36320701241493225
v 0.2509250044822693 0.45791399478912354 0.36711201071739197
v 0.33098700642585754 0.454008013010025 0.35539600253105164
v 0.2899790108203888 0.46181899309158325 0.3573479950428009
v 0.2509250044822693 0.46181899309158325 0.3612540066242218
v 0.25287801027297974 0.4598659873008728 0.38468700647354126
v 0.3895680010318756 0.4676769971847534 0.28509798645973206
v 0.4149540066719055 0.4676769971847534 0.29876700043678284
v -0.3290340006351471 0.4676769971847534 0.35148999094963074
v -0.3680880069732666 0.4637719988822937 0.347584992647171
v -0.05955800041556358 0.47939398884773254 0.1874610036611557
v 0.05955800041556358 0.47939398884773254 0.1874610036611557
v 0.3290340006351471 0.4676769971847534 0.35148999094963074
v 0.3680880069732666 0.4637719988822937 0.347584992647171
v -0.40909600257873535 0.4813460111618042 0.347584992647171
v -0.2157759964466095 0.4930630028247833 0.44131600856781006
v -0.028313999995589256 0.47939398884773254 0.18160299956798553
v 0.0009759999811649323 0.47939398884773254 0.17965100705623627
v 0.028313999995589256 0.47939398884773254 0.18160299956798553
v 0.2157759964466095 0.4930630028247833 0.44131600856781006
v 0.40909600257873535 0.4813460111618042 0.347584992647171
v -0.44424501061439514 0.4852519929409027 0.3221989870071411
v -0.4422920048236847 0.48720499873161316 0.3319630026817322
v -0.4422920048236847 0.4852519929409027 0.31048300862312317
v -0.360276997089386 0.4813460111618042 0.2694759964942932
v -0.23530299961566925 0.46572500467300415 0.36711201071739197
v -0.2372560054063797 0.46963000297546387 0.3866389989852905
v 0.2372560054063797 0.46963000297546387 0.3866389989852905
v 0.23530299961566925 0.46572500467300415 0.36711201071739197
v 0.360276997089386 0.4813460111618042 0.2694759964942932
v 0.44424501061439514 0.4852519929409027 0.3221989870071411
v 0.4422920048236847 0.4852519929409027 0.31048300862312317
v 0.4422920048236847 0.48720499873161316 0.3319630026817322
v -0.4344809949398041 0.4950149953365326 0.3397740125656128
v -0.2509250044822693 0.4735350012779236 0.3573479950428009
v -0.28802698850631714 0.48329898715019226 0.35539600253105164
v -0.3075540065765381 0.49696800112724304 0.2558070123195648
v -0.2587360143661499 0.48329898715019226 0.2558070123195648
v 0.2509250044822693 0.4735350012779236 0.3573479950428009
v 0.2587360143661499 0.48329898715019226 0.2558070123195648
v 0.3075540065765381 0.49696800112724304 0.2558070123195648
v 0.28802698850631714 0.48329898715019226 0.35539600253105164
v 0.4344809949398041 0.4950149953365326 0.3397740125656128
v -0.36613601446151733 0.4774410128593445 0.34563198685646057
v -0.3895680010318756 0.4715830087661743 0.34172698855400085
v -0.19624899327754974 0.4911099970340729 0.49403899908065796
v 0.19624899327754974 0.4911099970340729 0.49403899908065796
v 0.36613601446151733 0.4774410128593445 0.34563198685646057
v 0.3895680010318756 0.4715830087661743 0.34172698855400085
v -0.23139800131320953 0.47939398884773254 0.3710170090198517
v -0.24897199869155884 0.4813460111618042 0.35930100083351135
v -0.2372560054063797 0.4852519929409027 0.3749229907989502
v -0.24702000617980957 0.48720499873161316 0.3651590049266815
v -0.24506700038909912 0.48720499873161316 0.3827340006828308
v -0.18257999420166016 0.4891569912433624 0.2694759964942932
v -0.1415719985961914 0.49696800112724304 0.23627999424934387
v -0.17281599342823029 0.4891569912433624 0.26361799240112305
v 0.18257999420166016 0.4891569912433624 0.2694759964942932
v 0.1415719985961914 0.49696800112724304 0.23627999424934387
v 0.17281599342823029 0.4891569912433624 0.26361799240112305
v 0.23139800131320953 0.47939398884773254 0.3710170090198517
v 0.24897199869155884 0.4813460111618042 0.35930100083351135
v 0.2372560054063797 0.4852519929409027 0.3749229907989502
v 0.24702000617980957 0.48720499873161316 0.3651590049266815
v 0.24506700038909912 0.48720499873161316 0.3827340006828308
v -0.4110479950904846 0.4813460111618042 0.28900301456451416
v -0.4344809949398041 0.4930630028247833 0.2968139946460724
v -0.38761600852012634 0.4911099970340729 0.2753340005874634
v -0.3251279890537262 0.4930630028247833 0.3534429967403412
v -0.19624899327754974 0.48720499873161316 0.26752299070358276
v 0.19624899327754974 0.48720499873161316 0.26752299070358276
v 0.3251279890537262 0.4930630028247833 0.3534429967403412
v 0.4110479950904846 0.4813460111618042 0.28900301456451416
v 0.38761600852012634 0.4911099970340729 0.2753340005874634
v 0.4344809949398041 0.4930630028247833 0.2968139946460724
v -0.23139800131320953 0.4813460111618042 0.3827340006828308
v 0.23139800131320953 0.4813460111618042 0.3827340006828308
v -0.42667001485824585 0.5008739829063416 0.3436790108680725
v -0.4071429967880249 0.4813460111618042 0.33782100677490234
v -0.2235870063304901 0.4950149953365326 0.3788279891014099
v -0.22163400053977966 0.4950149953365326 0.40226098895072937
v -0.21382300555706024 0.4930630028247833 0.2616649866104126
v -0.20601199567317963 0.4930630028247833 0.47255900502204895
v 0.20601199567317963 0.4930630028247833 0.47255900502204895
v 0.21382300555706024 0.4930630028247833 0.2616649866104126
v 0.2235870063304901 0.4950149953365326 0.3788279891014099
v 0.22163400053977966 0.4950149953365326 0.40226098895072937
v 0.4071429967880249 0.4813460111618042 0.33782100677490234
v 0.42667001485824585 0.5008739829063416 0.3436790108680725
v -0.28412100672721863 0.5028259754180908 0.3573479950428009
v 0.28412100672721863 0.5028259754180908 0.3573479950428009
v -0.11813999712467194 0.4989210069179535 0.22065800428390503
v -0.09080199897289276 0.5008739829063416 0.20698900520801544
v 0.11813999712467194 0.4989210069179535 0.22065800428390503
v 0.09080199897289276 0.5008739829063416 0.20698900520801544
v -0.4208120107650757 0.5008739829063416 0.3339160084724426
v -0.36223000288009644 0.5047789812088013 0.347584992647171
v -0.05955800041556358 0.5028259754180908 0.19722500443458557
v 0.05955800041556358 0.5028259754180908 0.19722500443458557
v 0.4208120107650757 0.5008739829063416 0.3339160084724426
v 0.36223000288009644 0.5047789812088013 0.347584992647171
v -0.2157759964466095 0.5106369853019714 0.36711201071739197
v -0.028313999995589256 0.5028259754180908 0.1913670003414154
v 0.0009759999811649323 0.5028259754180908 0.18941399455070496
v 0.028313999995589256 0.5028259754180908 0.1913670003414154
v 0.2157759964466095 0.5106369853019714 0.36711201071739197
v -0.40909600257873535 0.5008739829063416 0.28119200468063354
v -0.35637199878692627 0.508683979511261 0.2616649866104126
v -0.27826300263404846 0.522354006767273 0.35930100083351135
v 0.27826300263404846 0.522354006767273 0.35930100083351135
v 0.35637199878692627 0.508683979511261 0.2616649866104126
v 0.40909600257873535 0.5008739829063416 0.28119200468063354
v -0.25287801027297974 0.508683979511261 0.25385400652885437
v -0.3016960024833679 0.5243059992790222 0.2519010007381439
v 0.25287801027297974 0.508683979511261 0.25385400652885437
v 0.3016960024833679 0.5243059992790222 0.2519010007381439
v -0.4598659873008728 0.518447995185852 0.31634101271629333
v -0.45791399478912354 0.5204010009765625 0.326104998588562
v -0.45791399478912354 0.518447995185852 0.30657801032066345
v -0.22163400053977966 0.522354006767273 0.3749229907989502
v -0.17867399752140045 0.5106369853019714 0.5077080130577087
v 0.17867399752140045 0.5106369853019714 0.5077080130577087
v 0.22163400053977966 0.522354006767273 0.3749229907989502
v 0.4598659873008728 0.518447995185852 0.31634101271629333
v 0.45791399478912354 0.518447995185852 0.30657801032066345
v 0.45791399478912354 0.5204010009765625 0.326104998588562
v -0.44815000891685486 0.5243059992790222 0.3339160084724426
v -0.2724049985408783 0.5399280190467834 0.3651590049266815
v -0.2333499938249588 0.5340700149536133 0.3827340006828308
v -0.2509250044822693 0.5555499792098999 0.3827340006828308
v -0.2724049985408783 0.5418810248374939 0.3827340006828308
v -0.19234299659729004 0.5067319869995117 0.27338099479675293
v -0.20991800725460052 0.5145429968833923 0.26752299070358276
v -0.1376670002937317 0.5106369853019714 0.5448099970817566
v -0.16110000014305115 0.508683979511261 0.5272349715232849
v -0.11618699878454208 0.5106369853019714 0.5565260052680969
v 0.1376670002937317 0.5106369853019714 0.5448099970817566
v 0.11618699878454208 0.5106369853019714 0.5565260052680969
v 0.16110000014305115 0.508683979511261 0.5272349715232849
v 0.19234299659729004 0.5067319869995117 0.27338099479675293
v 0.20991800725460052 0.5145429968833923 0.26752299070358276
v 0.2724049985408783 0.5399280190467834 0.3651590049266815
v 0.2333499938249588 0.5340700149536133 0.3827340006828308
v 0.2509250044822693 0.5555499792098999 0.3827340006828308
v 0.2724049985408783 0.5418810248374939 0.3827340006828308
v 0.44815000891685486 0.5243059992790222 0.3339160084724426
v -0.17867399752140045 0.5047789812088013 0.2792389988899231
v -0.1415719985961914 0.5164949893951416 0.24994899332523346
v -0.16891099512577057 0.5125899910926819 0.27728700637817383
v -0.09080199897289276 0.5106369853019714 0.566290020942688
v -0.05955800041556358 0.5125899910926819 0.5721480250358582
v -0.028313999995589256 0.5125899910926819 0.5760530233383179
v 0.028313999995589256 0.5125899910926819 0.5760530233383179
v 0.0009759999811649323 0.5125899910926819 0.5780060291290283
v 0.05955800041556358 0.5125899910926819 0.5721480250358582
v 0.09080199897289276 0.5106369853019714 0.566290020942688
v 0.17867399752140045 0.5047789812088013 0.2792389988899231
v 0.1415719985961914 0.5164949893951416 0.24994899332523346
v 0.16891099512577057 0.5125899910926819 0.27728700637817383
v -0.3856630027294159 0.5164949893951416 0.26752299070358276
v -0.19234299659729004 0.5125899910926819 0.4842750132083893
v 0.19234299659729004 0.5125899910926819 0.4842750132083893
v 0.3856630027294159 0.5164949893951416 0.26752299070358276
v -0.42667001485824585 0.508683979511261 0.2870500087738037
v -0.4501030147075653 0.5243059992790222 0.29486098885536194
v -0.3192700147628784 0.522354006767273 0.35539600253105164
v -0.20015400648117065 0.5164949893951416 0.4627949893474579
v -0.20991800725460052 0.5164949893951416 0.41593000292778015
v -0.20601199567317963 0.5164949893951416 0.4393630027770996
v -0.24702000617980957 0.5340700149536133 0.2558070123195648
v 0.20015400648117065 0.5164949893951416 0.4627949893474579
v 0.24702000617980957 0.5340700149536133 0.2558070123195648
v 0.20991800725460052 0.5164949893951416 0.41593000292778015
v 0.20601199567317963 0.5164949893951416 0.4393630027770996
v 0.3192700147628784 0.522354006767273 0.35539600253105164
v 0.42667001485824585 0.508683979511261 0.2870500087738037
v 0.4501030147075653 0.5243059992790222 0.29486098885536194
v -0.44033899903297424 0.5282120108604431 0.33782100677490234
v 0.44033899903297424 0.5282120108604431 0.33782100677490234
v -0.11813999712467194 0.518447995185852 0.23237399756908417
v 0.11813999712467194 0.518447995185852 0.23237399756908417
v -0.09080199897289276 0.5204010009765625 0.21870499849319458
v 0.09080199897289276 0.5204010009765625 0.21870499849319458
v -0.4344809949398041 0.5282120108604431 0.32805800437927246
v -0.40909600257873535 0.5243059992790222 0.2753340005874634
v -0.05955800041556358 0.522354006767273 0.20698900520801544
v 0.05955800041556358 0.522354006767273 0.20698900520801544
v 0.40909600257873535 0.5243059992790222 0.2753340005874634
v 0.4344809949398041 0.5282120108604431 0.32805800437927246
v -0.028313999995589256 0.5243059992790222 0.20113100111484528
v 0.0009759999811649323 0.5243059992790222 0.20113100111484528
v 0.028313999995589256 0.5243059992790222 0.20113100111484528
v -0.35637199878692627 0.537975013256073 0.35148999094963074
v -0.18843799829483032 0.522354006767273 0.2870500087738037
v -0.1767210066318512 0.518447995185852 0.29290899634361267
v 0.18843799829483032 0.522354006767273 0.2870500087738037
v 0.1767210066318512 0.518447995185852 0.29290899634361267
v 0.35637199878692627 0.537975013256073 0.35148999094963074
v -0.20601199567317963 0.5340700149536133 0.27728700637817383
v 0.20601199567317963 0.5340700149536133 0.27728700637817383
v -0.43252798914909363 0.5321170091629028 0.283145010471344
v -0.3505139946937561 0.5418810248374939 0.2577599883079529
v -0.2938849925994873 0.5535969734191895 0.2519010007381439
v -0.16110000014305115 0.5301640033721924 0.5155190229415894
v -0.1415719985961914 0.5301640033721924 0.5311409831047058
v 0.1415719985961914 0.5301640033721924 0.5311409831047058
v 0.16110000014305115 0.5301640033721924 0.5155190229415894
v 0.2938849925994873 0.5535969734191895 0.2519010007381439
v 0.3505139946937561 0.5418810248374939 0.2577599883079529
v 0.43252798914909363 0.5321170091629028 0.283145010471344
v -0.1982010006904602 0.537975013256073 0.41202500462532043
v -0.20015400648117065 0.5282120108604431 0.3612540066242218
v -0.19624899327754974 0.537975013256073 0.3749229907989502
v -0.1767210066318512 0.5321170091629028 0.4959920048713684
v -0.11813999712467194 0.5321170091629028 0.5448099970817566
v -0.09080199897289276 0.5321170091629028 0.5545729994773865
v 0.11813999712467194 0.5321170091629028 0.5448099970817566
v 0.09080199897289276 0.5321170091629028 0.5545729994773865
v 0.1767210066318512 0.5321170091629028 0.4959920048713684
v 0.1982010006904602 0.537975013256073 0.41202500462532043
v 0.20015400648117065 0.5282120108604431 0.3612540066242218
v 0.19624899327754974 0.537975013256073 0.3749229907989502
v -0.18648500740528107 0.5340700149536133 0.47255900502204895
v -0.1415719985961914 0.5340700149536133 0.2616649866104126
v -0.17086300253868103 0.5399280190467834 0.31048300862312317
v -0.1415719985961914 0.5477390289306641 0.2792389988899231
v -0.05955800041556358 0.5340700149536133 0.5623840093612671
v -0.028313999995589256 0.5340700149536133 0.566290020942688
v 0.028313999995589256 0.5340700149536133 0.566290020942688
v 0.0009759999811649323 0.5340700149536133 0.566290020942688
v 0.05955800041556358 0.5340700149536133 0.5623840093612671
v 0.1415719985961914 0.5340700149536133 0.2616649866104126
v 0.17086300253868103 0.5399280190467834 0.31048300862312317
v 0.1415719985961914 0.5477390289306641 0.2792389988899231
v 0.18648500740528107 0.5340700149536133 0.47255900502204895
v -0.24116100370883942 0.5555499792098999 0.26361799240112305
v 0.24116100370883942 0.5555499792098999 0.26361799240112305
v -0.38370999693870544 0.5496919751167297 0.26361799240112305
v -0.19624899327754974 0.537975013256073 0.43740999698638916
v -0.11813999712467194 0.537975013256073 0.24604299664497375
v 0.11813999712467194 0.537975013256073 0.24604299664497375
v 0.19624899327754974 0.537975013256073 0.43740999698638916
v 0.38370999693870544 0.5496919751167297 0.26361799240112305
v -0.46963000297546387 0.5555499792098999 0.3124360144138336
v -0.4676769971847534 0.5555499792098999 0.32024699449539185
v -0.4676769971847534 0.5555499792098999 0.30267199873924255
v -0.18648500740528107 0.5340700149536133 0.304625004529953
v -0.1767210066318512 0.5282120108604431 0.3085300028324127
v -0.09080199897289276 0.5399280190467834 0.23237399756908417
v 0.09080199897289276 0.5399280190467834 0.23237399756908417
v 0.18648500740528107 0.5340700149536133 0.304625004529953
v 0.1767210066318512 0.5282120108604431 0.3085300028324127
v 0.46963000297546387 0.5555499792098999 0.3124360144138336
v 0.4676769971847534 0.5555499792098999 0.30267199873924255
v 0.4676769971847534 0.5555499792098999 0.32024699449539185
v -0.45791399478912354 0.5575029850006104 0.33000999689102173
v -0.05955800041556358 0.5418810248374939 0.22065800428390503
v 0.05955800041556358 0.5418810248374939 0.22065800428390503
v 0.45791399478912354 0.5575029850006104 0.33000999689102173
v -0.3114590048789978 0.5535969734191895 0.3573479950428009
v -0.20601199567317963 0.5438339710235596 0.36906498670578003
v -0.2021069973707199 0.5496919751167297 0.29486098885536194
v -0.028313999995589256 0.5438339710235596 0.21480000019073486
v 0.028313999995589256 0.5438339710235596 0.21480000019073486
v 0.2021069973707199 0.5496919751167297 0.29486098885536194
v 0.20601199567317963 0.5438339710235596 0.36906498670578003
v 0.3114590048789978 0.5535969734191895 0.3573479950428009
v -0.45791399478912354 0.5575029850006104 0.2909559905529022
v -0.44815000891685486 0.5594549775123596 0.3339160084724426
v -0.4110479950904846 0.5555499792098999 0.27142900228500366
v 0.0009759999811649323 0.5438339710235596 0.21284699440002441
v 0.4110479950904846 0.5555499792098999 0.27142900228500366
v 0.44815000891685486 0.5594549775123596 0.3339160084724426
v 0.45791399478912354 0.5575029850006104 0.2909559905529022
v -0.44424501061439514 0.5594549775123596 0.32415199279785156
v -0.19234299659729004 0.5360230207443237 0.34953799843788147
v -0.18648500740528107 0.5418810248374939 0.32415199279785156
v -0.1806270033121109 0.5360230207443237 0.32805800437927246
v 0.18648500740528107 0.5418810248374939 0.32415199279785156
v 0.1806270033121109 0.5360230207443237 0.32805800437927246
v 0.19234299659729004 0.5360230207443237 0.34953799843788147
v 0.44424501061439514 0.5594549775123596 0.32415199279785156
v -0.1415719985961914 0.5477390289306641 0.5155190229415894
v -0.16110000014305115 0.5457860231399536 0.5018500089645386
v -0.11813999712467194 0.5496919751167297 0.5311409831047058
v 0.1415719985961914 0.5477390289306641 0.5155190229415894
v 0.11813999712467194 0.5496919751167297 0.5311409831047058
v 0.16110000014305115 0.5457860231399536 0.5018500089645386
v -0.4364340007305145 0.5594549775123596 0.28119200468063354
v -0.17281599342823029 0.5457860231399536 0.4823229908943176
v -0.09080199897289276 0.5516440272331238 0.5409039855003357
v -0.05955800041556358 0.5535969734191895 0.5487149953842163
v 0.09080199897289276 0.5516440272331238 0.5409039855003357
v 0.05955800041556358 0.5535969734191895 0.5487149953842163
v 0.17281599342823029 0.5457860231399536 0.4823229908943176
v 0.4364340007305145 0.5594549775123596 0.28119200468063354
v -0.2860740125179291 0.5789830088615417 0.2577599883079529
v -0.22163400053977966 0.5594549775123596 0.3749229907989502
v -0.23530299961566925 0.5731239914894104 0.27728700637817383
v -0.20015400648117065 0.5594549775123596 0.31634101271629333
v -0.1806270033121109 0.5516440272331238 0.4569369852542877
v -0.11813999712467194 0.5535969734191895 0.2616649866104126
v -0.028313999995589256 0.5535969734191895 0.5526210069656372
v 0.0009759999811649323 0.5535969734191895 0.5545729994773865
v 0.028313999995589256 0.5535969734191895 0.5526210069656372
v 0.11813999712467194 0.5535969734191895 0.2616649866104126
v 0.20015400648117065 0.5594549775123596 0.31634101271629333
v 0.1806270033121109 0.5516440272331238 0.4569369852542877
v 0.23530299961566925 0.5731239914894104 0.27728700637817383
v 0.22163400053977966 0.5594549775123596 0.3749229907989502
v 0.2860740125179291 0.5789830088615417 0.2577599883079529
v -0.19039100408554077 0.5457860231399536 0.3436790108680725
v -0.1806270033121109 0.5555499792098999 0.35930100083351135
v -0.20015400648117065 0.5516440272331238 0.3573479950428009
v 0.19039100408554077 0.5457860231399536 0.3436790108680725
v 0.1806270033121109 0.5555499792098999 0.35930100083351135
v 0.20015400648117065 0.5516440272331238 0.3573479950428009
v -0.3466080129146576 0.5731239914894104 0.3534429967403412
v -0.38370999693870544 0.580935001373291 0.347584992647171
v -0.18453200161457062 0.5555499792098999 0.4003080129623413
v -0.18257999420166016 0.5555499792098999 0.42959898710250854
v -0.09080199897289276 0.5575029850006104 0.2479960024356842
v 0.09080199897289276 0.5575029850006104 0.2479960024356842
v 0.18453200161457062 0.5555499792098999 0.4003080129623413
v 0.18257999420166016 0.5555499792098999 0.42959898710250854
v 0.3466080129146576 0.5731239914894104 0.3534429967403412
v 0.38370999693870544 0.580935001373291 0.347584992647171
v -0.29974299669265747 0.580935001373291 0.35930100083351135
v -0.1415719985961914 0.5614079833030701 0.2968139946460724
v -0.16110000014305115 0.5614079833030701 0.33000999689102173
v -0.05955800041556358 0.5594549775123596 0.23823200166225433
v 0.05955800041556358 0.5594549775123596 0.23823200166225433
v 0.1415719985961914 0.5614079833030701 0.2968139946460724
v 0.16110000014305115 0.5614079833030701 0.33000999689102173
v 0.29974299669265747 0.580935001373291 0.35930100083351135
v -0.34465599060058594 0.5711719989776611 0.2558070123195648
v -0.2684989869594574 0.5770300030708313 0.38078099489212036
v -0.3016960024833679 0.5828880071640015 0.37297001481056213
v -0.2021069973707199 0.5633609890937805 0.3397740125656128
v -0.028313999995589256 0.5614079833030701 0.23237399756908417
v 0.028313999995589256 0.5614079833030701 0.23237399756908417
v 0.2021069973707199 0.5633609890937805 0.3397740125656128
v 0.2684989869594574 0.5770300030708313 0.38078099489212036
v 0.3016960024833679 0.5828880071640015 0.37297001481056213
v 0.34465599060058594 0.5711719989776611 0.2558070123195648
v 0.0009759999811649323 0.5614079833030701 0.2304210066795349
v -0.16110000014305115 0.5614079833030701 0.4745120108127594
v -0.1415719985961914 0.5633609890937805 0.49794501066207886
v 0.16110000014305115 0.5614079833030701 0.4745120108127594
v 0.1415719985961914 0.5633609890937805 0.49794501066207886
v -0.11813999712467194 0.5672659873962402 0.28119200468063354
v -0.11813999712467194 0.5672659873962402 0.5135660171508789
v 0.11813999712467194 0.5672659873962402 0.28119200468063354
v 0.11813999712467194 0.5672659873962402 0.5135660171508789
v -0.381756991147995 0.580935001373291 0.26361799240112305
v -0.2333499938249588 0.5848410129547119 0.29486098885536194
v -0.09080199897289276 0.5692189931869507 0.5233299732208252
v 0.09080199897289276 0.5692189931869507 0.5233299732208252
v 0.2333499938249588 0.5848410129547119 0.29486098885536194
v 0.381756991147995 0.580935001373291 0.26361799240112305
v -0.2157759964466095 0.5711719989776611 0.3612540066242218
v -0.16500499844551086 0.5711719989776611 0.4432680010795593
v -0.05955800041556358 0.5711719989776611 0.5311409831047058
v 0.05955800041556358 0.5711719989776611 0.5311409831047058
v 0.16500499844551086 0.5711719989776611 0.4432680010795593
v 0.2157759964466095 0.5711719989776611 0.3612540066242218
v -0.09080199897289276 0.5731239914894104 0.26752299070358276
v -0.028313999995589256 0.5731239914894104 0.5350459814071655
v 0.0009759999811649323 0.5731239914894104 0.536998987197876
v 0.028313999995589256 0.5731239914894104 0.5350459814071655
v 0.09080199897289276 0.5731239914894104 0.26752299070358276
v -0.4735350012779236 0.5867930054664612 0.31048300862312317
v -0.4715830087661743 0.5867930054664612 0.3182939887046814
v -0.4715830087661743 0.5867930054664612 0.3007189929485321
v -0.46181899309158325 0.5867930054664612 0.32805800437927246
v -0.4110479950904846 0.5848410129547119 0.27142900228500366
v -0.24311399459838867 0.580935001373291 0.3749229907989502
v -0.2802160084247589 0.5965570211410522 0.2694759964942932
v -0.16891099512577057 0.5731239914894104 0.41593000292778015
v -0.17086300253868103 0.5711719989776611 0.3924970030784607
v -0.16500499844551086 0.5711719989776611 0.36320701241493225
v 0.16891099512577057 0.5731239914894104 0.41593000292778015
v 0.17086300253868103 0.5711719989776611 0.3924970030784607
v 0.2802160084247589 0.5965570211410522 0.2694759964942932
v 0.24311399459838867 0.580935001373291 0.3749229907989502
v 0.4110479950904846 0.5848410129547119 0.27142900228500366
v 0.4735350012779236 0.5867930054664612 0.31048300862312317
v 0.4715830087661743 0.5867930054664612 0.3007189929485321
v 0.4715830087661743 0.5867930054664612 0.3182939887046814
v 0.46181899309158325 0.5867930054664612 0.32805800437927246
v -0.4598659873008728 0.5867930054664612 0.2909559905529022
v -0.4520550072193146 0.5867930054664612 0.3319630026817322
v -0.05955800041556358 0.5750769972801208 0.2577599883079529
v 0.05955800041556358 0.5750769972801208 0.2577599883079529
v 0.4598659873008728 0.5867930054664612 0.2909559905529022
v 0.4520550072193146 0.5867930054664612 0.3319630026817322
v -0.44815000891685486 0.5867930054664612 0.3221989870071411
v -0.4383859932422638 0.5867930054664612 0.28119200468063354
v -0.23139800131320953 0.5946040153503418 0.32024699449539185
v -0.028313999995589256 0.5770300030708313 0.2519010007381439
v 0.028313999995589256 0.5770300030708313 0.2519010007381439
v 0.23139800131320953 0.5946040153503418 0.32024699449539185
v 0.4383859932422638 0.5867930054664612 0.28119200468063354
v 0.44815000891685486 0.5867930054664612 0.3221989870071411
v -0.1376670002937317 0.5731239914894104 0.3143880069255829
v -0.1454779952764511 0.5789830088615417 0.34172698855400085
v -0.1415719985961914 0.5770300030708313 0.4745120108127594
v -0.11618699878454208 0.580935001373291 0.3007189929485321
v 0.0009759999811649323 0.5789830088615417 0.24994899332523346
v 0.1376670002937317 0.5731239914894104 0.3143880069255829
v 0.11618699878454208 0.580935001373291 0.3007189929485321
v 0.1454779952764511 0.5789830088615417 0.34172698855400085
v 0.1415719985961914 0.5770300030708313 0.4745120108127594
v -0.2333499938249588 0.5946040153503418 0.35148999094963074
v -0.11813999712467194 0.580935001373291 0.4920859932899475
v 0.11813999712467194 0.580935001373291 0.4920859932899475
v 0.2333499938249588 0.5946040153503418 0.35148999094963074
v -0.09080199897289276 0.5867930054664612 0.28900301456451416
v -0.09080199897289276 0.5848410129547119 0.503803014755249
v 0.09080199897289276 0.5867930054664612 0.28900301456451416
v 0.09080199897289276 0.5848410129547119 0.503803014755249
v -0.05955800041556358 0.5867930054664612 0.5116140246391296
v 0.05955800041556358 0.5867930054664612 0.5116140246391296
v -0.33879798650741577 0.5965570211410522 0.25971201062202454
v -0.2372560054063797 0.5906990170478821 0.3651590049266815
v -0.16305199265480042 0.5750769972801208 0.37687599658966064
v -0.1591469943523407 0.580935001373291 0.3964030146598816
v -0.15719400346279144 0.5750769972801208 0.35930100083351135
v -0.15133599936962128 0.5867930054664612 0.41007199883461
v -0.14352500438690186 0.5867930054664612 0.44131600856781006
v -0.028313999995589256 0.5887460112571716 0.5155190229415894
v 0.028313999995589256 0.5887460112571716 0.5155190229415894
v 0.16500499844551086 0.5711719989776611 0.36320701241493225
v 0.16305199265480042 0.5750769972801208 0.37687599658966064
v 0.15719400346279144 0.5750769972801208 0.35930100083351135
v 0.15133599936962128 0.5867930054664612 0.41007199883461
v 0.14352500438690186 0.5867930054664612 0.44131600856781006
v 0.1591469943523407 0.580935001373291 0.3964030146598816
v 0.2372560054063797 0.5906990170478821 0.3651590049266815
v 0.33879798650741577 0.5965570211410522 0.25971201062202454
v -0.3368450105190277 0.6043679714202881 0.3534429967403412
v -0.27435800433158875 0.6082730293273926 0.28509798645973206
v -0.11618699878454208 0.5926520228385925 0.3358680009841919
v -0.05955800041556358 0.5906990170478821 0.2792389988899231
v 0.0009759999811649323 0.5887460112571716 0.5174720287322998
v 0.05955800041556358 0.5906990170478821 0.2792389988899231
v 0.11618699878454208 0.5926520228385925 0.3358680009841919
v 0.27435800433158875 0.6082730293273926 0.28509798645973206
v 0.3368450105190277 0.6043679714202881 0.3534429967403412
v -0.18257999420166016 0.6043679714202881 0.34953799843788147
v -0.19039100408554077 0.6063209772109985 0.36711201071739197
v -0.17281599342823029 0.6102259755134583 0.3339160084724426
v -0.028313999995589256 0.5926520228385925 0.27338099479675293
v 0.028313999995589256 0.5926520228385925 0.27338099479675293
v 0.18257999420166016 0.6043679714202881 0.34953799843788147
v 0.17281599342823029 0.6102259755134583 0.3339160084724426
v 0.19039100408554077 0.6063209772109985 0.36711201071739197
v -0.2626410126686096 0.5985100269317627 0.37297001481056213
v -0.2938849925994873 0.600462019443512 0.37297001481056213
v -0.11813999712467194 0.5926520228385925 0.4706059992313385
v 0.0009759999811649323 0.5926520228385925 0.27142900228500366
v 0.11813999712467194 0.5926520228385925 0.4706059992313385
v 0.2626410126686096 0.5985100269317627 0.37297001481056213
v 0.2938849925994873 0.600462019443512 0.37297001481056213
v -0.33098700642585754 0.6141319870948792 0.2694759964942932
v -0.15328900516033173 0.623894989490509 0.326104998588562
v 0.15328900516033173 0.623894989490509 0.326104998588562
v 0.33098700642585754 0.6141319870948792 0.2694759964942932
v -0.4461970031261444 0.6121789813041687 0.3221989870071411
v -0.37394699454307556 0.6121789813041687 0.34563198685646057
v -0.3778519928455353 0.6063209772109985 0.26752299070358276
v -0.19234299659729004 0.6141319870948792 0.38468700647354126
v -0.09080199897289276 0.5965570211410522 0.4823229908943176
v -0.09080199897289276 0.5965570211410522 0.3124360144138336
v 0.09080199897289276 0.5965570211410522 0.3124360144138336
v 0.09080199897289276 0.5965570211410522 0.4823229908943176
v 0.19234299659729004 0.6141319870948792 0.38468700647354126
v 0.3778519928455353 0.6063209772109985 0.26752299070358276
v 0.4461970031261444 0.6121789813041687 0.3221989870071411
v 0.37394699454307556 0.6121789813041687 0.34563198685646057
v -0.3368450105190277 0.6063209772109985 0.36320701241493225
v 0.3368450105190277 0.6063209772109985 0.36320701241493225
v -0.4071429967880249 0.6102259755134583 0.2753340005874634
v -0.27045199275016785 0.6180369853973389 0.3085300028324127
v -0.05955800041556358 0.600462019443512 0.49013400077819824
v 0.05955800041556358 0.600462019443512 0.49013400077819824
v 0.27045199275016785 0.6180369853973389 0.3085300028324127
v 0.4071429967880249 0.6102259755134583 0.2753340005874634
v -0.4715830087661743 0.6141319870948792 0.31048300862312317
v -0.46963000297546387 0.6141319870948792 0.3182939887046814
v -0.46963000297546387 0.6141319870948792 0.30267199873924255
v -0.4598659873008728 0.6141319870948792 0.326104998588562
v -0.4520550072193146 0.6121789813041687 0.3319630026817322
v -0.45791399478912354 0.6141319870948792 0.29290899634361267
v -0.4364340007305145 0.6121789813041687 0.28509798645973206
v -0.1376670002937317 0.5946040153503418 0.41593000292778015
v -0.18648500740528107 0.6258479952812195 0.39835599064826965
v -0.11813999712467194 0.6024150252342224 0.4217880070209503
v -0.05955800041556358 0.6024150252342224 0.30267199873924255
v -0.028313999995589256 0.6024150252342224 0.4959920048713684
v 0.028313999995589256 0.6024150252342224 0.4959920048713684
v 0.05955800041556358 0.6024150252342224 0.30267199873924255
v 0.1376670002937317 0.5946040153503418 0.41593000292778015
v 0.11813999712467194 0.6024150252342224 0.4217880070209503
v 0.18648500740528107 0.6258479952812195 0.39835599064826965
v 0.45791399478912354 0.6141319870948792 0.29290899634361267
v 0.4364340007305145 0.6121789813041687 0.28509798645973206
v 0.4520550072193146 0.6121789813041687 0.3319630026817322
v 0.46963000297546387 0.6141319870948792 0.30267199873924255
v 0.4598659873008728 0.6141319870948792 0.326104998588562
v 0.4715830087661743 0.6141319870948792 0.31048300862312317
v 0.46963000297546387 0.6141319870948792 0.3182939887046814
v 0.0009759999811649323 0.6024150252342224 0.4959920048713684
v -0.2587360143661499 0.6082730293273926 0.36320701241493225
v -0.028313999995589256 0.6043679714202881 0.2968139946460724
v 0.028313999995589256 0.6043679714202881 0.2968139946460724
v 0.2587360143661499 0.6082730293273926 0.36320701241493225
v -0.09080199897289276 0.6063209772109985 0.4569369852542877
v -0.1025179997086525 0.6043679714202881 0.34563198685646057
v -0.13180899620056152 0.64342200756073 0.3339160084724426
v -0.14352500438690186 0.6336590051651001 0.326104998588562
v 0.0009759999811649323 0.6063209772109985 0.29486098885536194
v 0.1025179997086525 0.6043679714202881 0.34563198685646057
v 0.13180899620056152 0.64342200756073 0.3339160084724426
v 0.14352500438690186 0.6336590051651001 0.326104998588562
v 0.09080199897289276 0.6063209772109985 0.4569369852542877
v -0.25678300857543945 0.6121789813041687 0.35148999094963074
v -0.26654699444770813 0.6199899911880493 0.3339160084724426
v -0.11813999712467194 0.6043679714202881 0.41593000292778015
v -0.17086300253868103 0.64342200756073 0.4061659872531891
v 0.11813999712467194 0.6043679714202881 0.41593000292778015
v 0.17086300253868103 0.64342200756073 0.4061659872531891
v 0.25678300857543945 0.6121789813041687 0.35148999094963074
v 0.26654699444770813 0.6199899911880493 0.3339160084724426
v -0.3719939887523651 0.623894989490509 0.2753340005874634
v -0.3251279890537262 0.6258479952812195 0.283145010471344
v -0.07518000155687332 0.6082730293273926 0.33000999689102173
v -0.05955800041556358 0.6102259755134583 0.4667010009288788
v 0.07518000155687332 0.6082730293273926 0.33000999689102173
v 0.05955800041556358 0.6102259755134583 0.4667010009288788
v 0.3251279890537262 0.6258479952812195 0.283145010471344
v 0.3719939887523651 0.623894989490509 0.2753340005874634
v -0.28802698850631714 0.6141319870948792 0.36906498670578003
v 0.28802698850631714 0.6141319870948792 0.36906498670578003
v -0.33098700642585754 0.6199899911880493 0.36320701241493225
v -0.028313999995589256 0.6141319870948792 0.47255900502204895
v 0.028313999995589256 0.6141319870948792 0.47255900502204895
v 0.33098700642585754 0.6199899911880493 0.36320701241493225
v -0.10447099804878235 0.6102259755134583 0.41007199883461
v -0.09080199897289276 0.6121789813041687 0.42959898710250854
v -0.028313999995589256 0.6160839796066284 0.32415199279785156
v 0.0009759999811649323 0.6141319870948792 0.47255900502204895
v 0.028313999995589256 0.6160839796066284 0.32415199279785156
v 0.10447099804878235 0.6102259755134583 0.41007199883461
v 0.09080199897289276 0.6121789813041687 0.42959898710250854
v -0.2021069973707199 0.6199899911880493 0.3436790108680725
v -0.19039100408554077 0.6258479952812195 0.32805800437927246
v -0.15524199604988098 0.6551390290260315 0.4042139947414398
v -0.09275399893522263 0.6082730293273926 0.3573479950428009
v -0.12204500287771225 0.6512330174446106 0.34563198685646057
v 0.0009759999811649323 0.6160839796066284 0.3221989870071411
v 0.09275399893522263 0.6082730293273926 0.3573479950428009
v 0.12204500287771225 0.6512330174446106 0.34563198685646057
v 0.15524199604988098 0.6551390290260315 0.4042139947414398
v 0.2021069973707199 0.6199899911880493 0.3436790108680725
v 0.19039100408554077 0.6258479952812195 0.32805800437927246
v -0.403236985206604 0.6278010010719299 0.283145010471344
v -0.37589898705482483 0.6141319870948792 0.35539600253105164
v -0.20991800725460052 0.6219419836997986 0.3612540066242218
v -0.05955800041556358 0.6180369853973389 0.44131600856781006
v 0.05955800041556358 0.6180369853973389 0.44131600856781006
v 0.20991800725460052 0.6219419836997986 0.3612540066242218
v 0.37589898705482483 0.6141319870948792 0.35539600253105164
v 0.403236985206604 0.6278010010719299 0.283145010471344
v -0.31731799244880676 0.6356120109558105 0.30657801032066345
v -0.28412100672721863 0.623894989490509 0.3612540066242218
v -0.07518000155687332 0.6160839796066284 0.36320701241493225
v -0.08884900063276291 0.6141319870948792 0.3749229907989502
v -0.1200919970870018 0.6590440273284912 0.36320701241493225
v -0.028313999995589256 0.6219419836997986 0.35148999094963074
v 0.07518000155687332 0.6160839796066284 0.36320701241493225
v 0.028313999995589256 0.6219419836997986 0.35148999094963074
v 0.08884900063276291 0.6141319870948792 0.3749229907989502
v 0.1200919970870018 0.6590440273284912 0.36320701241493225
v 0.28412100672721863 0.623894989490509 0.3612540066242218
v 0.31731799244880676 0.6356120109558105 0.30657801032066345
v -0.4344809949398041 0.6297529935836792 0.2909559905529022
v -0.17281599342823029 0.6414700150489807 0.32024699449539185
v -0.09080199897289276 0.6160839796066284 0.3964030146598816
v -0.13962000608444214 0.6609969735145569 0.3964030146598816
v -0.028313999995589256 0.6219419836997986 0.4452210068702698
v 0.028313999995589256 0.6219419836997986 0.4452210068702698
v 0.09080199897289276 0.6160839796066284 0.3964030146598816
v 0.13962000608444214 0.6609969735145569 0.3964030146598816
v 0.17281599342823029 0.6414700150489807 0.32024699449539185
v 0.4344809949398041 0.6297529935836792 0.2909559905529022
v -0.44033899903297424 0.6199899911880493 0.3339160084724426
v -0.4383859932422638 0.6180369853973389 0.326104998588562
v -0.4559609889984131 0.6297529935836792 0.2968139946460724
v -0.42276498675346375 0.6199899911880493 0.3339160084724426
v -0.28216901421546936 0.6258479952812195 0.34953799843788147
v -0.05955800041556358 0.6219419836997986 0.4139769971370697
v 0.05955800041556358 0.6219419836997986 0.4139769971370697
v 0.28216901421546936 0.6258479952812195 0.34953799843788147
v 0.4383859932422638 0.6180369853973389 0.326104998588562
v 0.42276498675346375 0.6199899911880493 0.3339160084724426
v 0.4559609889984131 0.6297529935836792 0.2968139946460724
v 0.44033899903297424 0.6199899911880493 0.3339160084724426
v -0.4676769971847534 0.6317059993743896 0.31048300862312317
v -0.46572500467300415 0.6317059993743896 0.3182939887046814
v -0.46572500467300415 0.6317059993743896 0.304625004529953
v -0.4461970031261444 0.6375640034675598 0.33000999689102173
v -0.4247170090675354 0.6219419836997986 0.34172698855400085
v -0.37394699454307556 0.6336590051651001 0.3534429967403412
v -0.36613601446151733 0.6356120109558105 0.28900301456451416
v -0.32708099484443665 0.6336590051651001 0.35930100083351135
v -0.2118699997663498 0.6297529935836792 0.3788279891014099
v -0.1239980012178421 0.6629499793052673 0.3788279891014099
v 0.0009759999811649323 0.6219419836997986 0.4471740126609802
v 0.1239980012178421 0.6629499793052673 0.3788279891014099
v 0.21187099814414978 0.6297529935836792 0.3788279891014099
v 0.32708099484443665 0.6336590051651001 0.35930100083351135
v 0.36613601446151733 0.6356120109558105 0.28900301456451416
v 0.37394699454307556 0.6336590051651001 0.3534429967403412
v 0.4247170090675354 0.6219419836997986 0.34172698855400085
v 0.46572500467300415 0.6317059993743896 0.304625004529953
v 0.46572500467300415 0.6317059993743896 0.3182939887046814
v 0.4461970031261444 0.6375640034675598 0.33000999689102173
v 0.4676769971847534 0.6317059993743896 0.31048300862312317
v -0.028313999995589256 0.6258479952812195 0.38468700647354126
v -0.12985600531101227 0.6629499793052673 0.388592004776001
v 0.0009759999811649323 0.623894989490509 0.34953799843788147
v 0.028313999995589256 0.6258479952812195 0.38468700647354126
v 0.12985600531101227 0.6629499793052673 0.388592004776001
v -0.31341201066970825 0.6395170092582703 0.3339160084724426
v -0.028313999995589256 0.6258479952812195 0.4178830087184906
v 0.028313999995589256 0.6258479952812195 0.4178830087184906
v 0.31341201066970825 0.6395170092582703 0.3339160084724426
v -0.22749200463294983 0.6336590051651001 0.33782100677490234
v -0.2157759964466095 0.6395170092582703 0.3221989870071411
v 0.22749200463294983 0.6336590051651001 0.33782100677490234
v 0.2157759964466095 0.6395170092582703 0.3221989870071411
v -0.4247170090675354 0.6395170092582703 0.3397740125656128
v -0.23530299961566925 0.6356120109558105 0.35539600253105164
v 0.0009759999811649323 0.6278010010719299 0.38468700647354126
v 0.0009759999811649323 0.6278010010719299 0.4178830087184906
v 0.23530299961566925 0.6356120109558105 0.35539600253105164
v 0.4247170090675354 0.6395170092582703 0.3397740125656128
v -0.3993319869041443 0.6395170092582703 0.29486098885536194
v -0.32317599654197693 0.6395170092582703 0.35148999094963074
v -0.16110000014305115 0.6649019718170166 0.3182939887046814
v 0.16110000014305115 0.6649019718170166 0.3182939887046814
v 0.32317599654197693 0.6395170092582703 0.35148999094963074
v 0.3993319869041443 0.6395170092582703 0.29486098885536194
v -0.36223000288009644 0.6453750133514404 0.3124360144138336
v -0.1982010006904602 0.6551390290260315 0.3143880069255829
v -0.20601199567317963 0.64342200756073 0.39445000886917114
v 0.20601199567317963 0.64342200756073 0.39445000886917114
v 0.1982010006904602 0.6551390290260315 0.3143880069255829
v 0.36223000288009644 0.6453750133514404 0.3124360144138336
v -0.43252798914909363 0.6414700150489807 0.3007189929485321
v 0.43252798914909363 0.6414700150489807 0.3007189929485321
v -0.454008013010025 0.6414700150489807 0.304625004529953
v -0.2372560054063797 0.64342200756073 0.37297001481056213
v 0.2372560054063797 0.64342200756073 0.37297001481056213
v 0.454008013010025 0.6414700150489807 0.304625004529953
v -0.4598659873008728 0.64342200756073 0.3124360144138336
v -0.4461970031261444 0.6473280191421509 0.32415199279785156
v 0.4598659873008728 0.64342200756073 0.3124360144138336
v 0.4461970031261444 0.6473280191421509 0.32415199279785156
v -0.3719939887523651 0.6453750133514404 0.347584992647171
v -0.2724049985408783 0.6492810249328613 0.32415199279785156
v -0.26068899035453796 0.6551390290260315 0.31048300862312317
v -0.1454779952764511 0.670760989189148 0.326104998588562
v 0.1454779952764511 0.670760989189148 0.326104998588562
v 0.2724049985408783 0.6492810249328613 0.32415199279785156
v 0.26068899035453796 0.6551390290260315 0.31048300862312317
v 0.3719939887523651 0.6453750133514404 0.347584992647171
v -0.39542698860168457 0.6492810249328613 0.31634101271629333
v -0.360276997089386 0.6492810249328613 0.3319630026817322
v -0.2802160084247589 0.6512330174446106 0.3436790108680725
v 0.2802160084247589 0.6512330174446106 0.3436790108680725
v 0.360276997089386 0.6492810249328613 0.3319630026817322
v 0.39542698860168457 0.6492810249328613 0.31634101271629333
v -0.42276498675346375 0.6512330174446106 0.3319630026817322
v 0.42276498675346375 0.6512330174446106 0.3319630026817322
v -0.43057599663734436 0.6512330174446106 0.32024699449539185
v -0.37004101276397705 0.6512330174446106 0.34172698855400085
v -0.24702000617980957 0.6688079833984375 0.3007189929485321
v 0.24702000617980957 0.6688079833984375 0.3007189929485321
v 0.37004101276397705 0.6512330174446106 0.34172698855400085
v 0.43057599663734436 0.6512330174446106 0.32024699449539185
v -0.4501030147075653 0.6492810249328613 0.31634101271629333
v -0.19039100408554077 0.670760989189148 0.3124360144138336
v 0.19039100408554077 0.670760989189148 0.3124360144138336
v 0.4501030147075653 0.6492810249328613 0.31634101271629333
v -0.2333499938249588 0.6570910215377808 0.3866389989852905
v -0.28216901421546936 0.6590440273284912 0.3612540066242218
v -0.1942960023880005 0.666854977607727 0.4003080129623413
v -0.13571399450302124 0.6766189932823181 0.33782100677490234
v 0.13571399450302124 0.6766189932823181 0.33782100677490234
v 0.1942960023880005 0.666854977607727 0.4003080129623413
v 0.2333499938249588 0.6570910215377808 0.3866389989852905
v 0.28216901421546936 0.6590440273284912 0.3612540066242218
v -0.39542698860168457 0.653186023235321 0.33000999689102173
v 0.39542698860168457 0.653186023235321 0.33000999689102173
v -0.3192700147628784 0.6688079833984375 0.31048300862312317
v -0.30560100078582764 0.6746659874916077 0.29486098885536194
v 0.3192700147628784 0.6688079833984375 0.31048300862312317
v 0.30560100078582764 0.6746659874916077 0.29486098885536194
v -0.32708099484443665 0.670760989189148 0.33000999689102173
v -0.13180899620056152 0.6824769973754883 0.35539600253105164
v 0.13180899620056152 0.6824769973754883 0.35539600253105164
v 0.32708099484443665 0.670760989189148 0.33000999689102173
v -0.29193198680877686 0.6883350014686584 0.2870500087738037
v -0.2372560054063797 0.6844300031661987 0.29876700043678284
v -0.17086300253868103 0.6805239915847778 0.39835599064826965
v 0.17086300253868103 0.6805239915847778 0.39835599064826965
v 0.2372560054063797 0.6844300031661987 0.29876700043678284
v 0.29193198680877686 0.6883350014686584 0.2870500087738037
v -0.27826300263404846 0.6746659874916077 0.37297001481056213
v -0.22553999722003937 0.6766189932823181 0.3924970030784607
v 0.27826300263404846 0.6746659874916077 0.37297001481056213
v 0.22553999722003937 0.6766189932823181 0.3924970030784607
v -0.3290340006351471 0.6805239915847778 0.347584992647171
v -0.13571399450302124 0.686381995677948 0.37297001481056213
v 0.13571399450302124 0.686381995677948 0.37297001481056213
v 0.3290340006351471 0.6805239915847778 0.347584992647171
v -0.15328900516033173 0.6844300031661987 0.3924970030784607
v 0.15328900516033173 0.6844300031661987 0.3924970030784607
v -0.14352500438690186 0.686381995677948 0.38468700647354126
v 0.14352500438690186 0.686381995677948 0.38468700647354126
v -0.18648500740528107 0.6824769973754883 0.31634101271629333
v -0.15133599936962128 0.6902880072593689 0.32024699449539185
v -0.1669580042362213 0.6883350014686584 0.3143880069255829
v 0.15133599936962128 0.6902880072593689 0.32024699449539185
v 0.18648500740528107 0.6824769973754883 0.31634101271629333
v 0.1669580042362213 0.6883350014686584 0.3143880069255829
v -0.19234299659729004 0.6961460113525391 0.3905450105667114
v 0.19234299659729004 0.6961460113525391 0.3905450105667114
v -0.3544189929962158 0.6902880072593689 0.29876700043678284
v -0.3427030146121979 0.6961460113525391 0.283145010471344
v -0.2802160084247589 0.7039570212364197 0.28509798645973206
v 0.2802160084247589 0.7039570212364197 0.28509798645973206
v 0.3544189929962158 0.6902880072593689 0.29876700043678284
v 0.3427030146121979 0.6961460113525391 0.283145010471344
v -0.36223000288009644 0.6922399997711182 0.3182939887046814
v -0.22944499552249908 0.6941930055618286 0.30657801032066345
v -0.13962000608444214 0.6961460113525391 0.3319630026817322
v 0.13962000608444214 0.6961460113525391 0.3319630026817322
v 0.22944499552249908 0.6941930055618286 0.30657801032066345
v 0.36223000288009644 0.6922399997711182 0.3182939887046814
v -0.32708099484443665 0.7078620195388794 0.27338099479675293
v -0.27045199275016785 0.6922399997711182 0.3788279891014099
v -0.32317599654197693 0.6941930055618286 0.3612540066242218
v 0.27045199275016785 0.6922399997711182 0.3788279891014099
v 0.32317599654197693 0.6941930055618286 0.3612540066242218
v 0.32708099484443665 0.7078620195388794 0.27338099479675293
v -0.21772900223731995 0.6961460113525391 0.3866389989852905
v -0.13571399450302124 0.7020040154457092 0.34953799843788147
v 0.13571399450302124 0.7020040154457092 0.34953799843788147
v 0.21772900223731995 0.6961460113525391 0.3866389989852905
v -0.3641830086708069 0.7020040154457092 0.3358680009841919
v -0.1767210066318512 0.7059100270271301 0.388592004776001
v 0.1767210066318512 0.7059100270271301 0.388592004776001
v 0.3641830086708069 0.7020040154457092 0.3358680009841919
v -0.18453200161457062 0.6902880072593689 0.3182939887046814
v -0.19624899327754974 0.6922399997711182 0.33000999689102173
v -0.2235870063304901 0.7020040154457092 0.32415199279785156
v -0.13962000608444214 0.7059100270271301 0.36711201071739197
v 0.13962000608444214 0.7059100270271301 0.36711201071739197
v 0.18453200161457062 0.6902880072593689 0.3182939887046814
v 0.19624899327754974 0.6922399997711182 0.33000999689102173
v 0.2235870063304901 0.7020040154457092 0.32415199279785156
v -0.25678300857543945 0.7098150253295898 0.2968139946460724
v -0.16110000014305115 0.7078620195388794 0.3866389989852905
v 0.16110000014305115 0.7078620195388794 0.3866389989852905
v 0.25678300857543945 0.7098150253295898 0.2968139946460724
v -0.14938299357891083 0.7078620195388794 0.3788279891014099
v 0.14938299357891083 0.7078620195388794 0.3788279891014099
v -0.3153649866580963 0.7234839797019958 0.27338099479675293
v -0.16500499844551086 0.7137200236320496 0.304625004529953
v -0.14938299357891083 0.7137200236320496 0.31048300862312317
v 0.14938299357891083 0.7137200236320496 0.31048300862312317
v 0.16500499844551086 0.7137200236320496 0.304625004529953
v 0.3153649866580963 0.7234839797019958 0.27338099479675293
v -0.381756991147995 0.7098150253295898 0.28900301456451416
v -0.3680880069732666 0.7137200236320496 0.27338099479675293
v -0.18257999420166016 0.7176259756088257 0.30657801032066345
v -0.1376670002937317 0.7176259756088257 0.32415199279785156
v 0.1376670002937317 0.7176259756088257 0.32415199279785156
v 0.18257999420166016 0.7176259756088257 0.30657801032066345
v 0.381756991147995 0.7098150253295898 0.28900301456451416
v 0.3680880069732666 0.7137200236320496 0.27338099479675293
v -0.38761600852012634 0.7117679715156555 0.3085300028324127
v -0.3153649866580963 0.7117679715156555 0.36711201071739197
v -0.26068899035453796 0.7098150253295898 0.3749229907989502
v -0.22163400053977966 0.7078620195388794 0.34563198685646057
v -0.2021069973707199 0.7020040154457092 0.347584992647171
v -0.1942960023880005 0.7254369854927063 0.3182939887046814
v 0.2021069973707199 0.7020040154457092 0.347584992647171
v 0.22163400053977966 0.7078620195388794 0.34563198685646057
v 0.1942960023880005 0.7254369854927063 0.3182939887046814
v 0.3153649866580963 0.7117679715156555 0.36711201071739197
v 0.26068899035453796 0.7098150253295898 0.3749229907989502
v 0.38761600852012634 0.7117679715156555 0.3085300028324127
v -0.3583250045776367 0.71567302942276 0.34953799843788147
v -0.2509250044822693 0.71567302942276 0.31634101271629333
v 0.2509250044822693 0.71567302942276 0.31634101271629333
v 0.3583250045776367 0.71567302942276 0.34953799843788147
v -0.35246700048446655 0.7254369854927063 0.2655700147151947
v -0.20015400648117065 0.7039570212364197 0.3749229907989502
v -0.2157759964466095 0.7039570212364197 0.37297001481056213
v -0.20015400648117065 0.7371529936790466 0.35930100083351135
v -0.19039100408554077 0.7410590052604675 0.3710170090198517
v -0.13376200199127197 0.7234839797019958 0.3397740125656128
v 0.13376200199127197 0.7234839797019958 0.3397740125656128
v 0.20015400648117065 0.7039570212364197 0.3749229907989502
v 0.20015400648117065 0.7371529936790466 0.35930100083351135
v 0.19039100408554077 0.7410590052604675 0.3710170090198517
v 0.2157759964466095 0.7039570212364197 0.37297001481056213
v 0.35246700048446655 0.7254369854927063 0.2655700147151947
v -0.38761600852012634 0.7215309739112854 0.326104998588562
v -0.24897199869155884 0.7195789813995361 0.33782100677490234
v -0.2021069973707199 0.7312949895858765 0.33782100677490234
v -0.1376670002937317 0.7312949895858765 0.3573479950428009
v 0.1376670002937317 0.7312949895858765 0.3573479950428009
v 0.2021069973707199 0.7312949895858765 0.33782100677490234
v 0.24897199869155884 0.7195789813995361 0.33782100677490234
v 0.38761600852012634 0.7215309739112854 0.326104998588562
v -0.2724049985408783 0.7234839797019958 0.2909559905529022
v -0.2899790108203888 0.7273899912834167 0.2792389988899231
v -0.25287801027297974 0.7176259756088257 0.3612540066242218
v 0.25287801027297974 0.7176259756088257 0.3612540066242218
v 0.2724049985408783 0.7234839797019958 0.2909559905529022
v 0.2899790108203888 0.7273899912834167 0.2792389988899231
v -0.1767210066318512 0.7410590052604675 0.37687599658966064
v -0.14743100106716156 0.7351999878883362 0.36906498670578003
v 0.14743100106716156 0.7351999878883362 0.36906498670578003
v 0.1767210066318512 0.7410590052604675 0.37687599658966064
v -0.3407500088214874 0.7391059994697571 0.26361799240112305
v -0.16110000014305115 0.7391059994697571 0.37687599658966064
v 0.16110000014305115 0.7391059994697571 0.37687599658966064
v 0.3407500088214874 0.7391059994697571 0.26361799240112305
v -0.403236985206604 0.7332479953765869 0.2792389988899231
v -0.3895680010318756 0.7351999878883362 0.26361799240112305
v -0.3016960024833679 0.729341983795166 0.36320701241493225
v -0.27826300263404846 0.7351999878883362 0.35148999094963074
v -0.2645939886569977 0.729341983795166 0.3085300028324127
v 0.2645939886569977 0.729341983795166 0.3085300028324127
v 0.3016960024833679 0.729341983795166 0.36320701241493225
v 0.27826300263404846 0.7351999878883362 0.35148999094963074
v 0.403236985206604 0.7332479953765869 0.2792389988899231
v 0.3895680010318756 0.7351999878883362 0.26361799240112305
v -0.40909600257873535 0.7351999878883362 0.29876700043678284
v -0.34856098890304565 0.7312949895858765 0.35539600253105164
v 0.34856098890304565 0.7312949895858765 0.35539600253105164
v 0.40909600257873535 0.7351999878883362 0.29876700043678284
v -0.37394699454307556 0.7449640035629272 0.2558070123195648
v -0.13962000608444214 0.7391059994697571 0.29486098885536194
v -0.15719400346279144 0.7410590052604675 0.2870500087738037
v -0.12790299952030182 0.7410590052604675 0.31048300862312317
v 0.13962000608444214 0.7391059994697571 0.29486098885536194
v 0.12790299952030182 0.7410590052604675 0.31048300862312317
v 0.15719400346279144 0.7410590052604675 0.2870500087738037
v 0.37394699454307556 0.7449640035629272 0.2558070123195648
v -0.381756991147995 0.7351999878883362 0.3397740125656128
v -0.2645939886569977 0.7332479953765869 0.33000999689102173
v 0.2645939886569977 0.7332479953765869 0.33000999689102173
v 0.381756991147995 0.7351999878883362 0.3397740125656128
v -0.17476899921894073 0.748869001865387 0.28900301456451416
v -0.1239980012178421 0.748869001865387 0.32805800437927246
v 0.1239980012178421 0.748869001865387 0.32805800437927246
v 0.17476899921894073 0.748869001865387 0.28900301456451416
v -0.40909600257873535 0.7449640035629272 0.31634101271629333
v 0.40909600257873535 0.7449640035629272 0.31634101271629333
v -0.30950701236724854 0.7332479953765869 0.27338099479675293
v -0.3329389989376068 0.748869001865387 0.26752299070358276
v -0.276309996843338 0.7410590052604675 0.2870500087738037
v -0.27045199275016785 0.7449640035629272 0.30267199873924255
v -0.12790299952030182 0.758633017539978 0.34563198685646057
v 0.12790299952030182 0.758633017539978 0.34563198685646057
v 0.276309996843338 0.7410590052604675 0.2870500087738037
v 0.27045199275016785 0.7449640035629272 0.30267199873924255
v 0.30950701236724854 0.7332479953765869 0.27338099479675293
v 0.3329389989376068 0.748869001865387 0.26752299070358276
v -0.3583250045776367 0.7566800117492676 0.2558070123195648
v -0.18843799829483032 0.758633017539978 0.3007189929485321
v 0.18843799829483032 0.758633017539978 0.3007189929485321
v 0.3583250045776367 0.7566800117492676 0.2558070123195648
v -0.2899790108203888 0.7410590052604675 0.27728700637817383
v 0.2899790108203888 0.7410590052604675 0.27728700637817383
v -0.3368450105190277 0.748869001865387 0.3534429967403412
v -0.3016960024833679 0.7527750134468079 0.347584992647171
v -0.2724049985408783 0.7508220076560974 0.3221989870071411
v 0.2724049985408783 0.7508220076560974 0.3221989870071411
v 0.3368450105190277 0.748869001865387 0.3534429967403412
v 0.3016960024833679 0.7527750134468079 0.347584992647171
v -0.37004101276397705 0.7508220076560974 0.34563198685646057
v -0.1942960023880005 0.7683969736099243 0.32024699449539185
v -0.1376670002937317 0.7683969736099243 0.3573479950428009
v 0.1376670002937317 0.7683969736099243 0.3573479950428009
v 0.1942960023880005 0.7683969736099243 0.32024699449539185
v 0.37004101276397705 0.7508220076560974 0.34563198685646057
v -0.41885900497436523 0.758633017539978 0.2694759964942932
v -0.40518999099731445 0.7605860233306885 0.25385400652885437
v -0.3075540065765381 0.7449640035629272 0.27142900228500366
v -0.3251279890537262 0.7605860233306885 0.27728700637817383
v -0.2860740125179291 0.7527750134468079 0.33782100677490234
v 0.2860740125179291 0.7527750134468079 0.33782100677490234
v 0.3075540065765381 0.7449640035629272 0.27142900228500366
v 0.3251279890537262 0.7605860233306885 0.27728700637817383
v 0.40518999099731445 0.7605860233306885 0.25385400652885437
v 0.41885900497436523 0.758633017539978 0.2694759964942932
v -0.4247170090675354 0.7625390291213989 0.28900301456451416
v -0.3895680010318756 0.7664440274238586 0.24604299664497375
v -0.40128499269485474 0.7566800117492676 0.33000999689102173
v -0.15328900516033173 0.7762079834938049 0.36320701241493225
v 0.15328900516033173 0.7762079834938049 0.36320701241493225
v 0.40128499269485474 0.7566800117492676 0.33000999689102173
v 0.3895680010318756 0.7664440274238586 0.24604299664497375
v 0.4247170090675354 0.7625390291213989 0.28900301456451416
v -0.19234299659729004 0.7781599760055542 0.34172698855400085
v 0.19234299659729004 0.7781599760055542 0.34172698855400085
v -0.34856098890304565 0.7664440274238586 0.2616649866104126
v -0.16891099512577057 0.7801129817962646 0.36320701241493225
v -0.13571399450302124 0.7566800117492676 0.28900301456451416
v -0.12595100700855255 0.7605860233306885 0.30267199873924255
v 0.12595100700855255 0.7605860233306885 0.30267199873924255
v 0.13571399450302124 0.7566800117492676 0.28900301456451416
v 0.16891099512577057 0.7801129817962646 0.36320701241493225
v 0.34856098890304565 0.7664440274238586 0.2616649866104126
v -0.276309996843338 0.758633017539978 0.283145010471344
v -0.28802698850631714 0.7566800117492676 0.27338099479675293
v -0.27045199275016785 0.7605860233306885 0.29876700043678284
v -0.18257999420166016 0.7801129817962646 0.35539600253105164
v -0.15133599936962128 0.7605860233306885 0.28119200468063354
v -0.12204500287771225 0.7664440274238586 0.32024699449539185
v 0.12204500287771225 0.7664440274238586 0.32024699449539185
v 0.15133599936962128 0.7605860233306885 0.28119200468063354
v 0.18257999420166016 0.7801129817962646 0.35539600253105164
v 0.276309996843338 0.758633017539978 0.283145010471344
v 0.27045199275016785 0.7605860233306885 0.29876700043678284
v 0.28802698850631714 0.7566800117492676 0.27338099479675293
v -0.4247170090675354 0.7703490257263184 0.30657801032066345
v -0.3719939887523651 0.7762079834938049 0.24604299664497375
v -0.30364900827407837 0.7605860233306885 0.2694759964942932
v -0.27435800433158875 0.7664440274238586 0.31634101271629333
v 0.27435800433158875 0.7664440274238586 0.31634101271629333
v 0.30364900827407837 0.7605860233306885 0.2694759964942932
v 0.3719939887523651 0.7762079834938049 0.24604299664497375
v 0.4247170090675354 0.7703490257263184 0.30657801032066345
v -0.3583250045776367 0.7644910216331482 0.3436790108680725
v -0.32317599654197693 0.7605860233306885 0.34563198685646057
v -0.3427030146121979 0.7742549777030945 0.27142900228500366
v -0.1669580042362213 0.7664440274238586 0.283145010471344
v -0.12595100700855255 0.7742549777030945 0.3358680009841919
v 0.12595100700855255 0.7742549777030945 0.3358680009841919
v 0.1669580042362213 0.7664440274238586 0.283145010471344
v 0.3427030146121979 0.7742549777030945 0.27142900228500366
v 0.3583250045776367 0.7644910216331482 0.3436790108680725
v 0.32317599654197693 0.7605860233306885 0.34563198685646057
v -0.38761600852012634 0.7703490257263184 0.3358680009841919
v -0.2860740125179291 0.7703490257263184 0.33000999689102173
v 0.2860740125179291 0.7703490257263184 0.33000999689102173
v 0.38761600852012634 0.7703490257263184 0.3358680009841919
v -0.3016960024833679 0.7742549777030945 0.3358680009841919
v -0.31731799244880676 0.7781599760055542 0.3339160084724426
v 0.3016960024833679 0.7742549777030945 0.3358680009841919
v 0.31731799244880676 0.7781599760055542 0.3339160084724426
v -0.4149540066719055 0.7820659875869751 0.32024699449539185
v -0.360276997089386 0.7859709858894348 0.25385400652885437
v -0.27045199275016785 0.772301971912384 0.2792389988899231
v -0.28216901421546936 0.7742549777030945 0.26752299070358276
v -0.13571399450302124 0.7683969736099243 0.2909559905529022
v 0.13571399450302124 0.7683969736099243 0.2909559905529022
v 0.27045199275016785 0.772301971912384 0.2792389988899231
v 0.28216901421546936 0.7742549777030945 0.26752299070358276
v 0.360276997089386 0.7859709858894348 0.25385400652885437
v 0.4149540066719055 0.7820659875869751 0.32024699449539185
v -0.4169059991836548 0.7859709858894348 0.24604299664497375
v -0.43057599663734436 0.7859709858894348 0.25971201062202454
v -0.26654699444770813 0.7762079834938049 0.29290899634361267
v -0.17867399752140045 0.7762079834938049 0.29486098885536194
v -0.13571399450302124 0.7840179800987244 0.347584992647171
v 0.13571399450302124 0.7840179800987244 0.347584992647171
v 0.17867399752140045 0.7762079834938049 0.29486098885536194
v 0.26654699444770813 0.7762079834938049 0.29290899634361267
v 0.4169059991836548 0.7859709858894348 0.24604299664497375
v 0.43057599663734436 0.7859709858894348 0.25971201062202454
v -0.3993319869041443 0.7898769974708557 0.23823200166225433
v -0.3192700147628784 0.7664440274238586 0.27142900228500366
v -0.33098700642585754 0.772301971912384 0.28900301456451416
v -0.3407500088214874 0.7820659875869751 0.28900301456451416
v -0.3466080129146576 0.772301971912384 0.3358680009841919
v -0.3329389989376068 0.7703490257263184 0.32805800437927246
v -0.32708099484443665 0.7801129817962646 0.32415199279785156
v -0.29583799839019775 0.7781599760055542 0.2616649866104126
v -0.27045199275016785 0.7801129817962646 0.31048300862312317
v -0.14743100106716156 0.7742549777030945 0.28509798645973206
v -0.12985600531101227 0.7742549777030945 0.3007189929485321
v 0.12985600531101227 0.7742549777030945 0.3007189929485321
v 0.14743100106716156 0.7742549777030945 0.28509798645973206
v 0.27045199275016785 0.7801129817962646 0.31048300862312317
v 0.3192700147628784 0.7664440274238586 0.27142900228500366
v 0.29583799839019775 0.7781599760055542 0.2616649866104126
v 0.3466080129146576 0.772301971912384 0.3358680009841919
v 0.3329389989376068 0.7703490257263184 0.32805800437927246
v 0.32708099484443665 0.7801129817962646 0.32415199279785156
v 0.33098700642585754 0.772301971912384 0.28900301456451416
v 0.3407500088214874 0.7820659875869751 0.28900301456451416
v 0.3993319869041443 0.7898769974708557 0.23823200166225433
v -0.4364340007305145 0.7898769974708557 0.2792389988899231
v 0.4364340007305145 0.7898769974708557 0.2792389988899231
v -0.37394699454307556 0.7801129817962646 0.3339160084724426
v 0.37394699454307556 0.7801129817962646 0.3339160084724426
v -0.381756991147995 0.7976880073547363 0.23823200166225433
v -0.35246700048446655 0.7937819957733154 0.2655700147151947
v -0.3290340006351471 0.7742549777030945 0.283145010471344
v -0.3114590048789978 0.7859709858894348 0.2655700147151947
v -0.28216901421546936 0.7879239916801453 0.32415199279785156
v -0.16110000014305115 0.7801129817962646 0.2870500087738037
v -0.12790299952030182 0.7801129817962646 0.3143880069255829
v 0.12790299952030182 0.7801129817962646 0.3143880069255829
v 0.16110000014305115 0.7801129817962646 0.2870500087738037
v 0.28216901421546936 0.7879239916801453 0.32415199279785156
v 0.3290340006351471 0.7742549777030945 0.283145010471344
v 0.3114590048789978 0.7859709858894348 0.2655700147151947
v 0.35246700048446655 0.7937819957733154 0.2655700147151947
v 0.381756991147995 0.7976880073547363 0.23823200166225433
v -0.18453200161457062 0.7859709858894348 0.3124360144138336
v -0.14938299357891083 0.791828989982605 0.35148999094963074
v -0.1415719985961914 0.7820659875869751 0.2968139946460724
v 0.1415719985961914 0.7820659875869751 0.2968139946460724
v 0.14938299357891083 0.791828989982605 0.35148999094963074
v 0.18453200161457062 0.7859709858894348 0.3124360144138336
v -0.4344809949398041 0.7976880073547363 0.2968139946460724
v -0.40128499269485474 0.791828989982605 0.326104998588562
v -0.33879798650741577 0.7762079834938049 0.32415199279785156
v -0.3329389989376068 0.772301971912384 0.3085300028324127
v -0.3329389989376068 0.7781599760055542 0.3085300028324127
v -0.29583799839019775 0.7937819957733154 0.32805800437927246
v 0.29583799839019775 0.7937819957733154 0.32805800437927246
v 0.33879798650741577 0.7762079834938049 0.32415199279785156
v 0.3329389989376068 0.772301971912384 0.3085300028324127
v 0.3329389989376068 0.7781599760055542 0.3085300028324127
v 0.40128499269485474 0.791828989982605 0.326104998588562
v 0.4344809949398041 0.7976880073547363 0.2968139946460724
v -0.360276997089386 0.7879239916801453 0.32805800437927246
v -0.3368450105190277 0.7781599760055542 0.31048300862312317
v -0.26068899035453796 0.7898769974708557 0.27338099479675293
v -0.25678300857543945 0.791828989982605 0.28900301456451416
v 0.26068899035453796 0.7898769974708557 0.27338099479675293
v 0.25678300857543945 0.791828989982605 0.28900301456451416
v 0.3368450105190277 0.7781599760055542 0.31048300862312317
v 0.360276997089386 0.7879239916801453 0.32805800437927246
v -0.3505139946937561 0.7996399998664856 0.283145010471344
v -0.32317599654197693 0.7937819957733154 0.27728700637817383
v -0.3114590048789978 0.7996399998664856 0.326104998588562
v -0.27045199275016785 0.791828989982605 0.2616649866104126
v -0.15524199604988098 0.7898769974708557 0.2968139946460724
v -0.13962000608444214 0.7898769974708557 0.3124360144138336
v -0.12985600531101227 0.7840179800987244 0.33000999689102173
v 0.12985600531101227 0.7840179800987244 0.33000999689102173
v 0.13962000608444214 0.7898769974708557 0.3124360144138336
v 0.15524199604988098 0.7898769974708557 0.2968139946460724
v 0.27045199275016785 0.791828989982605 0.2616649866104126
v 0.3114590048789978 0.7996399998664856 0.326104998588562
v 0.32317599654197693 0.7937819957733154 0.27728700637817383
v 0.3505139946937561 0.7996399998664856 0.283145010471344
v -0.3680880069732666 0.8054980039596558 0.24604299664497375
v -0.3505139946937561 0.7898769974708557 0.31634101271629333
v -0.26068899035453796 0.7976880073547363 0.30657801032066345
v -0.17281599342823029 0.7840179800987244 0.29290899634361267
v -0.16305199265480042 0.7957350015640259 0.35148999094963074
v 0.16305199265480042 0.7957350015640259 0.35148999094963074
v 0.17281599342823029 0.7840179800987244 0.29290899634361267
v 0.26068899035453796 0.7976880073547363 0.30657801032066345
v 0.3505139946937561 0.7898769974708557 0.31634101271629333
v 0.3680880069732666 0.8054980039596558 0.24604299664497375
v -0.34465599060058594 0.7898769974708557 0.304625004529953
v -0.3290340006351471 0.7996399998664856 0.3007189929485321
v -0.32317599654197693 0.801593005657196 0.31634101271629333
v -0.2860740125179291 0.7996399998664856 0.2558070123195648
v -0.18257999420166016 0.7937819957733154 0.3319630026817322
v 0.18257999420166016 0.7937819957733154 0.3319630026817322
v 0.2860740125179291 0.7996399998664856 0.2558070123195648
v 0.32317599654197693 0.801593005657196 0.31634101271629333
v 0.3290340006351471 0.7996399998664856 0.3007189929485321
v 0.34465599060058594 0.7898769974708557 0.304625004529953
v -0.3856630027294159 0.801593005657196 0.326104998588562
v -0.2724049985408783 0.8074510097503662 0.3182939887046814
v -0.17476899921894073 0.7957350015640259 0.34563198685646057
v -0.17281599342823029 0.791828989982605 0.30267199873924255
v 0.17281599342823029 0.791828989982605 0.30267199873924255
v 0.17476899921894073 0.7957350015640259 0.34563198685646057
v 0.2724049985408783 0.8074510097503662 0.3182939887046814
v 0.3856630027294159 0.801593005657196 0.326104998588562
v -0.4247170090675354 0.8074510097503662 0.31048300862312317
v -0.3544189929962158 0.8035460114479065 0.29876700043678284
v -0.15328900516033173 0.7976880073547363 0.3124360144138336
v 0.15328900516033173 0.7976880073547363 0.3124360144138336
v 0.3544189929962158 0.8035460114479065 0.29876700043678284
v 0.4247170090675354 0.8074510097503662 0.31048300862312317
v -0.1376670002937317 0.791828989982605 0.3339160084724426
v 0.1376670002937317 0.791828989982605 0.3339160084724426
v -0.42276498675346375 0.8113570213317871 0.23627999424934387
v -0.4364340007305145 0.8133090138435364 0.2519010007381439
v -0.40518999099731445 0.8133090138435364 0.22846899926662445
v -0.360276997089386 0.8133090138435364 0.25971201062202454
v -0.3016960024833679 0.8094040155410767 0.2577599883079529
v 0.3016960024833679 0.8094040155410767 0.2577599883079529
v 0.360276997089386 0.8133090138435364 0.25971201062202454
v 0.42276498675346375 0.8113570213317871 0.23627999424934387
v 0.40518999099731445 0.8133090138435364 0.22846899926662445
v 0.4364340007305145 0.8133090138435364 0.2519010007381439
v -0.3719939887523651 0.8054980039596558 0.32024699449539185
v -0.2860740125179291 0.8152620196342468 0.3221989870071411
v 0.2860740125179291 0.8152620196342468 0.3221989870071411
v 0.3719939887523651 0.8054980039596558 0.32024699449539185
v -0.4422920048236847 0.8172150254249573 0.2694759964942932
v -0.3856630027294159 0.819167971611023 0.2304210066795349
v -0.360276997089386 0.8054980039596558 0.31048300862312317
v -0.24506700038909912 0.8113570213317871 0.2655700147151947
v -0.23920899629592896 0.8133090138435364 0.283145010471344
v -0.16891099512577057 0.7996399998664856 0.3182939887046814
v 0.16891099512577057 0.7996399998664856 0.3182939887046814
v 0.23920899629592896 0.8133090138435364 0.283145010471344
v 0.24506700038909912 0.8113570213317871 0.2655700147151947
v 0.360276997089386 0.8054980039596558 0.31048300862312317
v 0.3856630027294159 0.819167971611023 0.2304210066795349
v 0.4422920048236847 0.8172150254249573 0.2694759964942932
v -0.40909600257873535 0.8152620196342468 0.3182939887046814
v -0.254830002784729 0.8152620196342468 0.2519010007381439
v -0.24311399459838867 0.821120023727417 0.3007189929485321
v -0.14938299357891083 0.7996399998664856 0.33782100677490234
v 0.14938299357891083 0.7996399998664856 0.33782100677490234
v 0.24311399459838867 0.821120023727417 0.3007189929485321
v 0.254830002784729 0.8152620196342468 0.2519010007381439
v 0.40909600257873535 0.8152620196342468 0.3182939887046814
v -0.3583250045776367 0.819167971611023 0.27728700637817383
v -0.31341201066970825 0.8172150254249573 0.2694759964942932
v -0.3016960024833679 0.8230730295181274 0.3182939887046814
v 0.3016960024833679 0.8230730295181274 0.3182939887046814
v 0.31341201066970825 0.8172150254249573 0.2694759964942932
v 0.3583250045776367 0.819167971611023 0.27728700637817383
v -0.16110000014305115 0.801593005657196 0.34172698855400085
v -0.16500499844551086 0.801593005657196 0.3339160084724426
v 0.16110000014305115 0.801593005657196 0.34172698855400085
v 0.16500499844551086 0.801593005657196 0.3339160084724426
v -0.44033899903297424 0.8250259757041931 0.2870500087738037
v -0.3719939887523651 0.8250259757041931 0.23823200166225433
v -0.254830002784729 0.8328369855880737 0.3124360144138336
v 0.254830002784729 0.8328369855880737 0.3124360144138336
v 0.3719939887523651 0.8250259757041931 0.23823200166225433
v 0.44033899903297424 0.8250259757041931 0.2870500087738037
v -0.360276997089386 0.8230730295181274 0.2909559905529022
v -0.3192700147628784 0.8250259757041931 0.29290899634361267
v -0.31341201066970825 0.8269780278205872 0.3085300028324127
v -0.27045199275016785 0.8230730295181274 0.24604299664497375
v 0.27045199275016785 0.8230730295181274 0.24604299664497375
v 0.31341201066970825 0.8269780278205872 0.3085300028324127
v 0.3192700147628784 0.8250259757041931 0.29290899634361267
v 0.360276997089386 0.8230730295181274 0.2909559905529022
v -0.3934740126132965 0.821120023727417 0.3182939887046814
v 0.3934740126132965 0.821120023727417 0.3182939887046814
v -0.3680880069732666 0.8250259757041931 0.30267199873924255
v 0.3680880069732666 0.8250259757041931 0.30267199873924255
v -0.3798049986362457 0.8250259757041931 0.3124360144138336
v -0.36223000288009644 0.8328369855880737 0.2519010007381439
v 0.3798049986362457 0.8250259757041931 0.3124360144138336
v 0.36223000288009644 0.8328369855880737 0.2519010007381439
v -0.43057599663734436 0.8328369855880737 0.30267199873924255
v -0.27045199275016785 0.8445529937744141 0.31634101271629333
v 0.27045199275016785 0.8445529937744141 0.31634101271629333
v 0.43057599663734436 0.8328369855880737 0.30267199873924255
v -0.2860740125179291 0.834788978099823 0.2479960024356842
v 0.2860740125179291 0.834788978099823 0.2479960024356842
v -0.42667001485824585 0.8367419838905334 0.22846899926662445
v -0.4071429967880249 0.8367419838905334 0.22065800428390503
v -0.2333499938249588 0.8308839797973633 0.27728700637817383
v -0.2372560054063797 0.8289309740066528 0.2616649866104126
v 0.2333499938249588 0.8308839797973633 0.27728700637817383
v 0.2372560054063797 0.8289309740066528 0.2616649866104126
v 0.4071429967880249 0.8367419838905334 0.22065800428390503
v 0.42667001485824585 0.8367419838905334 0.22846899926662445
v -0.44033899903297424 0.8406469821929932 0.24213799834251404
v -0.38761600852012634 0.8406469821929932 0.22065800428390503
v -0.360276997089386 0.8386949896812439 0.2694759964942932
v -0.2372560054063797 0.8386949896812439 0.29486098885536194
v 0.2372560054063797 0.8386949896812439 0.29486098885536194
v 0.360276997089386 0.8386949896812439 0.2694759964942932
v 0.38761600852012634 0.8406469821929932 0.22065800428390503
v 0.44033899903297424 0.8406469821929932 0.24213799834251404
v -0.4149540066719055 0.8386949896812439 0.31048300862312317
v -0.2860740125179291 0.8523640036582947 0.3124360144138336
v -0.24702000617980957 0.8328369855880737 0.24994899332523346
v 0.24702000617980957 0.8328369855880737 0.24994899332523346
v 0.2860740125179291 0.8523640036582947 0.3124360144138336
v 0.4149540066719055 0.8386949896812439 0.31048300862312317
v -0.4461970031261444 0.8445529937744141 0.25971201062202454
v -0.297789990901947 0.8465059995651245 0.25971201062202454
v 0.297789990901947 0.8465059995651245 0.25971201062202454
v 0.4461970031261444 0.8445529937744141 0.25971201062202454
v -0.3719939887523651 0.8465059995651245 0.2304210066795349
v -0.3641830086708069 0.8425999879837036 0.28509798645973206
v 0.3641830086708069 0.8425999879837036 0.28509798645973206
v 0.3719939887523651 0.8465059995651245 0.2304210066795349
v -0.3993319869041443 0.8425999879837036 0.31048300862312317
v -0.24702000617980957 0.8484579920768738 0.30657801032066345
v 0.24702000617980957 0.8484579920768738 0.30657801032066345
v 0.3993319869041443 0.8425999879837036 0.31048300862312317
v -0.3719939887523651 0.8445529937744141 0.2968139946460724
v -0.297789990901947 0.8562690019607544 0.3007189929485321
v -0.26068899035453796 0.8406469821929932 0.2440900057554245
v 0.26068899035453796 0.8406469821929932 0.2440900057554245
v 0.297789990901947 0.8562690019607544 0.3007189929485321
v 0.3719939887523651 0.8445529937744141 0.2968139946460724
v -0.44424501061439514 0.8504109978675842 0.2792389988899231
v -0.38370999693870544 0.8445529937744141 0.30657801032066345
v -0.36223000288009644 0.8523640036582947 0.2440900057554245
v -0.30364900827407837 0.8562690019607544 0.283145010471344
v 0.30364900827407837 0.8562690019607544 0.283145010471344
v 0.38370999693870544 0.8445529937744141 0.30657801032066345
v 0.36223000288009644 0.8523640036582947 0.2440900057554245
v 0.44424501061439514 0.8504109978675842 0.2792389988899231
v -0.2372560054063797 0.8406469821929932 0.2616649866104126
v 0.2372560054063797 0.8406469821929932 0.2616649866104126
v -0.2333499938249588 0.8465059995651245 0.27338099479675293
v 0.2333499938249588 0.8465059995651245 0.27338099479675293
v -0.4344809949398041 0.8582220077514648 0.29290899634361267
v -0.360276997089386 0.8582220077514648 0.2616649866104126
v -0.26068899035453796 0.8601750135421753 0.3085300028324127
v -0.24311399459838867 0.8484579920768738 0.25385400652885437
v 0.24311399459838867 0.8484579920768738 0.25385400652885437
v 0.26068899035453796 0.8601750135421753 0.3085300028324127
v 0.360276997089386 0.8582220077514648 0.2616649866104126
v 0.4344809949398041 0.8582220077514648 0.29290899634361267
v -0.27435800433158875 0.8523640036582947 0.24604299664497375
v 0.27435800433158875 0.8523640036582947 0.24604299664497375
v -0.4071429967880249 0.8621270060539246 0.21089400351047516
v -0.42667001485824585 0.8621270060539246 0.21870499849319458
v -0.38761600852012634 0.8660330176353455 0.21284699440002441
v 0.4071429967880249 0.8621270060539246 0.21089400351047516
v 0.38761600852012634 0.8660330176353455 0.21284699440002441
v 0.42667001485824585 0.8621270060539246 0.21870499849319458
v -0.41885900497436523 0.8621270060539246 0.30267199873924255
v -0.3641830086708069 0.8621270060539246 0.27728700637817383
v -0.2372560054063797 0.8523640036582947 0.2870500087738037
v 0.2372560054063797 0.8523640036582947 0.2870500087738037
v 0.3641830086708069 0.8621270060539246 0.27728700637817383
v 0.41885900497436523 0.8621270060539246 0.30267199873924255
v -0.44033899903297424 0.8660330176353455 0.23237399756908417
v -0.3719939887523651 0.8699380159378052 0.22065800428390503
v -0.254830002784729 0.8562690019607544 0.2479960024356842
v -0.24116100370883942 0.8582220077514648 0.2655700147151947
v 0.24116100370883942 0.8582220077514648 0.2655700147151947
v 0.254830002784729 0.8562690019607544 0.2479960024356842
v 0.3719939887523651 0.8699380159378052 0.22065800428390503
v 0.44033899903297424 0.8660330176353455 0.23237399756908417
v -0.40128499269485474 0.8660330176353455 0.304625004529953
v -0.3719939887523651 0.8660330176353455 0.2909559905529022
v 0.3719939887523651 0.8660330176353455 0.2909559905529022
v 0.40128499269485474 0.8660330176353455 0.304625004529953
v -0.4461970031261444 0.8718910217285156 0.2519010007381439
v -0.3856630027294159 0.8660330176353455 0.3007189929485321
v -0.27435800433158875 0.8679860234260559 0.304625004529953
v 0.27435800433158875 0.8679860234260559 0.304625004529953
v 0.3856630027294159 0.8660330176353455 0.3007189929485321
v 0.4461970031261444 0.8718910217285156 0.2519010007381439
v -0.360276997089386 0.8757969737052917 0.23627999424934387
v -0.2860740125179291 0.8621270060539246 0.2577599883079529
v -0.24311399459838867 0.8660330176353455 0.28119200468063354
v 0.24311399459838867 0.8660330176353455 0.28119200468063354
v 0.2860740125179291 0.8621270060539246 0.2577599883079529
v 0.360276997089386 0.8757969737052917 0.23627999424934387
v -0.24506700038909912 0.8582220077514648 0.29876700043678284
v -0.25287801027297974 0.8679860234260559 0.25971201062202454
v 0.25287801027297974 0.8679860234260559 0.25971201062202454
v 0.24506700038909912 0.8582220077514648 0.29876700043678284
v -0.44424501061439514 0.8777490258216858 0.2694759964942932
v 0.44424501061439514 0.8777490258216858 0.2694759964942932
v -0.3583250045776367 0.8816549777984619 0.25385400652885437
v -0.2860740125179291 0.8718910217285156 0.29486098885536194
v -0.2684989869594574 0.8621270060539246 0.2479960024356842
v -0.2509250044822693 0.8679860234260559 0.2968139946460724
v 0.2509250044822693 0.8679860234260559 0.2968139946460724
v 0.2684989869594574 0.8621270060539246 0.2479960024356842
v 0.2860740125179291 0.8718910217285156 0.29486098885536194
v 0.3583250045776367 0.8816549777984619 0.25385400652885437
v -0.2899790108203888 0.8718910217285156 0.2792389988899231
v -0.27045199275016785 0.8699380159378052 0.2558070123195648
v 0.27045199275016785 0.8699380159378052 0.2558070123195648
v 0.2899790108203888 0.8718910217285156 0.2792389988899231
v -0.4344809949398041 0.8836069703102112 0.28509798645973206
v -0.36223000288009644 0.8855599761009216 0.2694759964942932
v -0.25678300857543945 0.8757969737052917 0.2753340005874634
v 0.25678300857543945 0.8757969737052917 0.2753340005874634
v 0.36223000288009644 0.8855599761009216 0.2694759964942932
v 0.4344809949398041 0.8836069703102112 0.28509798645973206
v -0.40518999099731445 0.8875129818916321 0.20308299362659454
v -0.42276498675346375 0.8875129818916321 0.21089400351047516
v -0.41885900497436523 0.8875129818916321 0.29486098885536194
v -0.3856630027294159 0.8914179801940918 0.20308299362659454
v -0.3719939887523651 0.8894659876823425 0.283145010471344
v 0.3719939887523651 0.8894659876823425 0.283145010471344
v 0.40518999099731445 0.8875129818916321 0.20308299362659454
v 0.3856630027294159 0.8914179801940918 0.20308299362659454
v 0.41885900497436523 0.8875129818916321 0.29486098885536194
v 0.42276498675346375 0.8875129818916321 0.21089400351047516
v -0.4364340007305145 0.8914179801940918 0.22456300258636475
v -0.40128499269485474 0.8894659876823425 0.2968139946460724
v -0.37004101276397705 0.8953239917755127 0.21089400351047516
v -0.3856630027294159 0.8894659876823425 0.29290899634361267
v -0.2645939886569977 0.8757969737052917 0.29290899634361267
v 0.2645939886569977 0.8757969737052917 0.29290899634361267
v 0.3856630027294159 0.8894659876823425 0.29290899634361267
v 0.40128499269485474 0.8894659876823425 0.2968139946460724
v 0.37004101276397705 0.8953239917755127 0.21089400351047516
v 0.4364340007305145 0.8914179801940918 0.22456300258636475
v -0.276309996843338 0.8777490258216858 0.28900301456451416
v -0.2724049985408783 0.8777490258216858 0.27338099479675293
v 0.2724049985408783 0.8777490258216858 0.27338099479675293
v 0.276309996843338 0.8777490258216858 0.28900301456451416
v -0.3583250045776367 0.9011819958686829 0.226515993475914
v 0.3583250045776367 0.9011819958686829 0.226515993475914
v -0.4422920048236847 0.897275984287262 0.24213799834251404
v 0.4422920048236847 0.897275984287262 0.24213799834251404
v -0.3544189929962158 0.907039999961853 0.2440900057554245
v 0.3544189929962158 0.907039999961853 0.2440900057554245
v -0.44033899903297424 0.9031350016593933 0.25971201062202454
v 0.44033899903297424 0.9031350016593933 0.25971201062202454
v -0.3583250045776367 0.9109460115432739 0.2616649866104126
v 0.3583250045776367 0.9109460115432739 0.2616649866104126
v -0.43057599663734436 0.9089930057525635 0.2753340005874634
v 0.43057599663734436 0.9089930057525635 0.2753340005874634
v -0.3680880069732666 0.9148510098457336 0.2753340005874634
v 0.3680880069732666 0.9148510098457336 0.2753340005874634
v -0.40128499269485474 0.9089930057525635 0.19917799532413483
v -0.4169059991836548 0.9089930057525635 0.205035999417305
v -0.4149540066719055 0.9128980040550232 0.28509798645973206
v -0.3856630027294159 0.9109460115432739 0.19917799532413483
v 0.40128499269485474 0.9089930057525635 0.19917799532413483
v 0.3856630027294159 0.9109460115432739 0.19917799532413483
v 0.4149540066719055 0.9128980040550232 0.28509798645973206
v 0.4169059991836548 0.9089930057525635 0.205035999417305
v -0.3993319869041443 0.9148510098457336 0.2870500087738037
v -0.38370999693870544 0.9148510098457336 0.283145010471344
v 0.38370999693870544 0.9148510098457336 0.283145010471344
v 0.3993319869041443 0.9148510098457336 0.2870500087738037
v -0.4286229908466339 0.9128980040550232 0.21870499849319458
v -0.37004101276397705 0.9168040156364441 0.20698900520801544
v 0.37004101276397705 0.9168040156364441 0.20698900520801544
v 0.4286229908466339 0.9128980040550232 0.21870499849319458
v -0.360276997089386 0.9207090139389038 0.22065800428390503
v 0.360276997089386 0.9207090139389038 0.22065800428390503
v -0.4344809949398041 0.9187560081481934 0.23432700335979462
v 0.4344809949398041 0.9187560081481934 0.23432700335979462
v -0.3583250045776367 0.926567018032074 0.23627999424934387
v 0.3583250045776367 0.926567018032074 0.23627999424934387
v -0.43252798914909363 0.9246150255203247 0.2519010007381439
v 0.43252798914909363 0.9246150255203247 0.2519010007381439
v -0.360276997089386 0.9304730296134949 0.25385400652885437
v 0.360276997089386 0.9304730296134949 0.25385400652885437
v -0.4247170090675354 0.9285200238227844 0.2655700147151947
v -0.3993319869041443 0.9226620197296143 0.19917799532413483
v -0.40909600257873535 0.926567018032074 0.205035999417305
v -0.38761600852012634 0.926567018032074 0.20113100111484528
v 0.3993319869041443 0.9226620197296143 0.19917799532413483
v 0.38761600852012634 0.926567018032074 0.20113100111484528
v 0.40909600257873535 0.926567018032074 0.205035999417305
v 0.4247170090675354 0.9285200238227844 0.2655700147151947
v -0.37394699454307556 0.9324250221252441 0.20698900520801544
v -0.37004101276397705 0.9324250221252441 0.2655700147151947
v 0.37004101276397705 0.9324250221252441 0.2655700147151947
v 0.37394699454307556 0.9324250221252441 0.20698900520801544
v -0.41885900497436523 0.9324250221252441 0.21480000019073486
v -0.4110479950904846 0.9324250221252441 0.27338099479675293
v 0.4110479950904846 0.9324250221252441 0.27338099479675293
v 0.41885900497436523 0.9324250221252441 0.21480000019073486
v -0.3973790109157562 0.9343780279159546 0.2753340005874634
v -0.381756991147995 0.9343780279159546 0.27338099479675293
v 0.381756991147995 0.9343780279159546 0.27338099479675293
v 0.3973790109157562 0.9343780279159546 0.2753340005874634
v -0.36613601446151733 0.9343780279159546 0.21870499849319458
v 0.36613601446151733 0.9343780279159546 0.21870499849319458
v -0.42276498675346375 0.9363309741020203 0.22846899926662445
v 0.42276498675346375 0.9363309741020203 0.22846899926662445
v -0.3641830086708069 0.9382839798927307 0.23237399756908417
v 0.3641830086708069 0.9382839798927307 0.23237399756908417
v -0.39542698860168457 0.9382839798927307 0.20698900520801544
v 0.39542698860168457 0.9382839798927307 0.20698900520801544
v -0.4208120107650757 0.94023597240448 0.2440900057554245
v 0.4208120107650757 0.94023597240448 0.2440900057554245
v -0.403236985206604 0.9421889781951904 0.21480000019073486
v -0.381756991147995 0.9421889781951904 0.21284699440002441
v -0.3680880069732666 0.9421889781951904 0.24604299664497375
v 0.3680880069732666 0.9421889781951904 0.24604299664497375
v 0.381756991147995 0.9421889781951904 0.21284699440002441
v 0.403236985206604 0.9421889781951904 0.21480000019073486
v -0.4149540066719055 0.9421889781951904 0.2558070123195648
v 0.4149540066719055 0.9421889781951904 0.2558070123195648
v -0.3719939887523651 0.9421889781951904 0.2577599883079529
v 0.3719939887523651 0.9421889781951904 0.2577599883079529
v -0.40518999099731445 0.9460949897766113 0.226515993475914
v -0.40909600257873535 0.94023597240448 0.2655700147151947
v -0.3719939887523651 0.9421889781951904 0.22065800428390503
v -0.381756991147995 0.9460949897766113 0.25971201062202454
v 0.381756991147995 0.9460949897766113 0.25971201062202454
v 0.3719939887523651 0.9421889781951904 0.22065800428390503
v 0.40909600257873535 0.94023597240448 0.2655700147151947
v 0.40518999099731445 0.9460949897766113 0.226515993475914
v -0.3973790109157562 0.9441419839859009 0.2616649866104126
v 0.3973790109157562 0.9441419839859009 0.2616649866104126
v -0.3934740126132965 0.949999988079071 0.22456300258636475
v -0.37589898705482483 0.9480469822883606 0.2304210066795349
v 0.37589898705482483 0.9480469822883606 0.2304210066795349
v 0.3934740126132965 0.949999988079071 0.22456300258636475
v -0.403236985206604 0.9480469822883606 0.2401849925518036
v -0.40128499269485474 0.9480469822883606 0.24994899332523346
v 0.40128499269485474 0.9480469822883606 0.24994899332523346
v 0.403236985206604 0.9480469822883606 0.2401849925518036
v -0.3798049986362457 0.9480469822883606 0.24604299664497375
v 0.3798049986362457 0.9480469822883606 0.24604299664497375
vt 0.9526839852333069 0.969402015209198
vt 0.9680179953575134 0.9817129969596863
vt 0.9603620171546936 0.9811609983444214
vt 0.9552509784698486 0.9770579934120178
vt 0.9591429829597473 0.982010006904602
vt 0.9533939957618713 0.9775919914245605
vt 0.9670990109443665 0.9835659861564636
vt 0.9501659870147705 0.9696750044822693
vt 0.6091690063476562 0.9754890203475952
vt 0.6032050251960754 0.9782140254974365
vt 0.6135330200195312 0.9686989784240723
vt 0.36663100123405457 0.4288409948348999
vt 0.3674919903278351 0.4304780066013336
vt 0.36034300923347473 0.43050700426101685
vt 0.3601450026035309 0.4288870096206665
vt 0.6158999800682068 0.9695820212364197
vt 0.6108239889144897 0.9764660000801086
vt 0.5956439971923828 0.9768710136413574
vt 0.5884979963302612 0.9740509986877441
vt 0.6041659712791443 0.9793390035629272
vt 0.5960729718208313 0.9788950085639954
vt 0.9756399989128113 0.9807339906692505
vt 0.9838939905166626 0.9752579927444458
vt 0.977599024772644 0.9815710186958313
vt 0.4902450144290924 0.43180298805236816
vt 0.49227699637413025 0.4332610070705414
vt 0.48274800181388855 0.43223899602890015
vt 0.9510359764099121 0.9598950147628784
vt 0.48724499344825745 0.43980398774147034
vt 0.48200899362564087 0.4332349896430969
vt 0.9494919776916504 0.959792971611023
vt 0.9538649916648865 0.9509509801864624
vt 0.9892740249633789 0.9675729870796204
vt 0.9519969820976257 0.9498990178108215
vt 0.5818399786949158 0.966717004776001
vt 0.6174700260162354 0.9598850011825562
vt 0.6189780235290527 0.9601680040359497
vt 0.5785109996795654 0.9579480290412903
vt 0.6169220209121704 0.9505199790000916
vt 0.6189780235290527 0.9499610066413879
vt 0.5863810181617737 0.9743840098381042
vt 0.07650399953126907 0.4397999942302704
vt 0.0759269967675209 0.44129401445388794
vt 0.06989499926567078 0.44173601269721985
vt 0.06782899796962738 0.4411360025405884
vt 0.06853500008583069 0.4345859885215759
vt 0.9890249967575073 0.9712730050086975
vt 0.9852160215377808 0.9757800102233887
vt 0.40130600333213806 0.0042940001003444195
vt 0.3945449888706207 0.010002999566495419
vt 0.3939250111579895 0.003601999953389168
vt 0.40161600708961487 0.0028699999675154686
vt 0.479981005191803 0.43943798542022705
vt 0.4725790023803711 0.4395639896392822
vt 0.47394201159477234 0.4333449900150299
vt 0.4664419889450073 0.4392029941082001
vt 0.46780499815940857 0.43298399448394775
vt 0.8719789981842041 0.9818339943885803
vt 0.8936520218849182 0.9535350203514099
vt 0.8935019969940186 0.9707260131835938
vt 0.8893769979476929 0.9772109985351562
vt 0.8953239917755127 0.9713410139083862
vt 0.8921359777450562 0.9781849980354309
vt 0.8962739706039429 0.9647150039672852
vt 0.7431510090827942 0.6526060104370117
vt 0.7499430179595947 0.6510980129241943
vt 0.7505120038986206 0.6568689942359924
vt 0.743291974067688 0.6584920287132263
vt 0.7381309866905212 0.6537579894065857
vt 0.8837389945983887 0.9820399880409241
vt 0.8819490075111389 0.9850339889526367
vt 0.8786150217056274 0.9827650189399719
vt 0.8868610262870789 0.9820780158042908
vt 0.8749499917030334 0.985040009021759
vt 0.16491900384426117 0.449427992105484
vt 0.16167199611663818 0.4558899998664856
vt 0.1584469974040985 0.44984200596809387
vt 0.16354900598526 0.4477519989013672
vt 0.7579920291900635 0.6479009985923767
vt 0.7598000168800354 0.6541140079498291
vt 0.9614610075950623 0.941989004611969
vt 0.992402970790863 0.9596329927444458
vt 0.9554830193519592 0.9444419741630554
vt 0.8677390217781067 0.9828140139579773
vt 0.8644800186157227 0.9789599776268005
vt 0.8619019985198975 0.9784259796142578
vt 0.8581179976463318 0.9716399908065796
vt 0.8135929703712463 0.4304400086402893
vt 0.8185470104217529 0.43250301480293274
vt 0.8114110231399536 0.43162500858306885
vt 0.933821976184845 0.9789549708366394
vt 0.9305490255355835 0.9828029870986938
vt 0.9263200163841248 0.9818289875984192
vt 0.9046469926834106 0.9535369873046875
vt 0.9401829838752747 0.9716339707374573
vt 0.9363890290260315 0.9784160256385803
vt 0.8128089904785156 0.0028699999675154686
vt 0.8154270052909851 0.003957999870181084
vt 0.8098949790000916 0.0051310001872479916
vt 0.9233350157737732 0.9850299954414368
vt 0.9196820259094238 0.9827600121498108
vt 0.9089189767837524 0.9772080183029175
vt 0.9047960042953491 0.9707260131835938
vt 0.9163339734077454 0.9850239753723145
vt 0.9145560264587402 0.9820359945297241
vt 0.5774310231208801 0.9494810104370117
vt 0.6117590069770813 0.9399679899215698
vt 0.6169360280036926 0.9438160061836243
vt 0.9114220142364502 0.9820690155029297
vt 0.37549498677253723 0.42984700202941895
vt 0.37938299775123596 0.43567800521850586
vt 0.3727079927921295 0.4363420009613037
vt 0.6981679797172546 0.8759739995002747
vt 0.7011590003967285 0.8699659705162048
vt 0.7076950073242188 0.8724420070648193
vt 0.7051889896392822 0.8778079748153687
vt 0.9061470031738281 0.978177011013031
vt 0.902961015701294 0.9713349938392639
vt 0.7908390164375305 0.006990999914705753
vt 0.7861639857292175 0.013345000334084034
vt 0.7853559851646423 0.007019000127911568
vt 0.7879499793052673 0.005187000147998333
vt 0.3661290109157562 0.43669700622558594
vt 0.3589800000190735 0.43672600388526917
vt 0.9020140171051025 0.9647110104560852
vt 0.35309499502182007 0.4362669885158539
vt 0.35379400849342346 0.4300310015678406
vt 0.06322000175714493 0.43570199608802795
vt 0.07857300341129303 0.4332149922847748
vt 0.08588100224733353 0.4385029971599579
vt 0.08552499860525131 0.43997201323509216
vt 0.5804179906845093 0.9669020175933838
vt 0.5778290033340454 0.9615979790687561
vt 0.414328008890152 0.0049680001102387905
vt 0.40654200315475464 0.004991000052541494
vt 0.4103190004825592 0.0035570000763982534
vt 0.4187990128993988 0.003531999886035919
vt 0.42753100395202637 0.004215000197291374
vt 0.42243099212646484 0.005654000211507082
vt 0.9914159774780273 0.9503870010375977
vt 0.4165849983692169 0.011361000128090382
vt 0.4962790012359619 0.4394870102405548
vt 0.8546559810638428 0.9568279981613159
vt 0.8685430288314819 0.9390299916267395
vt 0.8957610130310059 0.9547979831695557
vt 0.8809270262718201 0.9388949871063232
vt 0.8907250165939331 0.9469529986381531
vt 0.6505929827690125 0.004271999932825565
vt 0.6468300223350525 0.010684000328183174
vt 0.6412619948387146 0.00430000014603138
vt 0.6436529755592346 0.0028699999675154686
vt 0.9837149977684021 0.9386820197105408
vt 0.9888489842414856 0.9427310228347778
vt 0.9618110060691833 0.9396610260009766
vt 0.9722560048103333 0.9361870288848877
vt 0.7653350234031677 0.6456320285797119
vt 0.7695559859275818 0.6513149738311768
vt 0.79680997133255 0.4304389953613281
vt 0.7913550138473511 0.4303959906101227
vt 0.7906360030174255 0.4288409948348999
vt 0.854541003704071 0.9653459787368774
vt 0.8046290278434753 0.43148499727249146
vt 0.8039090037345886 0.4299300014972687
vt 0.8573399782180786 0.9734089970588684
vt 0.9297630190849304 0.9390310049057007
vt 0.943647027015686 0.956824004650116
vt 0.8222969770431519 0.667273998260498
vt 0.8292099833488464 0.6676980257034302
vt 0.8208199739456177 0.6689289808273315
vt 0.940949022769928 0.973397970199585
vt 0.8374320268630981 0.665772020816803
vt 0.835955023765564 0.6674270033836365
vt 0.9437519907951355 0.9653369784355164
vt 0.6891540288925171 0.8738269805908203
vt 0.6938899755477905 0.8680959939956665
vt 0.5773410201072693 0.9456980228424072
vt 0.5806570053100586 0.9407600164413452
vt 0.6027179956436157 0.9316949844360352
vt 0.6119800209999084 0.9376279711723328
vt 0.5910000205039978 0.9313009977340698
vt 0.58502197265625 0.9339690208435059
vt 0.9075660109519958 0.9469509720802307
vt 0.91736900806427 0.9388949871063232
vt 0.902525007724762 0.9547939896583557
vt 0.31109699606895447 0.4258840084075928
vt 0.3161129951477051 0.4192039966583252
vt 0.3194279968738556 0.42545899748802185
vt 0.3127650022506714 0.42724400758743286
vt 0.09469600021839142 0.43873798847198486
vt 0.09167800098657608 0.43745100498199463
vt 0.09888000041246414 0.4370740056037903
vt 0.10257299989461899 0.4383240044116974
vt 0.10030200332403183 0.4306020140647888
vt 0.10559999942779541 0.43603700399398804
vt 0.4086419939994812 0.011385000310838223
vt 0.40170401334762573 0.01069399993866682
vt 0.9892079830169678 0.941989004611969
vt 0.992402970790863 0.948373019695282
vt 0.4296160042285919 0.005630999803543091
vt 0.8473439812660217 0.003444999922066927
vt 0.8443999886512756 0.03571400046348572
vt 0.8439850211143494 0.002983999904245138
vt 0.9808400273323059 0.9364719986915588
vt 0.8422369956970215 0.004015000071376562
vt 0.8374590277671814 0.004131999798119068
vt 0.8378239870071411 0.0028699999675154686
vt 0.8425530195236206 0.03662500157952309
vt 0.17725899815559387 0.44747599959373474
vt 0.17953899502754211 0.45384201407432556
vt 0.17374800145626068 0.4550659954547882
vt 0.17196199297904968 0.44847598671913147
vt 0.6383500099182129 0.010708999820053577
vt 0.6318849921226501 0.010014999657869339
vt 0.6330299973487854 0.003611000021919608
vt 0.855443000793457 0.005322999786585569
vt 0.8491529822349548 0.005175999831408262
vt 0.13179899752140045 0.7351469993591309
vt 0.13179899752140045 0.7697610259056091
vt 0.129611998796463 0.7693939805030823
vt 0.13067300617694855 0.7341600060462952
vt 0.16822099685668945 0.455161988735199
vt 0.9691230058670044 0.9360920190811157
vt 0.8581399917602539 0.007408999837934971
vt 0.854964017868042 0.013402000069618225
vt 0.8574190139770508 0.9455199837684631
vt 0.8641170263290405 0.9378290176391602
vt 0.8692420125007629 0.9371050000190735
vt 0.8750159740447998 0.9360920190811157
vt 0.9830340147018433 0.709430992603302
vt 0.9865390062332153 0.7084869742393494
vt 0.9830340147018433 0.7427560091018677
vt 0.7429789900779724 0.0028699999675154686
vt 0.7471240162849426 0.034648001194000244
vt 0.7413290143013 0.003378999885171652
vt 0.15520000457763672 0.45630401372909546
vt 0.14971700310707092 0.4562720060348511
vt 0.1528870016336441 0.45012399554252625
vt 0.14472700655460358 0.4560149908065796
vt 0.14789700508117676 0.44986701011657715
vt 0.7713729739189148 0.6436730027198792
vt 0.7751460075378418 0.6494359970092773
vt 0.826088011264801 0.4391849935054779
vt 0.8198500275611877 0.43845200538635254
vt 0.8250060081481934 0.4332520067691803
vt 0.7864310145378113 0.4296810030937195
vt 0.854541003704071 0.9513239860534668
vt 0.7558370232582092 0.003000000026077032
vt 0.7556939721107483 0.00430600019171834
vt 0.751134991645813 0.0040270001627504826
vt 0.7460039854049683 0.003148999996483326
vt 0.7614240050315857 0.004987000022083521
vt 0.7582690119743347 0.011134999804198742
vt 0.812624990940094 0.43827900290489197
vt 0.8056150078773499 0.4380829930305481
vt 0.8170400261878967 0.010641000233590603
vt 0.8114410042762756 0.011114000342786312
vt 0.8195350170135498 0.675586998462677
vt 0.8127260208129883 0.6758660078048706
vt 0.8150079846382141 0.6690620183944702
vt 0.9341850280761719 0.937828004360199
vt 0.9408869743347168 0.945518970489502
vt 0.8429089784622192 0.6664050221443176
vt 0.9437519907951355 0.9513149857521057
vt 0.8050730228424072 0.012114999815821648
vt 0.8028630018234253 0.006161999888718128
vt 0.7981150150299072 0.012830999679863453
vt 0.7959049940109253 0.006876999977976084
vt 0.6326619982719421 0.4298340082168579
vt 0.6288049817085266 0.4301469922065735
vt 0.6289529800415039 0.4288409948348999
vt 0.9381800293922424 0.9410880208015442
vt 0.8488010168075562 0.6655380129814148
vt 0.8458330035209656 0.6724439859390259
vt 0.8479080200195312 0.6642320156097412
vt 0.6829450130462646 0.8721240162849426
vt 0.6868399977684021 0.8662610054016113
vt 0.7916479706764221 0.01331700012087822
vt 0.9830340147018433 0.7488009929656982
vt 0.9848700165748596 0.7486370205879211
vt 0.9830340147018433 0.7825570106506348
vt 0.25161200761795044 0.9551560282707214
vt 0.25161200761795044 0.9869580268859863
vt 0.2476239949464798 0.9554830193519592
vt 0.9232839941978455 0.9360920190811157
vt 0.9290590286254883 0.9371039867401123
vt 0.15118899941444397 0.7020339965820312
vt 0.154122993350029 0.7341309785842896
vt 0.14758199453353882 0.7023950219154358
vt 0.5943289995193481 0.9298639893531799
vt 0.14057500660419464 0.7038099765777588
vt 0.1456419974565506 0.7040640115737915
vt 0.6659629940986633 0.8701620101928711
vt 0.6681770086288452 0.8690710067749023
vt 0.6753180027008057 0.8709189891815186
vt 0.1410679966211319 0.7118600010871887
vt 0.13819600641727448 0.7057399749755859
vt 0.28769099712371826 0.4223339855670929
vt 0.29301899671554565 0.42125600576400757
vt 0.29476499557495117 0.42760899662971497
vt 0.2882780134677887 0.4280630052089691
vt 0.2825540006160736 0.4227150082588196
vt 0.3008689880371094 0.42076700925827026
vt 0.30126500129699707 0.4271929860115051
vt 0.15262100100517273 0.7355380058288574
vt 0.3082360029220581 0.4196169972419739
vt 0.1577800065279007 0.70210200548172
vt 0.15779699385166168 0.7034170031547546
vt 0.15259699523448944 0.7031700015068054
vt 0.6589490175247192 0.6950569748878479
vt 0.6589490175247192 0.729993999004364
vt 0.6567569971084595 0.7296609878540039
vt 0.6573500037193298 0.6943640112876892
vt 0.5801830291748047 0.9385679960250854
vt 0.5848429799079895 0.9331629872322083
vt 0.08661500364542007 0.43202900886535645
vt 0.09331999719142914 0.4309540092945099
vt 0.6629469990730286 0.004234000109136105
vt 0.6627939939498901 0.0056570000015199184
vt 0.6580020189285278 0.004960999824106693
vt 0.8858749866485596 0.9412879943847656
vt 0.6597229838371277 0.011354999616742134
vt 0.6533880233764648 0.011374999769032001
vt 0.6687449812889099 0.004215000197291374
vt 0.668749988079071 0.005636999849230051
vt 0.7404850125312805 0.004689999856054783
vt 0.7359279990196228 0.005022000055760145
vt 0.7359539866447449 0.0036140000447630882
vt 0.7454609870910645 0.035861000418663025
vt 0.7763220071792603 0.6419669985771179
vt 0.7806919813156128 0.6483460068702698
vt 0.8645399808883667 0.016354000195860863
vt 0.859604001045227 0.014697999693453312
vt 0.8639979958534241 0.008609999902546406
vt 0.7520719766616821 0.01066100038588047
vt 0.7459779977798462 0.004556000232696533
vt 0.9871699810028076 0.7097619771957397
vt 0.7984669804573059 0.4371260106563568
vt 0.7916709780693054 0.43690600991249084
vt 0.8272389769554138 0.674456000328064
vt 0.8353570103645325 0.6739839911460876
vt 0.6801649928092957 0.8644850254058838
vt 0.6373209953308105 0.4303250014781952
vt 0.6321709752082825 0.43647500872612
vt 0.6373530030250549 0.4289180040359497
vt 0.34392300248146057 0.5269100069999695
vt 0.34392300248146057 0.5608270168304443
vt 0.3432050049304962 0.5281370282173157
vt 0.6737520098686218 0.8634729981422424
vt 0.6483399868011475 0.42930400371551514
vt 0.6483079791069031 0.4307120144367218
vt 0.6430490016937256 0.4304159879684448
vt 0.6424959897994995 0.4291119873523712
vt 0.9862859845161438 0.7494980096817017
vt 0.9852020144462585 0.7830219864845276
vt 0.6540359854698181 0.43141400814056396
vt 0.6533660292625427 0.4300079941749573
vt 0.657558023929596 0.43131500482559204
vt 0.912414014339447 0.9412850141525269
vt 0.3217029869556427 0.4182150065898895
vt 0.32600000500679016 0.4180470108985901
vt 0.32547301054000854 0.42445799708366394
vt 0.42941299080848694 0.01203100010752678
vt 0.42446601390838623 0.012047000229358673
vt 0.8380709886550903 0.010254999622702599
vt 0.8336219787597656 0.009921000339090824
vt 0.8326489925384521 0.0032309999223798513
vt 0.6648290157318115 0.01205000001937151
vt 0.8488759994506836 0.037790000438690186
vt 0.8453199863433838 0.0370899997651577
vt 0.7878659963607788 0.4363510012626648
vt 0.7631800174713135 0.011718999594449997
vt 0.8407819867134094 0.6731860041618347
vt 0.6271460056304932 0.4369939863681793
vt 0.6693950295448303 0.8627849817276001
vt 0.14927099645137787 0.736070990562439
vt 0.6557819843292236 0.43744900822639465
vt 0.6508569717407227 0.43755099177360535
vt 0.1573760062456131 0.7094560265541077
vt 0.1554030030965805 0.7351800203323364
vt 0.16700999438762665 0.7092450261116028
vt 0.16276000440120697 0.7091749906539917
vt 0.16406099498271942 0.7025179862976074
vt 0.16939300298690796 0.7027570009231567
vt 0.1056860014796257 0.42967501282691956
vt 0.6678529977798462 0.012039000168442726
vt 0.7381510138511658 0.011547000147402287
vt 0.9859520196914673 0.7428969740867615
vt 0.7488499879837036 0.035739999264478683
vt 0.6411569714546204 0.4604150056838989
vt 0.6386709809303284 0.46152201294898987
vt 0.6462979912757874 0.43725401163101196
vt 0.6422939896583557 0.46161699295043945
vt 0.47670501470565796 0.4522539973258972
vt 0.4702009856700897 0.4515959918498993
vt 0.48951101303100586 0.4535430073738098
vt 0.48305100202560425 0.45270100235939026
vt 0.46447500586509705 0.4513489902019501
vt 0.7297919988632202 0.643875002861023
vt 0.7340019941329956 0.6421650052070618
vt 0.7399830222129822 0.6401010155677795
vt 0.7460479736328125 0.6373180150985718
vt 0.7519829869270325 0.6338750123977661
vt 0.38233301043510437 0.45013800263404846
vt 0.3769490122795105 0.4494270086288452
vt 0.7072280049324036 0.8558059930801392
vt 0.7127490043640137 0.8588410019874573
vt 0.37050798535346985 0.4492889940738678
vt 0.36416199803352356 0.44884198904037476
vt 0.3579300045967102 0.4487900137901306
vt 0.35247600078582764 0.4491499960422516
vt 0.06040399894118309 0.4229600131511688
vt 0.06658600270748138 0.42111098766326904
vt 0.05598499998450279 0.42401400208473206
vt 0.49360600113868713 0.45563000440597534
vt 0.07247599959373474 0.4179050028324127
vt 0.3982279896736145 0.0291920006275177
vt 0.3900519907474518 0.02566000074148178
vt 0.17126500606536865 0.4687489867210388
vt 0.16501399874687195 0.46816501021385193
vt 0.1758289933204651 0.46998900175094604
vt 0.15956400334835052 0.46794599294662476
vt 0.1537570059299469 0.4683389961719513
vt 0.14869000017642975 0.46839699149131775
vt 0.7571269869804382 0.6299110054969788
vt 0.14436499774456024 0.4681200087070465
vt 0.8302419781684875 0.45119601488113403
vt 0.8244959712028503 0.4519619941711426
vt 0.8187429904937744 0.4526880085468292
vt 0.8097749948501587 0.024795999750494957
vt 0.8035179972648621 0.02428000047802925
vt 0.8142849802970886 0.02528199926018715
vt 0.7972239851951599 0.024966999888420105
vt 0.7916669845581055 0.025310000404715538
vt 0.70135098695755 0.8519970178604126
vt 0.7868469953536987 0.025310000404715538
vt 0.2802349925041199 0.4106709957122803
vt 0.28574201464653015 0.4088590145111084
vt 0.7830039858818054 0.025868000462651253
vt 0.29121899604797363 0.4063740074634552
vt 0.08058100193738937 0.4138930141925812
vt 0.4047900140285492 0.03130599856376648
vt 0.6286249756813049 0.02709200046956539
vt 0.6240789890289307 0.024971000850200653
vt 0.6257349848747253 0.01003200002014637
vt 0.6348749995231628 0.02991900034248829
vt 0.7605199813842773 0.626338005065918
vt 0.811693012714386 0.45466500520706177
vt 0.8135730028152466 0.6922739744186401
vt 0.8074510097503662 0.6902959942817688
vt 0.6965349912643433 0.8483549952507019
vt 0.29625698924064636 0.40393999218940735
vt 0.30215999484062195 0.40077200531959534
vt 0.08608599752187729 0.4114849865436554
vt 0.410971999168396 0.03270899876952171
vt 0.4160810112953186 0.03411399945616722
vt 0.6407449841499329 0.032033998519182205
vt 0.6462330222129822 0.03343899920582771
vt 0.7629709839820862 0.623714029788971
vt 0.8055279850959778 0.4567059874534607
vt 0.8011019825935364 0.4575290083885193
vt 0.7977889776229858 0.4584740102291107
vt 0.803604006767273 0.45929500460624695
vt 0.8203169703483582 0.6941589713096619
vt 0.8305839896202087 0.6955260038375854
vt 0.8256379961967468 0.6948149800300598
vt 0.8230999708175659 0.6966249942779541
vt 0.6919810175895691 0.845475971698761
vt 0.30698999762535095 0.3984000086784363
vt 0.3107469975948334 0.39682498574256897
vt 0.09051799774169922 0.40987199544906616
vt 0.17031000554561615 0.731453001499176
vt 0.16550999879837036 0.7328730225563049
vt 0.17239800095558167 0.708869993686676
vt 0.41942399740219116 0.035523999482393265
vt 0.8385019898414612 0.03604799881577492
vt 0.651183009147644 0.03413400053977966
vt 0.6550599932670593 0.034832000732421875
vt 0.8541449904441833 0.03827200084924698
vt 0.8605690002441406 0.03772599995136261
vt 0.7554090023040771 0.03520200029015541
vt 0.7615020275115967 0.03487100079655647
vt 0.765736997127533 0.034049998968839645
vt 0.7668060064315796 0.012411000207066536
vt 0.8356860280036926 0.6962140202522278
vt 0.8397780060768127 0.6963289976119995
vt 0.6326090097427368 0.4610329866409302
vt 0.6876459717750549 0.8426330089569092
vt 0.14471599459648132 0.7362549901008606
vt 0.13753800094127655 0.7128270268440247
vt 0.6562349796295166 0.4613040089607239
vt 0.652010977268219 0.4614039957523346
vt 0.6602230072021484 0.43825599551200867
vt 0.6466190218925476 0.46171098947525024
vt 0.1597049981355667 0.7347300052642822
vt 0.7413700222969055 0.0359870009124279
vt 0.7342950105667114 0.011874999850988388
vt 0.4700450003147125 0.4552139937877655
vt 0.46431899070739746 0.4549669921398163
vt 0.4765489995479584 0.4558730125427246
vt 0.7283849716186523 0.6405370235443115
vt 0.7325959801673889 0.6388270258903503
vt 0.36400601267814636 0.45246100425720215
vt 0.3577739894390106 0.4524089992046356
vt 0.37035199999809265 0.4529080092906952
vt 0.35231998562812805 0.4527679979801178
vt 0.4831480085849762 0.4562219977378845
vt 0.7385759949684143 0.6367620229721069
vt 0.3767920136451721 0.4530450105667114
vt 0.055098000913858414 0.4205020070075989
vt 0.06019200012087822 0.4194110035896301
vt 0.48804599046707153 0.4578329920768738
vt 0.15961399674415588 0.4715679883956909
vt 0.15399399399757385 0.47114700078964233
vt 0.16531099379062653 0.47167500853538513
vt 0.14892800152301788 0.4712049961090088
vt 0.7458159923553467 0.6330080032348633
vt 0.8343340158462524 0.4545019865036011
vt 0.8297960162162781 0.4547230005264282
vt 0.8346909880638123 0.4516800045967102
vt 0.824271023273468 0.45550501346588135
vt 0.8038539886474609 0.027786999940872192
vt 0.7974920272827148 0.027772000059485435
vt 0.8094469904899597 0.028331000357866287
vt 0.7919350266456604 0.02811500057578087
vt 0.3827030062675476 0.4542660117149353
vt 0.7869369983673096 0.02893099933862686
vt 0.27582401037216187 0.4081520140171051
vt 0.2800230085849762 0.4071219861507416
vt 0.27671000361442566 0.4116649925708771
vt 0.06521499902009964 0.41693899035453796
vt 0.17089800536632538 0.47228100895881653
vt 0.28530898690223694 0.405335009098053
vt 0.38496699929237366 0.022828999906778336
vt 0.3846000134944916 0.02709599956870079
vt 0.8185179829597473 0.4562320113182068
vt 0.8139569759368896 0.028818000108003616
vt 0.7127299904823303 0.8545179963111877
vt 0.4703559875488281 0.45723000168800354
vt 0.4648829996585846 0.4568850100040436
vt 0.476859986782074 0.45788800716400146
vt 0.17546199262142181 0.4735200107097626
vt 0.4603469967842102 0.4571639895439148
vt 0.4600360095500946 0.45514899492263794
vt 0.3645699918270111 0.45437800884246826
vt 0.3580850064754486 0.4544239938259125
vt 0.37066298723220825 0.45492300391197205
vt 0.290787011384964 0.4028509855270386
vt 0.35263100266456604 0.45478400588035583
vt 0.4825420081615448 0.45831799507141113
vt 0.7328100204467773 0.6366040110588074
vt 0.7379149794578552 0.6347339749336243
vt 0.15441900491714478 0.47314101457595825
vt 0.1493529975414276 0.4731990098953247
vt 0.15937499701976776 0.47358301281929016
vt 0.8333969712257385 0.45652899146080017
vt 0.8288589715957642 0.4567509889602661
vt 0.8124489784240723 0.4576070010662079
vt 0.8136109709739685 0.6951419711112976
vt 0.808122992515564 0.6937900185585022
vt 0.7979400157928467 0.029760999605059624
vt 0.7923830151557922 0.030105000361800194
vt 0.8043010234832764 0.02977599948644638
vt 0.7880480289459229 0.03089199960231781
vt 0.3761860132217407 0.45514100790023804
vt 0.05564500018954277 0.41833698749542236
vt 0.05984500050544739 0.4173069894313812
vt 0.487419992685318 0.45922499895095825
vt 0.1650719940662384 0.473690003156662
vt 0.7451540231704712 0.6309810280799866
vt 0.7518349885940552 0.6288480162620544
vt 0.8243139982223511 0.45693299174308777
vt 0.8089169859886169 0.02976199984550476
vt 0.7063239812850952 0.8506240248680115
vt 0.7129080295562744 0.8523859977722168
vt 0.38209599256515503 0.4563620090484619
vt 0.27615100145339966 0.4060109853744507
vt 0.280349999666214 0.4049820005893707
vt 0.06491000205278397 0.4155440032482147
vt 0.39091500639915466 0.029923999682068825
vt 0.3847619891166687 0.02851800061762333
vt 0.39785701036453247 0.032037001103162766
vt 0.6294869780540466 0.03064499981701374
vt 0.6242470145225525 0.028526000678539276
vt 0.8762789964675903 0.41850900650024414
vt 0.8730149865150452 0.4208579957485199
vt 0.8708660006523132 0.41478800773620605
vt 0.8747689723968506 0.41213101148605347
vt 0.47543901205062866 0.4619939923286438
vt 0.46959900856018066 0.46135199069976807
vt 0.17041200399398804 0.47440800070762634
vt 0.8699939846992493 0.40810200572013855
vt 0.8742570281028748 0.4060559868812561
vt 0.31627100706100464 0.9776610136032104
vt 0.31535300612449646 0.9712870121002197
vt 0.31933701038360596 0.9718859791755676
vt 0.3209629952907562 0.978236973285675
vt 0.3186050057411194 0.9839890003204346
vt 0.3233320116996765 0.9838489890098572
vt 0.2849609851837158 0.4032309949398041
vt 0.31664299964904785 0.9655500054359436
vt 0.32060301303863525 0.9654380083084106
vt 0.29649901390075684 0.4003799855709076
vt 0.07267499715089798 0.4136349856853485
vt 0.07929600030183792 0.41113999485969543
vt 0.48178499937057495 0.46244099736213684
vt 0.8717569708824158 0.4017139971256256
vt 0.8762789964675903 0.40033599734306335
vt 0.15348100662231445 0.47720998525619507
vt 0.14816799759864807 0.47738000750541687
vt 0.1591009944677353 0.47763100266456604
vt 0.9133840203285217 0.23027299344539642
vt 0.9101319909095764 0.2325350046157837
vt 0.9086480140686035 0.22662200033664703
vt 0.9124810099601746 0.2239529937505722
vt 0.8185610175132751 0.4576590061187744
vt 0.8134279847145081 0.03024899959564209
vt 0.796800971031189 0.03395500034093857
vt 0.7914900183677673 0.03418400138616562
vt 0.8029170036315918 0.03408399969339371
vt 0.7864909768104553 0.034999001771211624
vt 0.37517601251602173 0.4593620002269745
vt 0.36896899342536926 0.4584220051765442
vt 0.319348007440567 0.9597669839859009
vt 0.3233320116996765 0.9603660106658936
vt 0.4875999987125397 0.46397098898887634
vt 0.17491699755191803 0.4749450087547302
vt 0.16479800641536713 0.4777370095252991
vt 0.7394800186157227 0.6292449831962585
vt 0.7447540163993835 0.6259409785270691
vt 0.7327529788017273 0.6321650147438049
vt 0.909313976764679 0.2200700044631958
vt 0.9133840203285217 0.21897099912166595
vt 0.8091059923171997 0.0338979996740818
vt 0.7141519784927368 0.8475419878959656
vt 0.7189880013465881 0.8504679799079895
vt 0.7186480164527893 0.8554570078849792
vt 0.724153995513916 0.8527269959449768
vt 0.7730469703674316 0.4220150113105774
vt 0.7698690295219421 0.4230189919471741
vt 0.7698690295219421 0.41725999116897583
vt 0.7730469703674316 0.41625601053237915
vt 0.2904820144176483 0.40145599842071533
vt 0.05580399930477142 0.4139519929885864
vt 0.06172199919819832 0.41141799092292786
vt 0.17104899883270264 0.4783230125904083
vt 0.7578740119934082 0.6247239708900452
vt 0.8274459838867188 0.46095800399780273
vt 0.8216930031776428 0.4616850018501282
vt 0.8131610155105591 0.45912298560142517
vt 0.8132870197296143 0.6966270208358765
vt 0.8084849715232849 0.695173978805542
vt 0.8045729994773865 0.6993430256843567
vt 0.8001850247383118 0.6985470056533813
vt 0.8040969967842102 0.6943789720535278
vt 0.6987670063972473 0.8465489745140076
vt 0.27698400616645813 0.4015910029411316
vt 0.282490998506546 0.39977800846099854
vt 0.39038100838661194 0.030635999515652657
vt 0.3860729932785034 0.03420500084757805
vt 0.3809930086135864 0.03279599919915199
vt 0.07173799723386765 0.41298601031303406
vt 0.06769700348377228 0.40963199734687805
vt 0.40820398926734924 0.03485000133514404
vt 0.6296489834785461 0.03206700086593628
vt 0.6244080066680908 0.029947999864816666
vt 0.46854498982429504 0.46575599908828735
vt 0.46281901001930237 0.46550899744033813
vt 0.4638729989528656 0.46110498905181885
vt 0.4750489890575409 0.4664149880409241
vt 0.6213300228118896 0.03351299837231636
vt 0.6171000003814697 0.03210199996829033
vt 0.6201779842376709 0.028535999357700348
vt 0.457599014043808 0.4650669991970062
vt 0.4586530029773712 0.46066299080848694
vt 0.7255799770355225 0.6308339834213257
vt 0.7307500243186951 0.6282119750976562
vt 0.7275829911231995 0.6347879767417908
vt 0.7510240077972412 0.6282910108566284
vt 0.7502599954605103 0.6226140260696411
vt 0.8148210048675537 0.4622499942779541
vt 0.8104879856109619 0.6999130249023438
vt 0.7071200013160706 0.8500300049781799
vt 0.7083200216293335 0.8444589972496033
vt 0.3692440092563629 0.46285900473594666
vt 0.3625060021877289 0.463003009557724
vt 0.3622319996356964 0.45856499671936035
vt 0.375450998544693 0.46379899978637695
vt 0.3562740087509155 0.46295100450515747
vt 0.3559989929199219 0.458514004945755
vt 0.28801101446151733 0.3980039954185486
vt 0.35082000494003296 0.46331000328063965
vt 0.35120999813079834 0.45888999104499817
vt 0.2961939871311188 0.39898499846458435
vt 0.08769199997186661 0.4078890085220337
vt 0.39716601371765137 0.032749999314546585
vt 0.4807499945163727 0.46754899621009827
vt 0.15340299904346466 0.4823479950428009
vt 0.1483359932899475 0.48240500688552856
vt 0.1592700034379959 0.48265698552131653
vt 0.7566159963607788 0.6242460012435913
vt 0.14376400411128998 0.4822399914264679
vt 0.14365500211715698 0.47791600227355957
vt 0.8055239915847778 0.46026599407196045
vt 0.8211449980735779 0.6976310014724731
vt 0.7970250248908997 0.03897799924015999
vt 0.7914689779281616 0.03932199999690056
vt 0.8030740022659302 0.038405999541282654
vt 0.7004039883613586 0.8460879921913147
vt 0.7867159843444824 0.04002299904823303
vt 0.04978000000119209 0.41082099080085754
vt 0.053936999291181564 0.40908199548721313
vt 0.05138399824500084 0.41500699520111084
vt 0.07857900112867355 0.4104669988155365
vt 0.39216700196266174 0.037032000720500946
vt 0.48654600977897644 0.46837401390075684
vt 0.6350409984588623 0.03276199847459793
vt 0.626570999622345 0.035631999373435974
vt 0.16471999883651733 0.4828749895095825
vt 0.7368149757385254 0.6254299879074097
vt 0.7609869837760925 0.6219620108604431
vt 0.7553390264511108 0.6194019913673401
vt 0.8332380056381226 0.46521899104118347
vt 0.8281610012054443 0.46607300639152527
vt 0.8331030011177063 0.4608980119228363
vt 0.8090850114822388 0.03903599828481674
vt 0.7021769881248474 0.8413280248641968
vt 0.6935290098190308 0.8435620069503784
vt 0.38081398606300354 0.459975004196167
vt 0.38083600997924805 0.4645099937915802
vt 0.2718130052089691 0.39768800139427185
vt 0.27533799409866333 0.39669498801231384
vt 0.2727850079536438 0.40261998772621155
vt 0.2937229871749878 0.3955320119857788
vt 0.30177000164985657 0.39795801043510437
vt 0.059898000210523605 0.407258003950119
vt 0.07382100075483322 0.40643900632858276
vt 0.170305997133255 0.4834809899330139
vt 0.8216059803962708 0.46598899364471436
vt 0.8085240125656128 0.4635699987411499
vt 0.7979639768600464 0.46062299609184265
vt 0.8169739842414856 0.701117992401123
vt 0.8312050104141235 0.6975910067558289
vt 0.8136169910430908 0.03438499942421913
vt 0.814437985420227 0.03867800161242485
vt 0.28062400221824646 0.39490801095962524
vt 0.40527498722076416 0.03556999936699867
vt 0.7427499890327454 0.621986985206604
vt 0.7163439989089966 0.8435689806938171
vt 0.7218649983406067 0.8466029763221741
vt 0.08517099916934967 0.40730100870132446
vt 0.4054490029811859 0.04125899821519852
vt 0.39857199788093567 0.039145998656749725
vt 0.38485899567604065 0.03918600082397461
vt 0.3797760009765625 0.03706600144505501
vt 0.41501501202583313 0.036249998956918716
vt 0.6345070004463196 0.03347500041127205
vt 0.6321250200271606 0.037748999893665314
vt 0.6417610049247742 0.03487500175833702
vt 0.17555400729179382 0.478859007358551
vt 0.1748110055923462 0.4840179979801178
vt 0.8596739768981934 0.03992399945855141
vt 0.8539770245552063 0.03977400064468384
vt 0.8649740219116211 0.040316998958587646
vt 0.8603309988975525 0.04085100069642067
vt 0.8642200231552124 0.03926999866962433
vt 0.7642959952354431 0.03616999834775925
vt 0.7585409879684448 0.036896999925374985
vt 0.8155369758605957 0.46736499667167664
vt 0.7989040017127991 0.4621939957141876
vt 0.8098390102386475 0.7050399780273438
vt 0.8043509721755981 0.7036880254745483
vt 0.8298839926719666 0.6992220282554626
vt 0.8373029828071594 0.6981310248374939
vt 0.6944800019264221 0.8429920077323914
vt 0.688552975654602 0.8413370251655579
vt 0.2861439883708954 0.3931330144405365
vt 0.30083200335502625 0.3973099887371063
vt 0.2989940047264099 0.393110990524292
vt 0.3070549964904785 0.39557400345802307
vt 0.1710440069437027 0.7338989973068237
vt 0.16459499299526215 0.7353249788284302
vt 0.06582999974489212 0.40476199984550476
vt 0.0795459970831871 0.4040060043334961
vt 0.08461099863052368 0.40164700150489807
vt 0.4652630090713501 0.4801639914512634
vt 0.4602009952068329 0.4799340069293976
vt 0.4711030125617981 0.48080599308013916
vt 0.4556649923324585 0.4802129864692688
vt 0.7202320098876953 0.6166700124740601
vt 0.7246760129928589 0.6149389743804932
vt 0.8655229806900024 0.0455080009996891
vt 0.8609780073165894 0.04616200178861618
vt 0.8033390045166016 0.46500998735427856
vt 0.798147976398468 0.4664109945297241
vt 0.8230839967727661 0.70237797498703
vt 0.830348014831543 0.7034670114517212
vt 0.6969389915466309 0.8383399844169617
vt 0.3699670135974884 0.478071004152298
vt 0.36387500166893005 0.477526992559433
vt 0.37523800134658813 0.4783869981765747
vt 0.35830700397491455 0.47749200463294983
vt 0.353518009185791 0.477867990732193
vt 0.3909499943256378 0.04130199924111366
vt 0.750469982624054 0.4168750047683716
vt 0.7515640258789062 0.41572898626327515
vt 0.7521820068359375 0.422091007232666
vt 0.750469982624054 0.4230189919471741
vt 0.4768039882183075 0.48194101452827454
vt 0.6253560185432434 0.040612999349832535
vt 0.6201159954071045 0.03849399834871292
vt 0.6403759717941284 0.035590000450611115
vt 0.6379920244216919 0.03915400058031082
vt 0.8451520204544067 0.03859199956059456
vt 0.3224070072174072 0.678367018699646
vt 0.3243370056152344 0.6804569959640503
vt 0.32224899530410767 0.6804569959640503
vt 0.6482579708099365 0.03627600148320198
vt 0.7448379993438721 0.03807799890637398
vt 0.7946190237998962 0.41638898849487305
vt 0.7967029809951782 0.41935500502586365
vt 0.7946190237998962 0.41948801279067993
vt 0.7482569813728333 0.6186599731445312
vt 0.8093289732933044 0.4679790139198303
vt 0.8162209987640381 0.7055410146713257
vt 0.627481997013092 0.46074700355529785
vt 0.6301230192184448 0.46275100111961365
vt 0.7105119824409485 0.8404859900474548
vt 0.6430659890174866 0.46382901072502136
vt 0.7969220280647278 0.6557019948959351
vt 0.7990130186080933 0.6527400016784668
vt 0.7990130186080933 0.655830979347229
vt 0.6531339883804321 0.4639210104942322
vt 0.17953899502754211 0.709168016910553
vt 0.17886100709438324 0.7103530168533325
vt 0.17886100709438324 0.7020339965820312
vt 0.6583080291748047 0.46331900358200073
vt 0.1528950035572052 0.7370240092277527
vt 0.8024430274963379 0.4192329943180084
vt 0.8024420142173767 0.41638898849487305
vt 0.8039770126342773 0.4178040027618408
vt 0.29185599088668823 0.3906620144844055
vt 0.30566200613975525 0.39493799209594727
vt 0.30386701226234436 0.3914490044116974
vt 0.04512999951839447 0.39689600467681885
vt 0.04928699880838394 0.39515700936317444
vt 0.1585880070924759 0.7363960146903992
vt 0.07199600338935852 0.40227800607681274
vt 0.4126240015029907 0.0376800000667572
vt 0.3443230092525482 0.566565990447998
vt 0.3443230092525482 0.577256977558136
vt 0.3432050049304962 0.5746179819107056
vt 0.6526709794998169 0.036972999572753906
vt 0.8546339869499207 0.0407009981572628
vt 0.15269799530506134 0.5036939978599548
vt 0.14829500019550323 0.5037310123443604
vt 0.15765300393104553 0.5041360259056091
vt 0.7297160029411316 0.6116570234298706
vt 0.14438700675964355 0.5035439729690552
vt 0.7532539963722229 0.038029998540878296
vt 0.7594500184059143 0.03850400075316429
vt 0.8316810131072998 0.4865419864654541
vt 0.8269150257110596 0.48670798540115356
vt 0.765205979347229 0.037776000797748566
vt 0.8359820246696472 0.6997630000114441
vt 0.8052629828453064 0.05964500084519386
vt 0.7998780012130737 0.06018900126218796
vt 0.8105419874191284 0.05960199981927872
vt 0.6346499919891357 0.46384501457214355
vt 0.6296250224113464 0.4643639922142029
vt 0.7949849963188171 0.060502998530864716
vt 0.37972500920295715 0.47988399863243103
vt 0.7906500101089478 0.06128999963402748
vt 0.6895049810409546 0.8407670259475708
vt 0.1449899971485138 0.737742006778717
vt 0.6483259797096252 0.46412500739097595
vt 0.17232699692249298 0.734853982925415
vt 0.16651900112628937 0.7368050217628479
vt 0.3432050049304962 0.5936840176582336
vt 0.3432050049304962 0.5829960107803345
vt 0.3442780077457428 0.5910130143165588
vt 0.41141098737716675 0.04337200149893761
vt 0.48168298602104187 0.4828470051288605
vt 0.8397169709205627 0.03778199851512909
vt 0.7429839968681335 0.0440250001847744
vt 0.7402809858322144 0.0384100005030632
vt 0.16268600523471832 0.5042639970779419
vt 0.8545889854431152 0.045896001160144806
vt 0.749879002571106 0.043884001672267914
vt 0.6382660269737244 0.46967199444770813
vt 0.6918079853057861 0.8360909819602966
vt 0.26763400435447693 0.37660500407218933
vt 0.2716130018234253 0.37560001015663147
vt 0.6453959941864014 0.4697610139846802
vt 0.05435299873352051 0.39339399337768555
vt 0.17221499979496002 0.7405459880828857
vt 0.1666640043258667 0.7426689863204956
vt 0.8395490050315857 0.039285000413656235
vt 0.8333550095558167 0.03815099969506264
vt 0.8347110152244568 0.03664100170135498
vt 0.6309080123901367 0.04201899841427803
vt 0.646714985370636 0.03699300065636635
vt 0.6434800028800964 0.04055900126695633
vt 0.1673019975423813 0.5043010115623474
vt 0.8470579981803894 0.040442999452352524
vt 0.735139012336731 0.6090480089187622
vt 0.7526739835739136 0.6155869960784912
vt 0.7658299803733826 0.04199599847197533
vt 0.7601919770240784 0.042824000120162964
vt 0.8219220042228699 0.48681700229644775
vt 0.804144024848938 0.4694199860095978
vt 0.8223320245742798 0.7068009972572327
vt 0.814740002155304 0.059502001851797104
vt 0.8357599973678589 0.7041079998016357
vt 0.705053985118866 0.8374630212783813
vt 0.7233610153198242 0.8302800059318542
vt 0.7283080220222473 0.8325030207633972
vt 0.15108299255371094 0.7387800216674805
vt 0.14449599385261536 0.738618016242981
vt 0.2760460078716278 0.37458300590515137
vt 0.17953899502754211 0.7215549945831299
vt 0.17868900299072266 0.7171350121498108
vt 0.17953899502754211 0.7160930037498474
vt 0.6585260033607483 0.46422600746154785
vt 0.6602020263671875 0.46804800629615784
vt 0.6565470099449158 0.4687489867210388
vt 0.6540529727935791 0.4648270010948181
vt 0.2971689999103546 0.388949990272522
vt 0.15886299312114716 0.7378820180892944
vt 0.39735499024391174 0.04341699928045273
vt 0.38168400526046753 0.05341599881649017
vt 0.37729400396347046 0.051295001059770584
vt 0.648589015007019 0.04196399822831154
vt 0.847012996673584 0.04563799872994423
vt 0.8166109919548035 0.4875760078430176
vt 0.8094549775123596 0.7252209782600403
vt 0.8047559857368469 0.7244719862937927
vt 0.1511559933423996 0.7439429759979248
vt 0.14456899464130402 0.7437809705734253
vt 0.6516069769859314 0.46955400705337524
vt 0.05961000174283981 0.3909339904785156
vt 0.07772199809551239 0.3998450040817261
vt 0.8388130068778992 0.04436299949884415
vt 0.8331769704818726 0.044036999344825745
vt 0.17156000435352325 0.5049499869346619
vt 0.7379729747772217 0.043859001249074936
vt 0.7549179792404175 0.04325300082564354
vt 0.6334900259971619 0.46907898783683777
vt 0.6289470195770264 0.46869000792503357
vt 0.280892014503479 0.37284499406814575
vt 0.15963099896907806 0.7429559826850891
vt 0.6367769837379456 0.04413500055670738
vt 0.8657100200653076 0.05013100057840347
vt 0.8610659837722778 0.0506649985909462
vt 0.7399839758872986 0.6058589816093445
vt 0.7989529967308044 0.47082000970840454
vt 0.8295950293540955 0.707889974117279
vt 0.7182139754295349 0.827305018901825
vt 0.6991310119628906 0.8343669772148132
vt 0.3019999861717224 0.3865779936313629
vt 0.4035390019416809 0.045531000941991806
vt 0.38708099722862244 0.0555340014398098
vt 0.6228910088539124 0.06052999943494797
vt 0.6183469891548157 0.059119999408721924
vt 0.8110730051994324 0.48827800154685974
vt 0.8151509761810303 0.7258229851722717
vt 0.2859709858894348 0.37112000584602356
vt 0.0651020035147667 0.3884879946708679
vt 0.08211100101470947 0.3975229859352112
vt 0.6422650218009949 0.04554000124335289
vt 0.30575698614120483 0.3850019872188568
vt 0.3076240122318268 0.3898729979991913
vt 0.8546770215034485 0.05040000006556511
vt 0.7437400221824646 0.6029229760169983
vt 0.7659879922866821 0.04642099887132645
vt 0.7603489756584167 0.04724999889731407
vt 0.8066480159759521 0.48910200595855713
vt 0.820472002029419 0.7264789938926697
vt 0.8350080251693726 0.7085310220718384
vt 0.713441014289856 0.8243910074234009
vt 0.6940000057220459 0.8321179747581482
vt 0.3927929997444153 0.05765099823474884
vt 0.41019201278686523 0.04693099856376648
vt 0.6277509927749634 0.06193799898028374
vt 0.6473720073699951 0.046234000474214554
vt 0.6559709906578064 0.47387999296188354
vt 0.6510459780693054 0.4739820063114166
vt 0.2906099855899811 0.36944499611854553
vt 0.17234399914741516 0.7450950145721436
vt 0.16659100353717804 0.7464309930801392
vt 0.07015199959278107 0.3860909938812256
vt 0.8465089797973633 0.05014500021934509
vt 0.755075991153717 0.04767800122499466
vt 0.6336299777030945 0.47350600361824036
vt 0.6290879845619202 0.473116010427475
vt 0.15197999775409698 0.7484019994735718
vt 0.14456899464130402 0.7482439875602722
vt 0.6329240202903748 0.06334500014781952
vt 0.7439600229263306 0.048548001796007156
vt 0.7388319969177246 0.048280999064445496
vt 0.7468529939651489 0.6001610159873962
vt 0.7564489841461182 0.6126869916915894
vt 0.7500370144844055 0.048308998346328735
vt 0.8026639819145203 0.4899579882621765
vt 0.8261039853096008 0.727088987827301
vt 0.6384069919586182 0.4740990102291107
vt 0.7082030177116394 0.8214030265808105
vt 0.6449519991874695 0.47429001331329346
vt 0.2948080003261566 0.36781901121139526
vt 0.39897701144218445 0.05976499989628792
vt 0.8389989733695984 0.048987001180648804
vt 0.8333989977836609 0.04784899950027466
vt 0.1597599983215332 0.7475050091743469
vt 0.07454200088977814 0.3837690055370331
vt 0.6375589966773987 0.06404100358486176
vt 0.8593829870223999 0.06568899750709534
vt 0.85378497838974 0.06565900146961212
vt 0.76670902967453 0.06563299894332886
vt 0.7618899941444397 0.06655900180339813
vt 0.8306750059127808 0.7278540134429932
vt 0.7039120197296143 0.8192870020866394
vt 0.29815301299095154 0.36696499586105347
vt 0.40408599376678467 0.061170000582933426
vt 0.17066000401973724 0.760325014591217
vt 0.16585999727249146 0.7617449760437012
vt 0.641972005367279 0.06473799794912338
vt 0.8469989895820618 0.0656369999051094
vt 0.7566159963607788 0.06698799878358841
vt 0.6336929798126221 0.4928230047225952
vt 0.6291509866714478 0.49243399500846863
vt 0.15276899933815002 0.7636229991912842
vt 0.14674900472164154 0.7632859945297241
vt 0.6529949903488159 0.49300000071525574
vt 0.648186981678009 0.4932030141353607
vt 0.8401809930801392 0.06459499895572662
vt 0.835174024105072 0.06345400214195251
vt 0.7467849850654602 0.06774800270795822
vt 0.743058979511261 0.06747300177812576
vt 0.7515770196914673 0.06761900335550308
vt 0.6384699940681458 0.4934160113334656
vt 0.6434959769248962 0.4935089945793152
vt 0.159852996468544 0.762814998626709
vt 0.46239298582077026 0.4946869909763336
vt 0.45733100175857544 0.4944559931755066
vt 0.46823298931121826 0.49532899260520935
vt 0.45344001054763794 0.49404799938201904
vt 0.3649899959564209 0.4921489953994751
vt 0.3594219982624054 0.49211400747299194
vt 0.37039899826049805 0.49197301268577576
vt 0.35463300347328186 0.4924899935722351
vt 0.473268985748291 0.49644699692726135
vt 0.7145209908485413 0.6040350198745728
vt 0.7188159823417664 0.6016079783439636
vt 0.37568899989128113 0.49299299716949463
vt 0.04024599865078926 0.38295799493789673
vt 0.044183000922203064 0.3812429904937744
vt 0.7240049839019775 0.5990210175514221
vt 0.7341539859771729 0.8197479844093323
vt 0.7381049990653992 0.821815013885498
vt 0.7321479916572571 0.835273027420044
vt 0.4781480133533478 0.4973529875278473
vt 0.04924900084733963 0.3794800043106079
vt 0.37888801097869873 0.06764599680900574
vt 0.37449899315834045 0.06552399694919586
vt 0.7287660241127014 0.5965499877929688
vt 0.7298920154571533 0.8176329731941223
vt 0.05450600013136864 0.37702101469039917
vt 0.7336120009422302 0.5933610200881958
vt 0.724744975566864 0.814657986164093
vt 0.38374900817871094 0.06976500153541565
vt 0.059101998805999756 0.3746359944343567
vt 0.7371529936790466 0.5904830098152161
vt 0.7198169827461243 0.8117190003395081
vt 0.3894610106945038 0.07188200205564499
vt 0.06415300071239471 0.37223899364471436
vt 0.15205299854278564 0.5209190249443054
vt 0.14765100181102753 0.5209559798240662
vt 0.15700900554656982 0.5213609933853149
vt 0.1444070041179657 0.5207480192184448
vt 0.8313300013542175 0.5037220120429993
vt 0.8272340297698975 0.5039759874343872
vt 0.806801974773407 0.07678999751806259
vt 0.8020809888839722 0.07730499655008316
vt 0.8118360042572021 0.07686199992895126
vt 0.7971879839897156 0.0776199996471405
vt 0.7928529977798462 0.07840699702501297
vt 0.1617950052022934 0.5216010212898254
vt 0.8626779913902283 0.07900399714708328
vt 0.858922004699707 0.07989399880170822
vt 0.8639289736747742 0.06503500044345856
vt 0.8222410082817078 0.5040850043296814
vt 0.8160330057144165 0.07676199823617935
vt 0.7154189944267273 0.8088650107383728
vt 0.264151006937027 0.35972899198532104
vt 0.26745501160621643 0.3587610125541687
vt 0.39479199051856995 0.0732870027422905
vt 0.16641099750995636 0.5216379761695862
vt 0.8169299960136414 0.5048440098762512
vt 0.809033989906311 0.7425330281257629
vt 0.8043349981307983 0.7417839765548706
vt 0.27188798785209656 0.3577440083026886
vt 0.06813099980354309 0.37063899636268616
vt 0.17066900432109833 0.5222870111465454
vt 0.27673399448394775 0.356005996465683
vt 0.8533229827880859 0.079865001142025
vt 0.8113920092582703 0.505545973777771
vt 0.8147299885749817 0.7431349754333496
vt 0.7111279964447021 0.8067479729652405
vt 0.39990100264549255 0.07469300180673599
vt 0.6197879910469055 0.07689499855041504
vt 0.6159390211105347 0.07619400322437286
vt 0.2811799943447113 0.3550280034542084
vt 0.17016500234603882 0.774590015411377
vt 0.16536499559879303 0.7760099768638611
vt 0.8472300171852112 0.0799579992890358
vt 0.8069660067558289 0.5063700079917908
vt 0.8200510144233704 0.7437909841537476
vt 0.15296900272369385 0.7777979969978333
vt 0.1476449966430664 0.7773720026016235
vt 0.8411030173301697 0.0790330022573471
vt 0.8360959887504578 0.07789099961519241
vt 0.6254969835281372 0.07829999923706055
vt 0.2862739861011505 0.3533410131931305
vt 0.15935799479484558 0.7770799994468689
vt 0.459289014339447 0.5100110173225403
vt 0.4542270004749298 0.5097799897193909
vt 0.464464008808136 0.5106359720230103
vt 0.4503360092639923 0.5093719959259033
vt 0.7080649733543396 0.5900890231132507
vt 0.7123590111732483 0.5876619815826416
vt 0.8036530017852783 0.5073149800300598
vt 0.8249959945678711 0.7445020079612732
vt 0.3712809979915619 0.5073959827423096
vt 0.36587199568748474 0.5075730085372925
vt 0.37657099962234497 0.5084159970283508
vt 0.36030399799346924 0.5075370073318481
vt 0.35617899894714355 0.5079299807548523
vt 0.4701460003852844 0.5110660195350647
vt 0.6298199892044067 0.0797090008854866
vt 0.2900170087814331 0.3517270088195801
vt 0.034425001591444016 0.36837199330329895
vt 0.03862399980425835 0.3673419952392578
vt 0.7168869972229004 0.5852130055427551
vt 0.7676889896392822 0.08302900195121765
vt 0.7628819942474365 0.0832509994506836
vt 0.8294640183448792 0.7445639967918396
vt 0.380156010389328 0.49378499388694763
vt 0.3807849884033203 0.509306013584137
vt 0.4743790030479431 0.512660026550293
vt 0.6346129775047302 0.08040499687194824
vt 0.2931419909000397 0.35089701414108276
vt 0.0434270016849041 0.36489400267601013
vt 0.638867974281311 0.08110199868679047
vt 0.7223089933395386 0.5826039910316467
vt 0.7584260106086731 0.08377599716186523
vt 0.6326339840888977 0.5096240043640137
vt 0.6286759972572327 0.5091320276260376
vt 0.736801028251648 0.8036050200462341
vt 0.7417479753494263 0.8058289885520935
vt 0.6511179804801941 0.5097000002861023
vt 0.6470109820365906 0.5099030137062073
vt 0.37540099024772644 0.08258800208568573
vt 0.37101098895072937 0.08046700060367584
vt 0.7485960125923157 0.08453600108623505
vt 0.7447530031204224 0.08416099846363068
vt 0.7533869743347168 0.08440700173377991
vt 0.6374109983444214 0.510217010974884
vt 0.6424369812011719 0.5103089809417725
vt 0.04868499934673309 0.3624350130558014
vt 0.7264940142631531 0.5795530080795288
vt 0.7323390245437622 0.8007389903068542
vt 0.38010498881340027 0.08470900356769562
vt 0.05350099876523018 0.36002400517463684
vt 0.7306960225105286 0.576537013053894
vt 0.7267259955406189 0.7976920008659363
vt 0.3859739899635315 0.08682399988174438
vt 0.05833100154995918 0.3576529920101166
vt 0.862542986869812 0.094589002430439
vt 0.858788013458252 0.09547899663448334
vt 0.7223280072212219 0.7948369979858398
vt 0.39130398631095886 0.08822999894618988
vt 0.06230900064110756 0.3560520112514496
vt 0.8531889915466309 0.09544900059700012
vt 0.718038022518158 0.7927209734916687
vt 0.39641401171684265 0.08963599801063538
vt 0.15132099390029907 0.5462020039558411
vt 0.14691899716854095 0.5462380051612854
vt 0.1556130051612854 0.5466650128364563
vt 0.8351240158081055 0.5292729735374451
vt 0.8317869901657104 0.5289099812507629
vt 0.8346670269966125 0.5040850043296814
vt 0.8279119729995728 0.5291799902915955
vt 0.8090069890022278 0.10196500271558762
vt 0.804286003112793 0.10248000174760818
vt 0.8133770227432251 0.10206499695777893
vt 0.7993929982185364 0.10279499739408493
vt 0.7957220077514648 0.10355299711227417
vt 0.16968700289726257 0.7901690006256104
vt 0.16488699615001678 0.7915890216827393
vt 0.8473269939422607 0.09497100114822388
vt 0.16039800643920898 0.5469040274620056
vt 0.8229179978370667 0.5292900204658508
vt 0.8175740242004395 0.10196500271558762
vt 0.25795501470565796 0.33518099784851074
vt 0.261258989572525 0.334212988615036
vt 0.15324300527572632 0.7926740050315857
vt 0.1478630006313324 0.7928619980812073
vt 0.8410670161247253 0.09473700076341629
vt 0.836654007434845 0.09359200298786163
vt 0.16476699709892273 0.5470529794692993
vt 0.8176079988479614 0.5300480127334595
vt 0.8083750009536743 0.7677860260009766
vt 0.8036770224571228 0.7670369744300842
vt 0.2650179862976074 0.3332329988479614
vt 0.1597049981355667 0.7926560044288635
vt 0.1690250039100647 0.5477020144462585
vt 0.2698639929294586 0.3314949870109558
vt 0.8128290176391602 0.5301340222358704
vt 0.8132820129394531 0.7677850127220154
vt 0.6161730289459229 0.10179399698972702
vt 0.6116309762001038 0.10109599679708481
vt 0.4550530016422272 0.5269219875335693
vt 0.44999098777770996 0.5266910195350647
vt 0.46089300513267517 0.5275639891624451
vt 0.4461190104484558 0.5269870162010193
vt 0.70005202293396 0.574275016784668
vt 0.7044960260391235 0.5725439786911011
vt 0.37237998843193054 0.5251439809799194
vt 0.36695098876953125 0.524616003036499
vt 0.3776499927043915 0.5254600048065186
vt 0.36138299107551575 0.5245810151100159
vt 0.3565939962863922 0.524957001209259
vt 0.2749849855899811 0.3304789960384369
vt 0.4659300148487091 0.5286819934844971
vt 0.6210319995880127 0.10320200026035309
vt 0.8083140254020691 0.5316630005836487
vt 0.8187059760093689 0.7691450119018555
vt 0.27962398529052734 0.32880398631095886
vt 0.027388999238610268 0.35241299867630005
vt 0.03132599964737892 0.3506990075111389
vt 0.47082799673080444 0.5302919745445251
vt 0.7096850275993347 0.5699570178985596
vt 0.38211700320243835 0.5262519717216492
vt 0.03634899854660034 0.34822601079940796
vt 0.6255120038986206 0.10461100190877914
vt 0.7722949981689453 0.10755299776792526
vt 0.7687739729881287 0.1076660007238388
vt 0.7712230086326599 0.08221200108528137
vt 0.8235489726066589 0.7691519856452942
vt 0.28314700722694397 0.3272149860858917
vt 0.7142969965934753 0.566789984703064
vt 0.7455689907073975 0.7877119779586792
vt 0.7497199773788452 0.7905300259590149
vt 0.37037399411201477 0.09895800054073334
vt 0.3659859895706177 0.0975480005145073
vt 0.6303039789199829 0.10530699789524078
vt 0.7646549940109253 0.10858699679374695
vt 0.8279640078544617 0.7699400186538696
vt 0.6546400189399719 0.5096009969711304
vt 0.6528099775314331 0.5349509716033936
vt 0.6492869853973389 0.5350499749183655
vt 0.041648998856544495 0.3464759886264801
vt 0.6344029903411865 0.106004998087883
vt 0.7191420197486877 0.563601016998291
vt 0.760200023651123 0.10911300033330917
vt 0.631505012512207 0.5349730253219604
vt 0.627547025680542 0.5344799757003784
vt 0.7404220104217529 0.7847369909286499
vt 0.6458820104598999 0.5352510213851929
vt 0.7503820061683655 0.10916899889707565
vt 0.7465260028839111 0.10949700325727463
vt 0.7551739811897278 0.10903999954462051
vt 0.6362969875335693 0.5348619818687439
vt 0.6413229703903198 0.5349540114402771
vt 0.37592801451683044 0.10107599943876266
vt 0.04692000150680542 0.3440549969673157
vt 0.7226840257644653 0.5607230067253113
vt 0.7354940176010132 0.7817980051040649
vt 0.3809469938278198 0.10319399833679199
vt 0.05129599943757057 0.34169501066207886
vt 0.8628969788551331 0.11260300129652023
vt 0.85835200548172 0.11325699836015701
vt 0.7302550077438354 0.778810977935791
vt 0.38643699884414673 0.10531000047922134
vt 0.055011000484228134 0.3394089937210083
vt 0.8527539968490601 0.1132270023226738
vt 0.7259650230407715 0.7766950130462646
vt 0.39154601097106934 0.10671599954366684
vt 0.16968600451946259 0.8080210089683533
vt 0.1648859977722168 0.8094409704208374
vt 0.8468909859657288 0.11274900287389755
vt 0.15380899608135223 0.8103510141372681
vt 0.1484290063381195 0.8105379939079285
vt 0.8413230180740356 0.11263100057840347
vt 0.837007999420166 0.11160600185394287
vt 0.15957500040531158 0.8104220032691956
vt 0.4503690004348755 0.5461400151252747
vt 0.44530799984931946 0.5459100008010864
vt 0.4562090039253235 0.5467820167541504
vt 0.4414159953594208 0.5455009937286377
vt 0.3675819933414459 0.5439680218696594
vt 0.3620139956474304 0.5439320206642151
vt 0.37299099564552307 0.5437909960746765
vt 0.3572250008583069 0.5443090200424194
vt 0.4621630012989044 0.5478190183639526
vt 0.6905670166015625 0.5580419898033142
vt 0.6955230236053467 0.5554770231246948
vt 0.3785339891910553 0.5447139739990234
vt 0.01865600049495697 0.3344239890575409
vt 0.02348800003528595 0.33264800906181335
vt 0.7007129788398743 0.5528900027275085
vt 0.7593950033187866 0.7733399868011475
vt 0.7633460164070129 0.775406002998352
vt 0.7536709904670715 0.7925959825515747
vt 0.4670419991016388 0.5487260222434998
vt 0.028553999960422516 0.33088499307632446
vt 0.7063490152359009 0.5502229928970337
vt 0.7546030282974243 0.7711399793624878
vt 0.365352988243103 0.11746200174093246
vt 0.3602699935436249 0.11534199863672256
vt 0.03448599949479103 0.3283889889717102
vt 0.14994500577449799 0.5608429908752441
vt 0.14548400044441223 0.5601770281791687
vt 0.15484200417995453 0.5605819821357727
vt 0.8363369703292847 0.5430859923362732
vt 0.8329110145568848 0.5434290170669556
vt 0.7116420269012451 0.5469539761543274
vt 0.8283669948577881 0.5436109900474548
vt 0.8104490041732788 0.11650600284337997
vt 0.8056610226631165 0.11631999909877777
vt 0.8150650262832642 0.11649200320243835
vt 0.7486159801483154 0.7680330276489258
vt 0.8008350133895874 0.11733599752187729
vt 0.7964339852333069 0.11742100119590759
vt 0.37074801325798035 0.11886800080537796
vt 0.15968699753284454 0.561523973941803
vt 0.823373019695282 0.543720006942749
vt 0.8192629814147949 0.11639200150966644
vt 0.2535549998283386 0.3219029903411865
vt 0.25681599974632263 0.3202250003814697
vt 0.04002000018954277 0.32665300369262695
vt 0.16496700048446655 0.5615400075912476
vt 0.8180620074272156 0.5444790124893188
vt 0.8073850274085999 0.7823070287704468
vt 0.8026859760284424 0.7815579771995544
vt 0.2614699900150299 0.31918400526046753
vt 0.1685599982738495 0.5622100234031677
vt 0.7160590291023254 0.5438809990882874
vt 0.7431579828262329 0.7650099992752075
vt 0.26609501242637634 0.3174700140953064
vt 0.3764599859714508 0.1209850013256073
vt 0.8125240206718445 0.5451809763908386
vt 0.8130810260772705 0.7829089760780334
vt 0.04507099837064743 0.3242560029029846
vt 0.61360102891922 0.11673499643802643
vt 0.6090570092201233 0.11532499641180038
vt 0.8080989718437195 0.5460050106048584
vt 0.8184019923210144 0.7835649847984314
vt 0.27117499709129333 0.3157449960708618
vt 0.6184599995613098 0.1181429997086525
vt 0.863614022731781 0.13118399679660797
vt 0.8585100173950195 0.13103100657463074
vt 0.7376530170440674 0.7627009749412537
vt 0.2758130133152008 0.3140699863433838
vt 0.3826409876346588 0.12238799780607224
vt 0.04950200021266937 0.3226439952850342
vt 0.62363201379776 0.11883900314569473
vt 0.7737929821014404 0.12192600220441818
vt 0.7702580094337463 0.12274300307035446
vt 0.8233479857444763 0.784276008605957
vt 0.2800540030002594 0.313154011964798
vt 0.8528130054473877 0.13088199496269226
vt 0.7654510140419006 0.1229650005698204
vt 0.8278149962425232 0.7843379974365234
vt 0.7326779961585999 0.7604759931564331
vt 0.3884440064430237 0.12379100173711777
vt 0.6282690167427063 0.1202469989657402
vt 0.2833560109138489 0.3115899860858917
vt 0.28627198934555054 0.3263860046863556
vt 0.1708189994096756 0.8255220055580139
vt 0.16588999330997467 0.8268550038337708
vt 0.6325250267982483 0.12094400078058243
vt 0.8468170166015625 0.1310950070619583
vt 0.7608789801597595 0.12338899821043015
vt 0.6307269930839539 0.5492540001869202
vt 0.6268849968910217 0.5488629937171936
vt 0.1534940004348755 0.8286449909210205
vt 0.1480409950017929 0.8281319737434387
vt 0.6493110060691833 0.5501360297203064
vt 0.645205020904541 0.5503379702568054
vt 0.8406909704208374 0.13016900420188904
vt 0.8356840014457703 0.12902800738811493
vt 0.751164972782135 0.12425000220537186
vt 0.7473099827766418 0.12457799911499023
vt 0.755840003490448 0.12402000278234482
vt 0.6355029940605164 0.5498470067977905
vt 0.6406459808349609 0.5500410199165344
vt 0.15988300740718842 0.827925980091095
vt 0.4446919858455658 0.5757060050964355
vt 0.438713014125824 0.5755559802055359
vt 0.45119601488113403 0.5763649940490723
vt 0.43374601006507874 0.575016975402832
vt 0.676181972026825 0.5318959951400757
vt 0.6821619868278503 0.5298309922218323
vt 0.1484919935464859 0.5757970213890076
vt 0.14342600107192993 0.575855016708374
vt 0.839381992816925 0.5585759878158569
vt 0.8351539969444275 0.5581079721450806
vt 0.8120650053024292 0.13124699890613556
vt 0.8064339756965637 0.13190500438213348
vt 0.8008769750595093 0.13224799931049347
vt 0.3746210038661957 0.5735390186309814
vt 0.3676300048828125 0.5737800002098083
vt 0.38106200098991394 0.5736770033836365
vt 0.3616519868373871 0.5736309885978699
vt 0.3561980128288269 0.5739910006523132
vt 0.45779600739479065 0.5767139792442322
vt 0.15411199629306793 0.5762180089950562
vt 0.15980899333953857 0.576324999332428
vt 0.8303880095481873 0.55827397108078
vt 0.8173440098762512 0.1312050074338913
vt 0.7958790063858032 0.13306400179862976
vt 0.24726499617099762 0.3072899878025055
vt 0.25146400928497314 0.30625998973846436
vt 0.006175999995321035 0.30665600299835205
vt 0.011269999668002129 0.3055649995803833
vt 0.6891869902610779 0.5283010005950928
vt 0.8246359825134277 0.5590000152587891
vt 0.8218550086021423 0.13169099390506744
vt 0.3830009996891022 0.5455060005187988
vt 0.38666099309921265 0.5728830099105835
vt 0.4640580117702484 0.5759360194206238
vt 0.16514800488948822 0.5770429968833923
vt 0.8177639842033386 0.559565007686615
vt 0.8060309886932373 0.7976009845733643
vt 0.8001149892807007 0.797029972076416
vt 0.256074994802475 0.3045090138912201
vt 0.018665000796318054 0.30508700013160706
vt 0.6046259999275208 0.1302729994058609
vt 0.6003959774971008 0.12886199355125427
vt 0.6053630113601685 0.11391299962997437
vt 0.696183979511261 0.5340920090675354
vt 0.6577860116958618 0.7727320194244385
vt 0.660165011882782 0.7915909886360168
vt 0.6577860116958618 0.7994329929351807
vt 0.7731239795684814 0.7488700151443481
vt 0.2615959942340851 0.30273500084877014
vt 0.3605490028858185 0.13454300165176392
vt 0.352183997631073 0.14167800545692444
vt 0.8115559816360474 0.5601789951324463
vt 0.8124129772186279 0.7981020212173462
vt 0.02874399907886982 0.31161099672317505
vt 0.6097069978713989 0.13168199360370636
vt 0.7061259746551514 0.5342249870300293
vt 0.7557690143585205 0.7554829716682434
vt 0.7666879892349243 0.7550510168075562
vt 0.26756998896598816 0.30094900727272034
vt 0.8064600229263306 0.5609149932861328
vt 0.8184210062026978 0.798658013343811
vt 0.3680169880390167 0.1330990046262741
vt 0.6159530282020569 0.13308599591255188
vt 0.27355900406837463 0.29919999837875366
vt 0.03647200018167496 0.3126029968261719
vt 0.713953971862793 0.5341119766235352
vt 0.7772639989852905 0.1368899941444397
vt 0.7726759910583496 0.13740700483322144
vt 0.8255810141563416 0.7990429997444153
vt 0.745864987373352 0.7553579807281494
vt 0.3758009970188141 0.13236500322818756
vt 0.6218199729919434 0.1344899982213974
vt 0.2784320116043091 0.29753801226615906
vt 0.043717000633478165 0.312936007976532
vt 0.6273080110549927 0.1358949989080429
vt 0.7670379877090454 0.13823600113391876
vt 0.8309929966926575 0.799685001373291
vt 0.2821890115737915 0.29596200585365295
vt 0.8639209866523743 0.1413310021162033
vt 0.8591189980506897 0.13898399472236633
vt 0.7609450221061707 0.1385670006275177
vt 0.6293320059776306 0.5644339919090271
vt 0.6242049932479858 0.5641480088233948
vt 0.7393410205841064 0.7550470232963562
vt 0.3835200071334839 0.13163000345230103
vt 0.632951021194458 0.13658800721168518
vt 0.755204975605011 0.13920199871063232
vt 0.6348099708557129 0.5650259852409363
vt 0.650488018989563 0.5657190084457397
vt 0.6461480259895325 0.5657179951667786
vt 0.04940500110387802 0.31340500712394714
vt 0.7499470114707947 0.1395380049943924
vt 0.745507001876831 0.13997100293636322
vt 0.8528630137443542 0.13802699744701385
vt 0.7340989708900452 0.7534999847412109
vt 0.6407709717750549 0.5653200149536133
vt 0.38947299122810364 0.13089899718761444
vt 0.1709430068731308 0.8346279859542847
vt 0.16509999334812164 0.8339509963989258
vt 0.846343994140625 0.13662199676036835
vt 0.15325400233268738 0.8342499732971191
vt 0.14737999439239502 0.8353130221366882
vt 0.8407769799232483 0.13650299608707428
vt 0.8356369733810425 0.13605299592018127
vt 0.15902000665664673 0.8343210220336914
vt 0.14806899428367615 0.5920230150222778
vt 0.14300300180912018 0.5920810103416443
vt 0.1543540060520172 0.5924230217933655
vt 0.8421099781990051 0.5747150182723999
vt 0.8376610279083252 0.5742310285568237
vt 0.8322250247001648 0.5743079781532288
vt 0.8124859929084778 0.14744800329208374
vt 0.8061919808387756 0.1481350064277649
vt 0.818011999130249 0.14729100465774536
vt 0.8006349802017212 0.14847800135612488
vt 0.7949720025062561 0.1493220031261444
vt 0.16005100309848785 0.5925300121307373
vt 0.8255810141563416 0.5749289989471436
vt 0.8234320282936096 0.14763499796390533
vt 0.24182799458503723 0.2919059991836548
vt 0.24602800607681274 0.29087600111961365
vt 0.16630099713802338 0.5931140184402466
vt 0.25153398513793945 0.2890639901161194
vt 0.818930983543396 0.5755109786987305
vt 0.8047170042991638 0.8136069774627686
vt 0.7986459732055664 0.8130589723587036
vt 0.6001970171928406 0.14593200385570526
vt 0.5959669947624207 0.14451999962329865
vt 0.8589730262756348 0.14588899910449982
vt 0.8529840111732483 0.14354999363422394
vt 0.8643329739570618 0.149044007062912
vt 0.7393929958343506 0.747855007648468
vt 0.7461829781532288 0.7474870085716248
vt 0.7339289784431458 0.747713029384613
vt 0.25705400109291077 0.28728899359703064
vt 0.846464991569519 0.14214499294757843
vt 0.8402050137519836 0.14191000163555145
vt 0.7069650292396545 0.5252950191497803
vt 0.7142800092697144 0.5260149836540222
vt 0.8118320107460022 0.5760200023651123
vt 0.8116300106048584 0.8140299916267395
vt 0.7555130124092102 0.7468019723892212
vt 0.1521890014410019 0.8398579955101013
vt 0.14631499350070953 0.8409209847450256
vt 0.15865099430084229 0.839838981628418
vt 0.8341079950332642 0.14272600412368774
vt 0.3908819854259491 0.13800600171089172
vt 0.3849309980869293 0.13944800198078156
vt 0.605974018573761 0.148049995303154
vt 0.16557200253009796 0.8407800197601318
vt 0.2636609971523285 0.28475698828697205
vt 0.17148800194263458 0.8421580195426941
vt 0.37721601128578186 0.14160600304603577
vt 0.6980469822883606 0.5234959721565247
vt 0.806198000907898 0.5773879885673523
vt 0.8185819983482361 0.8151659965515137
vt 0.76528400182724 0.7447479963302612
vt 0.04451499879360199 0.30363601446151733
vt 0.05028799921274185 0.305525004863739
vt 0.36927899718284607 0.14376300573349
vt 0.6122199892997742 0.14945299923419952
vt 0.2696489989757538 0.28300899267196655
vt 0.037404999136924744 0.3018589913845062
vt 0.3611220121383667 0.14663100242614746
vt 0.8010960221290588 0.5780839920043945
vt 0.8013579845428467 0.5616099834442139
vt 0.8257420063018799 0.8155519962310791
vt 0.02891799993813038 0.2994830012321472
vt 0.6187809705734253 0.15085600316524506
vt 0.6894479990005493 0.5209569931030273
vt 0.7731750011444092 0.7416769862174988
vt 0.27519699931144714 0.28130999207496643
vt 0.35082000494003296 0.14950400590896606
vt 0.7734339833259583 0.1538960039615631
vt 0.7677950263023376 0.15472500026226044
vt 0.8311539888381958 0.8161929845809937
vt 0.01684900000691414 0.29735299944877625
vt 0.6249619722366333 0.1522590070962906
vt 0.2796289920806885 0.2796980142593384
vt 0.8522170186042786 0.148717001080513
vt 0.845005989074707 0.1471959948539734
vt 0.8387460112571716 0.1469610035419464
vt 0.8587989807128906 0.15105299651622772
vt 0.7617030143737793 0.15505599975585938
vt 0.6286240220069885 0.5809289813041687
vt 0.6234970092773438 0.5806419849395752
vt 0.15225699543952942 0.8451150059700012
vt 0.145687997341156 0.8462669849395752
vt 0.7322329878807068 0.7416840195655823
vt 0.7371670007705688 0.7417420148849487
vt 0.158719003200531 0.8450959920883179
vt 0.630761981010437 0.15295100212097168
vt 0.8326489925384521 0.1477770060300827
vt 0.7552610039710999 0.15569500625133514
vt 0.7165259718894958 0.5182570219039917
vt 0.7209159731864929 0.5203400254249573
vt 0.7183719873428345 0.5267069935798645
vt 0.7441790103912354 0.73996901512146
vt 0.6348029971122742 0.5815190076828003
vt 0.1656399965286255 0.846036970615387
vt 0.6518840193748474 0.5822100043296814
vt 0.6468420028686523 0.5822100043296814
vt 0.7491840124130249 0.15593400597572327
vt 0.7448620200157166 0.156468003988266
vt 0.6413480043411255 0.5817109942436218
vt 0.39367300271987915 0.14368799328804016
vt 0.38756901025772095 0.14655299484729767
vt 0.7095739841461182 0.5160089731216431
vt 0.7530459761619568 0.7377709746360779
vt 0.17239800095558167 0.8487259745597839
vt 0.38054999709129333 0.14941899478435516
vt 0.047642000019550323 0.29562199115753174
vt 0.05278300121426582 0.2982560098171234
vt 0.44326698780059814 0.5852339863777161
vt 0.43754199147224426 0.5849869847297668
vt 0.4500049948692322 0.5850909948348999
vt 0.432574987411499 0.584447979927063
vt 0.6724740266799927 0.5232139825820923
vt 0.679265022277832 0.5217069983482361
vt 0.7011690139770508 0.5133770108222961
vt 0.7622439861297607 0.734906017780304
vt 0.37477898597717285 0.5830029845237732
vt 0.3677879869937897 0.5832440257072449
vt 0.3814530074596405 0.5823389887809753
vt 0.3615559935569763 0.583191990852356
vt 0.35633599758148193 0.5827500224113464
vt 0.4575220048427582 0.5853599905967712
vt 0.7813699841499329 0.741536021232605
vt 0.7785120010375977 0.7497239708900452
vt 0.003421999979764223 0.2982729971408844
vt 0.009411999955773354 0.29712098836898804
vt 0.3726170063018799 0.15299899876117706
vt 0.4637660086154938 0.5838770270347595
vt 0.8748810291290283 0.6484929919242859
vt 0.8820769786834717 0.647599995136261
vt 0.8824669718742371 0.652301013469696
vt 0.8752179741859436 0.6539009809494019
vt 0.889119029045105 0.6487680077552795
vt 0.8887990117073059 0.6534169912338257
vt 0.8682399988174438 0.6514430046081543
vt 0.8685759902000427 0.6569089889526367
vt 0.5309860110282898 0.7624830007553101
vt 0.5312520265579224 0.7577800154685974
vt 0.5384619832038879 0.7585489749908447
vt 0.5382599830627441 0.7639579772949219
vt 0.5451380014419556 0.7613840103149414
vt 0.5449450016021729 0.766851007938385
vt 0.5242249965667725 0.7590709924697876
vt 0.5246670246124268 0.7637100219726562
vt 0.04044799879193306 0.2924250066280365
vt 0.8952959775924683 0.6518880128860474
vt 0.8949750065803528 0.6565960049629211
vt 0.14873699843883514 0.6053990125656128
vt 0.14325399696826935 0.6053659915924072
vt 0.15526899695396423 0.6056870222091675
vt 0.138264000415802 0.6051099896430969
vt 0.13867799937725067 0.591804027557373
vt 0.7200300097465515 0.510977029800415
vt 0.7245680093765259 0.5137550234794617
vt 0.8400760293006897 0.5874599814414978
vt 0.8346400260925293 0.5875359773635864
vt 0.8122209906578064 0.16075800359249115
vt 0.8052629828453064 0.16147400438785553
vt 0.8177469968795776 0.16060100495815277
vt 0.7334160208702087 0.7353879809379578
vt 0.740539014339447 0.7329130172729492
vt 0.7987959980964661 0.16196000576019287
vt 0.793379008769989 0.1626890003681183
vt 0.16545100510120392 0.8511220216751099
vt 0.15845799446105957 0.8494809865951538
vt 0.16168899834156036 0.606473982334137
vt 0.8273259997367859 0.5880690217018127
vt 0.8234130144119263 0.16083000600337982
vt 0.23745599389076233 0.2793000042438507
vt 0.24183300137519836 0.277536004781723
vt 0.364998996257782 0.156577005982399
vt 0.39785200357437134 0.14936399459838867
vt 0.3924410045146942 0.1522269994020462
vt 0.1681870073080063 0.6069470047950745
vt 0.6934459805488586 0.5106430053710938
vt 0.7696049809455872 0.7317519783973694
vt 0.24801500141620636 0.27568599581718445
vt 0.17207999527454376 0.8537240028381348
vt 0.03281300142407417 0.28927698731422424
vt 0.8197849988937378 0.5885459780693054
vt 0.8036749958992004 0.8266969919204712
vt 0.7970730066299438 0.8262270092964172
vt 0.17360299825668335 0.6073510050773621
vt 0.17080600559711456 0.5936520099639893
vt 0.7142519950866699 0.5077580213546753
vt 0.7481480240821838 0.729794979095459
vt 0.25442999601364136 0.2738510072231293
vt 0.8128179907798767 0.5897769927978516
vt 0.8108469843864441 0.827800989151001
vt 0.35715198516845703 0.1580210030078888
vt 0.35138198733329773 0.1580359935760498
vt 0.38542601466178894 0.15651699900627136
vt 0.6033049821853638 0.1615699976682663
vt 0.5968350172042847 0.15945500135421753
vt 0.8754100203514099 0.6409590244293213
vt 0.8826050162315369 0.6401230096817017
vt 0.8896470069885254 0.6412919759750366
vt 0.8681129813194275 0.6430919766426086
vt 0.530555009841919 0.7503169775009155
vt 0.5377560257911682 0.7510290145874023
vt 0.5450680255889893 0.7530360221862793
vt 0.523527979850769 0.7516080141067505
vt 0.2617120146751404 0.27128100395202637
vt 0.051940999925136566 0.28826799988746643
vt 0.05716700106859207 0.2923220098018646
vt 0.01723499968647957 0.2887740135192871
vt 0.023969000205397606 0.2883709967136383
vt 0.895825982093811 0.644353985786438
vt 0.8062930107116699 0.5910410284996033
vt 0.8183299899101257 0.8288589715957642
vt 0.5173760056495667 0.7547799944877625
vt 0.51808100938797 0.7623000144958496
vt 0.7268409729003906 0.5030069947242737
vt 0.7307189702987671 0.5059229731559753
vt 0.6776900291442871 0.5133060216903687
vt 0.6844180226325989 0.5082190036773682
vt 0.7771850228309631 0.7286319732666016
vt 0.7828590273857117 0.733132004737854
vt 0.7270359992980957 0.7278980016708374
vt 0.7334740161895752 0.7253149747848511
vt 0.6102449893951416 0.16297200322151184
vt 0.7072359919548035 0.5040969848632812
vt 0.7562419772148132 0.7260349988937378
vt 0.2683750092983246 0.26949700713157654
vt 0.378726989030838 0.1615149974822998
vt 0.4649159908294678 0.5922470092773438
vt 0.4577549993991852 0.5938100218772888
vt 0.404803991317749 0.15503300726413727
vt 0.39939600229263306 0.15860800445079803
vt 0.45025700330734253 0.594245970249176
vt 0.4435189962387085 0.594389021396637
vt 0.4377939999103546 0.5941420197486877
vt 0.4328269958496094 0.5936030149459839
vt 0.6705359816551208 0.5141760110855103
vt 0.8014119863510132 0.5917530059814453
vt 0.8256450295448303 0.8292220234870911
vt 0.38234999775886536 0.5908070206642151
vt 0.3750309944152832 0.5921589732170105
vt 0.3680399954319 0.592399001121521
vt 0.36180800199508667 0.5923470258712769
vt 0.3565880060195923 0.5919049978256226
vt 0.0028699999675154686 0.2890459895133972
vt 0.00890200026333332 0.2886030077934265
vt 0.5120499730110168 0.759240984916687
vt 0.5127649903297424 0.7668190002441406
vt 0.04623199999332428 0.28355398774147034
vt 0.6175010204315186 0.16508400440216064
vt 0.2745549976825714 0.2670519948005676
vt 0.7735409736633301 0.16757400333881378
vt 0.7676680088043213 0.16820000112056732
vt 0.8324300050735474 0.829662024974823
vt 0.6245329976081848 0.16648399829864502
vt 0.883342981338501 0.6297609806060791
vt 0.8903840184211731 0.6309300065040588
vt 0.8754900097846985 0.6298379898071289
vt 0.7215759754180908 0.49895501136779785
vt 0.7405089735984802 0.7213860154151917
vt 0.5295940041542053 0.7399740219116211
vt 0.5374400019645691 0.7399150133132935
vt 0.5225669741630554 0.7412649989128113
vt 0.2794409990310669 0.26542800664901733
vt 0.39307600259780884 0.16360600292682648
vt 0.8965629935264587 0.6339920163154602
vt 0.8689029812812805 0.6319649815559387
vt 0.7608619928359985 0.16923899948596954
vt 0.629131019115448 0.5951060056686401
vt 0.6233180165290833 0.5941169857978821
vt 0.544035017490387 0.7419289946556091
vt 0.516414999961853 0.7444360256195068
vt 0.05894000083208084 0.2807689905166626
vt 0.06353399902582169 0.2855690121650696
vt 0.37127000093460083 0.16651399433612823
vt 0.6304910182952881 0.1671759933233261
vt 0.754302978515625 0.16977599263191223
vt 0.699213981628418 0.49997198581695557
vt 0.763824999332428 0.7214760184288025
vt 0.6351929903030396 0.5955939888954163
vt 0.6536759734153748 0.5962820053100586
vt 0.6479330062866211 0.5962839722633362
vt 0.03829199820756912 0.279011994600296
vt 0.6352159976959229 0.16715900599956512
vt 0.6353309750556946 0.15293599665164948
vt 0.74822598695755 0.17001500725746155
vt 0.6417379975318909 0.5957859754562378
vt 0.8629220128059387 0.6354979872703552
vt 0.8627889752388 0.647383987903595
vt 0.7177609801292419 0.7199500203132629
vt 0.7236689925193787 0.7172819972038269
vt 0.41453099250793457 0.16069400310516357
vt 0.4091239869594574 0.1649789959192276
vt 0.14848800003528595 0.6352239847183228
vt 0.14228099584579468 0.6345109939575195
vt 0.1556839942932129 0.6354910135269165
vt 0.13753899931907654 0.6341429948806763
vt 0.8468700051307678 0.6163150072097778
vt 0.8396509885787964 0.6161820292472839
vt 0.8104910254478455 0.1898539960384369
vt 0.8032860159873962 0.1906840056180954
vt 0.8178359866142273 0.189410999417305
vt 0.796222984790802 0.19189999997615814
vt 0.7901430130004883 0.19265800714492798
vt 0.5110809803009033 0.7488399744033813
vt 0.16368000209331512 0.6361240148544312
vt 0.8315349817276001 0.6159049868583679
vt 0.715071976184845 0.4944609999656677
vt 0.7480289936065674 0.7168149948120117
vt 0.8243449926376343 0.1887959986925125
vt 0.2256229966878891 0.2514190077781677
vt 0.23111599683761597 0.24956899881362915
vt 0.36535799503326416 0.1715089976787567
vt 0.38707101345062256 0.16860200464725494
vt 0.05390600115060806 0.2760179936885834
vt 0.031481001526117325 0.2744219899177551
vt 0.17114800214767456 0.6371660232543945
vt 0.8838970065116882 0.6119880080223083
vt 0.89164799451828 0.613207995891571
vt 0.8767539858818054 0.6121169924736023
vt 0.6915090084075928 0.4972729980945587
vt 0.8226540088653564 0.6162049770355225
vt 0.8004270195960999 0.8544859886169434
vt 0.7924529910087585 0.8542180061340332
vt 0.7700350284576416 0.7181400060653687
vt 0.5286610126495361 0.7222189903259277
vt 0.5357980132102966 0.7222239971160889
vt 0.5209259986877441 0.7235739827156067
vt 0.2381500005722046 0.2469480037689209
vt 0.3510249853134155 0.16514800488948822
vt 0.3606089949607849 0.1757880002260208
vt 0.46352800726890564 0.599353015422821
vt 0.45778998732566833 0.6006410121917725
vt 0.8978270292282104 0.6162700057029724
vt 0.8694570064544678 0.6141909956932068
vt 0.6719070076942444 0.5066140294075012
vt 0.6773099899291992 0.5061349868774414
vt 0.7308850288391113 0.48973798751831055
vt 0.7362989783287048 0.494486004114151
vt 0.7308149933815002 0.7126520276069641
vt 0.3823859989643097 0.5976369976997375
vt 0.3769010007381439 0.5988270044326782
vt 0.7824440002441406 0.725866973400116
vt 0.5431020259857178 0.7241740226745605
vt 0.5147730112075806 0.7267460227012634
vt 0.01569500006735325 0.2817629873752594
vt 0.009607000276446342 0.2814579904079437
vt 0.02472599968314171 0.270579993724823
vt 0.40334099531173706 0.16997599601745605
vt 0.451229989528656 0.6017000079154968
vt 0.17778199911117554 0.638027012348175
vt 0.4447450041770935 0.6017460227012634
vt 0.43901899456977844 0.6014990210533142
vt 0.6669700145721436 0.5070480108261108
vt 0.6659629940986633 0.5152480006217957
vt 0.8135449886322021 0.6164489984512329
vt 0.8093990087509155 0.8546090126037598
vt 0.36926499009132385 0.5997560024261475
vt 0.3630329966545105 0.5997040271759033
vt 0.35756000876426697 0.5993589758872986
vt 0.004426999948918819 0.28112900257110596
vt 0.2460930049419403 0.24430499970912933
vt 0.06889999657869339 0.27380800247192383
vt 0.07259900122880936 0.2786700129508972
vt 0.5952020287513733 0.19146500527858734
vt 0.5875020027160645 0.18935200572013855
vt 0.2549450099468231 0.24163800477981567
vt 0.4312030076980591 0.16989000141620636
vt 0.4257969856262207 0.17417599260807037
vt 0.7444429993629456 0.4767169952392578
vt 0.7503049969673157 0.4813849925994873
vt 0.7393010258674622 0.49759700894355774
vt 0.8634769916534424 0.6176660060882568
vt 0.7077119946479797 0.4901979863643646
vt 0.8053209781646729 0.6167579889297485
vt 0.818992018699646 0.8546379804611206
vt 0.7549269795417786 0.7121480107307434
vt 0.7089400291442871 0.7048709988594055
vt 0.7169259786605835 0.7003729939460754
vt 0.7029200196266174 0.7082409858703613
vt 0.5094389915466309 0.7311490178108215
vt 0.3808470070362091 0.17430900037288666
vt 0.6840370297431946 0.49455100297927856
vt 0.7752500176429749 0.7146480083465576
vt 0.04749299958348274 0.27066799998283386
vt 0.6040670275688171 0.193571999669075
vt 0.26381000876426697 0.23900899291038513
vt 0.725042998790741 0.4851059913635254
vt 0.8000810146331787 0.6095330119132996
vt 0.8265439867973328 0.8470600247383118
vt 0.7376499772071838 0.7079730033874512
vt 0.39733999967575073 0.1763949990272522
vt 0.6127079725265503 0.19496899843215942
vt 0.27138200402259827 0.2372010052204132
vt 0.0637810006737709 0.2676379978656769
vt 0.7748569846153259 0.1853650063276291
vt 0.7682039737701416 0.18378199636936188
vt 0.8338609933853149 0.8452649712562561
vt 0.4191649854183197 0.17988699674606323
vt 0.46802499890327454 0.608568012714386
vt 0.46193400025367737 0.6118540167808533
vt 0.6784210205078125 0.49292200803756714
vt 0.3866100013256073 0.6062449812889099
vt 0.3801079988479614 0.6094170212745667
vt 0.01896500028669834 0.2681339979171753
vt 0.08404699712991714 0.2630060017108917
vt 0.08824200183153152 0.2685660123825073
vt 0.6226720213890076 0.1963600069284439
vt 0.455392986536026 0.6136170029640198
vt 0.9727590084075928 0.4114750027656555
vt 0.9793840050697327 0.41127100586891174
vt 0.9768499732017517 0.42181798815727234
vt 0.9692829847335815 0.4226070046424866
vt 0.7605000138282776 0.18251100182533264
vt 0.6287180185317993 0.6083769798278809
vt 0.6223909854888916 0.6097040176391602
vt 0.37342798709869385 0.6116729974746704
vt 0.013743000105023384 0.26709601283073425
vt 0.27874699234962463 0.2354550063610077
vt 0.3750939965248108 0.1800139993429184
vt 0.44892698526382446 0.6143670082092285
vt 0.9664409756660461 0.4104030132293701
vt 0.9629309773445129 0.42158201336860657
vt 0.8849520087242126 0.5970929861068726
vt 0.8927029967308044 0.5983139872550964
vt 0.8770999908447266 0.5971699953079224
vt 0.6997089982032776 0.4861080050468445
vt 0.7613599896430969 0.7074069976806641
vt 0.36721599102020264 0.6123250126838684
vt 0.5272740125656128 0.7073519825935364
vt 0.5351200103759766 0.7072929739952087
vt 0.5195389986038208 0.7087069749832153
vt 0.9605399966239929 0.1062920019030571
vt 0.960286021232605 0.09457799792289734
vt 0.9665740132331848 0.09286200255155563
vt 0.9668459892272949 0.10452199727296829
vt 0.04041900113224983 0.2653929889202118
vt 0.6313109993934631 0.18779799342155457
vt 0.8995910286903381 0.6014279723167419
vt 0.8698030114173889 0.599245011806488
vt 0.7532529830932617 0.18234899640083313
vt 0.635496973991394 0.6081600189208984
vt 0.5424240231513977 0.7092429995536804
vt 0.5126789808273315 0.7119429707527161
vt 0.6587499976158142 0.6259340047836304
vt 0.6500530242919922 0.6164860129356384
vt 0.7464749813079834 0.1825920045375824
vt 0.7397890090942383 0.19077999889850616
vt 0.7432019710540771 0.17055299878120422
vt 0.6427440047264099 0.6083509922027588
vt 0.39026498794555664 0.18210500478744507
vt 0.716871976852417 0.48028600215911865
vt 0.7453439831733704 0.7027109861373901
vt 0.05691400170326233 0.2623000144958496
vt 0.41161999106407166 0.18630999326705933
vt 0.44494500756263733 0.17909599840641022
vt 0.43938300013542175 0.18409299850463867
vt 0.8638250231742859 0.6026620268821716
vt 0.7371280193328857 0.47166600823402405
vt 0.725242018699646 0.6952080130577087
vt 0.6908199787139893 0.6969659924507141
vt 0.6969500184059143 0.6928930282592773
vt 0.5066289901733398 0.7163529992103577
vt 0.07779800146818161 0.25688400864601135
vt 0.6920890212059021 0.4826909899711609
vt 0.7666850090026855 0.7032120227813721
vt 0.3703460097312927 0.18500399589538574
vt 0.033622000366449356 0.2608419954776764
vt 0.3845140039920807 0.18852099776268005
vt 0.43275099992752075 0.18980400264263153
vt 0.7566779851913452 0.4639720022678375
vt 0.7616639733314514 0.4688360095024109
vt 0.7084220051765442 0.4762760102748871
vt 0.7526170015335083 0.6981030106544495
vt 0.7044060230255127 0.688310980796814
vt 0.09738899767398834 0.2522889971733093
vt 0.10158500075340271 0.2578490078449249
vt 0.04979800060391426 0.25631600618362427
vt 0.6856610178947449 0.48050498962402344
vt 0.3913410007953644 0.614657998085022
vt 0.3846049904823303 0.6186310052871704
vt 0.4718190133571625 0.6163579821586609
vt 0.4654949903488159 0.6204450130462646
vt 0.8857979774475098 0.5850849747657776
vt 0.8935490250587463 0.5863050222396851
vt 0.8779460191726685 0.5851619839668274
vt 0.7287240028381348 0.46686801314353943
vt 0.7339320182800293 0.6901029944419861
vt 0.5261520147323608 0.6953660249710083
vt 0.5339980125427246 0.6953070163726807
vt 0.5184170007705688 0.6967210173606873
vt 0.027142999693751335 0.25772199034690857
vt 0.4043920040130615 0.19344300031661987
vt 0.9011459946632385 0.5894709825515747
vt 0.870648980140686 0.5872359871864319
vt 0.5413020253181458 0.6972560286521912
vt 0.5108479857444763 0.7000210285186768
vt 0.07106699794530869 0.2501020133495331
vt 0.6806409955024719 0.4794909954071045
vt 0.6740620136260986 0.4917699992656708
vt 0.3776730000972748 0.6209849715232849
vt 0.4589729905128479 0.6229130029678345
vt 0.021879000589251518 0.25597500801086426
vt 0.45590999722480774 0.18759800493717194
vt 0.4503459930419922 0.19188399612903595
vt 0.8639600276947021 0.5906590223312378
vt 0.6811919808387756 0.6868020296096802
vt 0.6873670220375061 0.6834570169448853
vt 0.5048059821128845 0.70448899269104
vt 0.4248940050601959 0.19694000482559204
vt 0.3783800005912781 0.19351500272750854
vt 0.963578999042511 0.3977920114994049
vt 0.969402015209198 0.4008229970932007
vt 0.9606170058250427 0.40737199783325195
vt 0.9764050245285034 0.40208500623703003
vt 0.6994779706001282 0.47313499450683594
vt 0.7494279742240906 0.45816799998283386
vt 0.7129889726638794 0.6824679970741272
vt 0.7593129873275757 0.6941249966621399
vt 0.9538400173187256 0.09427999705076218
vt 0.9528679847717285 0.08429499715566635
vt 0.9600239992141724 0.08455400168895721
vt 0.9663119912147522 0.08283799886703491
vt 0.04165099933743477 0.25183698534965515
vt 0.09154000133275986 0.24540799856185913
vt 0.7519680261611938 0.19472000002861023
vt 0.7444760203361511 0.1956699937582016
vt 0.6356340050697327 0.1799589991569519
vt 0.6374409794807434 0.19346599280834198
vt 0.7599170207977295 0.1948779970407486
vt 0.7676200270652771 0.19614900648593903
vt 0.6355680227279663 0.6205229759216309
vt 0.6280869841575623 0.6207410097122192
vt 0.6217600107192993 0.6220679879188538
vt 0.6434999704360962 0.6214159727096558
vt 0.7750920057296753 0.1978289932012558
vt 0.8377779722213745 0.8576279878616333
vt 0.8296200037002563 0.8595460057258606
vt 0.390296995639801 0.1927720010280609
vt 0.3980160057544708 0.2012850046157837
vt 0.8036760091781616 0.624468982219696
vt 0.7969149947166443 0.6220369935035706
vt 0.7133129835128784 0.4701330065727234
vt 0.7209169864654541 0.4605189859867096
vt 0.7483810186386108 0.6923909783363342
vt 0.7411640286445618 0.6833279728889465
vt 0.819661021232605 0.8624470233917236
vt 0.05627699941396713 0.2516529858112335
vt 0.06474699825048447 0.2425989955663681
vt 0.8549839854240417 0.6309099793434143
vt 0.8487529754638672 0.6302170157432556
vt 0.8522099852561951 0.6169040203094482
vt 0.14788700640201569 0.6493440270423889
vt 0.14101600646972656 0.6486520171165466
vt 0.8409540057182312 0.629289984703064
vt 0.8116199970245361 0.20380799472332
vt 0.8035069704055786 0.20478099584579468
vt 0.8191440105438232 0.20254899561405182
vt 0.7957789897918701 0.20602600276470184
vt 0.15580600500106812 0.6502910256385803
vt 0.8344939947128296 0.635699987411499
vt 0.8259379863739014 0.20867499709129333
vt 0.7891020178794861 0.20751400291919708
vt 0.4435589909553528 0.19830699265003204
vt 0.16380199790000916 0.6509249806404114
vt 0.8864880204200745 0.5751960277557373
vt 0.8949480056762695 0.5764110088348389
vt 0.8786360025405884 0.5752149820327759
vt 0.7701979875564575 0.4465489983558655
vt 0.7708230018615723 0.45892399549484253
vt 0.8245900273323059 0.6351730227470398
vt 0.796845018863678 0.8737009763717651
vt 0.7885990142822266 0.8741899728775024
vt 0.6918050050735474 0.6719149947166443
vt 0.5252209901809692 0.685496985912323
vt 0.5330579876899719 0.6853809952735901
vt 0.5167689919471741 0.6868590116500854
vt 0.2202710062265396 0.23745499551296234
vt 0.22576400637626648 0.23560400307178497
vt 0.10811799764633179 0.24313800036907196
vt 0.11213500052690506 0.24943199753761292
vt 0.4764159917831421 0.6236709952354431
vt 0.4696049988269806 0.6286579966545105
vt 0.9025980234146118 0.5788699984550476
vt 0.8706830143928528 0.5765299797058105
vt 0.6915789842605591 0.4705300033092499
vt 0.3961719870567322 0.6211699843406677
vt 0.388949990272522 0.6260430216789246
vt 0.5410060286521912 0.6865599751472473
vt 0.5091360211372375 0.6894530057907104
vt 0.03378000110387802 0.24808000028133392
vt 0.17193500697612762 0.6519460082054138
vt 0.8145400285720825 0.6338449716567993
vt 0.8071370124816895 0.8721910119056702
vt 0.23301799595355988 0.23295900225639343
vt 0.4161210060119629 0.20407800376415253
vt 0.7398499846458435 0.45434099435806274
vt 0.7229380011558533 0.6782820224761963
vt 0.08367899805307388 0.23867399990558624
vt 0.17953899502754211 0.6533759832382202
vt 0.4654900133609772 0.19681499898433685
vt 0.4606199860572815 0.2010989934206009
vt 0.8627889752388 0.5767310261726379
vt 0.7035589814186096 0.4664349853992462
vt 0.7558720111846924 0.6878190040588379
vt 0.6732019782066345 0.676177978515625
vt 0.6775029897689819 0.6689350008964539
vt 0.5030310153961182 0.693215012550354
vt 0.2418140023946762 0.229543998837471
vt 0.3815479874610901 0.19848500192165375
vt 0.4624199867248535 0.6311089992523193
vt 0.6342009902000427 0.20485800504684448
vt 0.685683012008667 0.4697110056877136
vt 0.38109898567199707 0.6284769773483276
vt 0.6518999934196472 0.6328650116920471
vt 0.02829599939286709 0.2463569939136505
vt 0.04516899958252907 0.24663600325584412
vt 0.43639498949050903 0.20544099807739258
vt 0.5913069844245911 0.20641100406646729
vt 0.5829139947891235 0.20430000126361847
vt 0.7610660195350647 0.4469740092754364
vt 0.7019280195236206 0.6720759868621826
vt 0.25134098529815674 0.226841002702713
vt 0.10294199734926224 0.23622000217437744
vt 0.45528900623321533 0.6318420171737671
vt 0.45250698924064636 0.6236630082130432
vt 0.9717310070991516 0.39338600635528564
vt 0.9793840050697327 0.39488399028778076
vt 0.3735780119895935 0.629800021648407
vt 0.37079599499702454 0.6216210126876831
vt 0.9598479866981506 0.07676299661397934
vt 0.9668459892272949 0.07500799745321274
vt 0.6007090210914612 0.20851700007915497
vt 0.4545240104198456 0.20680899918079376
vt 0.7806919813156128 0.4437539875507355
vt 0.11862599849700928 0.23401199281215668
vt 0.12192600220441818 0.2396329939365387
vt 0.26110100746154785 0.22415100038051605
vt 0.38894200325012207 0.2034430056810379
vt 0.3829590082168579 0.20630300045013428
vt 0.8871809840202332 0.5651339888572693
vt 0.8956400156021118 0.5664060115814209
vt 0.8793280124664307 0.5652099847793579
vt 0.6947839856147766 0.46402499079704285
vt 0.710053026676178 0.4592050015926361
vt 0.729544997215271 0.45140498876571655
vt 0.7333059906959534 0.6748830080032349
vt 0.7506880164146423 0.681236982345581
vt 0.4000909924507141 0.6261709928512573
vt 0.3919509947299957 0.6311249732971191
vt 0.5242639780044556 0.6754559874534607
vt 0.5321099758148193 0.6753969788551331
vt 0.5158209800720215 0.6768760085105896
vt 0.04605099931359291 0.238755002617836
vt 0.054290998727083206 0.24108000099658966
vt 0.40766099095344543 0.2105029970407486
vt 0.47914600372314453 0.6281459927558899
vt 0.471670001745224 0.6331170201301575
vt 0.7584099769592285 0.20634199678897858
vt 0.7497479915618896 0.2068910002708435
vt 0.7422419786453247 0.2085459977388382
vt 0.7668280005455017 0.20690500736236572
vt 0.6361050009727478 0.6326810121536255
vt 0.627938985824585 0.6321970224380493
vt 0.6209269762039185 0.6328210234642029
vt 0.6440219879150391 0.6342779994010925
vt 0.037078000605106354 0.24290500581264496
vt 0.07541900128126144 0.23270000517368317
vt 0.6100460290908813 0.21062299609184265
vt 0.9032899737358093 0.5688650012016296
vt 0.7360889911651611 0.20718300342559814
vt 0.8713759779930115 0.5664680004119873
vt 0.7748969793319702 0.2077759951353073
vt 0.842860996723175 0.8683819770812988
vt 0.8351309895515442 0.8695200085639954
vt 0.5400500297546387 0.676518976688385
vt 0.5081890225410461 0.6794700026512146
vt 0.2693060040473938 0.22159600257873535
vt 0.7963579893112183 0.6357200145721436
vt 0.7913359999656677 0.6320710182189941
vt 0.8265960216522217 0.873649001121521
vt 0.6210839748382568 0.2127230018377304
vt 0.27841898798942566 0.21901799738407135
vt 0.8570489883422852 0.6470000147819519
vt 0.8493430018424988 0.6418089866638184
vt 0.14622700214385986 0.6709520220756531
vt 0.13860000669956207 0.6649410128593445
vt 0.8427019715309143 0.6388710141181946
vt 0.8352130055427551 0.6372550129890442
vt 0.8042230010032654 0.6346340179443359
vt 0.8177400231361389 0.8727920055389404
vt 0.8201159834861755 0.2121810019016266
vt 0.8137040138244629 0.21540099382400513
vt 0.8269090056419373 0.21024900674819946
vt 0.8052560091018677 0.2209250032901764
vt 0.7956879734992981 0.22759400308132172
vt 0.42854198813438416 0.21399900317192078
vt 0.6397920250892639 0.21906499564647675
vt 0.6328420042991638 0.2233549952507019
vt 0.4745360016822815 0.2067449986934662
vt 0.4703589975833893 0.21102699637413025
vt 0.15341399610042572 0.6741380095481873
vt 0.6874160170555115 0.462787002325058
vt 0.5835340023040771 0.6834800243377686
vt 0.5809440016746521 0.6707299947738647
vt 0.5903339982032776 0.6719539761543274
vt 0.9817060232162476 0.10323300212621689
vt 0.9725859761238098 0.1062920019030571
vt 0.9725859761238098 0.09689100086688995
vt 0.7487760186195374 0.4466170072555542
vt 0.5782480239868164 0.719963014125824
vt 0.5681009888648987 0.7103260159492493
vt 0.5778409838676453 0.707423985004425
vt 0.7148579955101013 0.6712419986724854
vt 0.5587189793586731 0.7091599702835083
vt 0.5605419874191284 0.7215700149536133
vt 0.5490739941596985 0.6736230254173279
vt 0.5488309860229492 0.6866310238838196
vt 0.6659629940986633 0.6642320156097412
vt 0.38361498713493347 0.6344580054283142
vt 0.7896299958229065 0.23127199709415436
vt 0.5020189881324768 0.6825259923934937
vt 0.6578069925308228 0.6511520147323608
vt 0.6506540179252625 0.6461279988288879
vt 0.28769800066947937 0.20788699388504028
vt 0.09700799733400345 0.22791899740695953
vt 0.4635869860649109 0.6363530158996582
vt 0.0306560005992651 0.2405329942703247
vt 0.44789600372314453 0.2139420062303543
vt 0.47986501455307007 0.6356970071792603
vt 0.4723510146141052 0.6392589807510376
vt 0.16274699568748474 0.6718090176582336
vt 0.6932290196418762 0.4578250050544739
vt 0.7013429999351501 0.45820799469947815
vt 0.7059170007705688 0.4506379961967468
vt 0.3989950120449066 0.6345880031585693
vt 0.39146101474761963 0.6374459862709045
vt 0.40609800815582275 0.6309120059013367
vt 0.40492698550224304 0.6403430104255676
vt 0.7830039858818054 0.22952499985694885
vt 0.7838259935379028 0.20862999558448792
vt 0.03804599866271019 0.23644399642944336
vt 0.11434599757194519 0.22703200578689575
vt 0.45579200983047485 0.6370689868927002
vt 0.4480539858341217 0.6360679864883423
vt 0.4481959939002991 0.630154013633728
vt 0.37540900707244873 0.6350600123405457
vt 0.1716039925813675 0.6735110282897949
vt 0.36858800053596497 0.6339790225028992
vt 0.3674210011959076 0.6287350058555603
vt 0.21715299785137177 0.2161320000886917
vt 0.22458499670028687 0.21275299787521362
vt 0.7175719738006592 0.45030900835990906
vt 0.7221469879150391 0.44273900985717773
vt 0.7443550229072571 0.6730329990386963
vt 0.741491973400116 0.6660979986190796
vt 0.3981260061264038 0.21622000634670258
vt 0.38934698700904846 0.21197600662708282
vt 0.464262992143631 0.21673600375652313
vt 0.12747900187969208 0.2235639989376068
vt 0.13077899813652039 0.22918500006198883
vt 0.05489800125360489 0.23247699439525604
vt 0.0654119998216629 0.22755800187587738
vt 0.1794549971818924 0.6748300194740295
vt 0.2340559959411621 0.20930199325084686
vt 0.4639950096607208 0.6418889760971069
vt 0.6866710186004639 0.45714500546455383
vt 0.7359730005264282 0.44492799043655396
vt 0.5793460011482239 0.7323229908943176
vt 0.5695819854736328 0.726921021938324
vt 0.7278550267219543 0.6689789891242981
vt 0.5616400241851807 0.7339299917221069
vt 0.3833580017089844 0.6399779915809631
vt 0.030990999191999435 0.23481899499893188
vt 0.4881179928779602 0.6403909921646118
vt 0.48048898577690125 0.6435580253601074
vt 0.48630398511886597 0.632004976272583
vt 0.30606600642204285 0.9814090132713318
vt 0.29565900564193726 0.9765179753303528
vt 0.3029699921607971 0.9691089987754822
vt 0.30961400270462036 0.9738450050354004
vt 0.3013879954814911 0.9877189993858337
vt 0.2948170006275177 0.9871810078620911
vt 0.5690979957580566 0.563211977481842
vt 0.5677919983863831 0.5646370053291321
vt 0.5647180080413818 0.5543000102043152
vt 0.5414770245552063 0.5657200217247009
vt 0.5441799759864807 0.556164026260376
vt 0.5430039763450623 0.5668870210647583
vt 0.4165729880332947 0.9274569749832153
vt 0.41387999057769775 0.9192569851875305
vt 0.42080599069595337 0.9172130227088928
vt 0.42725101113319397 0.9213470220565796
vt 0.4266760051250458 0.9323400259017944
vt 0.4333910048007965 0.9273020029067993
vt 0.04512999951839447 0.23095999658107758
vt 0.42031198740005493 0.2232699990272522
vt 0.8954660296440125 0.5585280060768127
vt 0.9031670093536377 0.5602800250053406
vt 0.5941020250320435 0.666396975517273
vt 0.29402801394462585 0.9926329851150513
vt 0.709168016910553 0.44334501028060913
vt 0.5783810019493103 0.6975280046463013
vt 0.5669770240783691 0.6977930068969727
vt 0.5658289790153503 0.6850879788398743
vt 0.5540949702262878 0.5552639961242676
vt 0.5530740022659302 0.543969988822937
vt 0.5637609958648682 0.5437120199203491
vt 0.5550439953804016 0.5657939910888672
vt 0.5521559715270996 0.5339149832725525
vt 0.5627790093421936 0.5329509973526001
vt 0.5432230234146118 0.5455759763717651
vt 0.5422409772872925 0.5348150134086609
vt 0.5564259886741638 0.699521005153656
vt 0.7525389790534973 0.6656889915466309
vt 0.7540320158004761 0.6724069714546204
vt 0.535319983959198 0.671733021736145
vt 0.4309360086917877 0.939624011516571
vt 0.4376780092716217 0.9347379803657532
vt 0.08991499990224838 0.21899500489234924
vt 0.5848150253295898 0.22776499390602112
vt 0.5758839845657349 0.22494399547576904
vt 0.5646550059318542 0.6722090244293213
vt 0.570156991481781 0.5750390291213989
vt 0.5559930205345154 0.576324999332428
vt 0.5733159780502319 0.5704820156097412
vt 0.5787580013275146 0.5755069851875305
vt 0.5425369739532471 0.5775460004806519
vt 0.5341399908065796 0.5795570015907288
vt 0.5386130213737488 0.5736330151557922
vt 0.24443499743938446 0.205826997756958
vt 0.44004300236701965 0.2225009948015213
vt 0.741346001625061 0.21849699318408966
vt 0.7348939776420593 0.2204509973526001
vt 0.45594701170921326 0.6427029967308044
vt 0.4491269886493683 0.6416209936141968
vt 0.7658659815788269 0.21393899619579315
vt 0.7575389742851257 0.21488499641418457
vt 0.7488639950752258 0.21613900363445282
vt 0.7762860059738159 0.21429599821567535
vt 0.5634040236473083 0.5241780281066895
vt 0.559436023235321 0.5120900273323059
vt 0.5665820240974426 0.5121530294418335
vt 0.7864310145378113 0.6386340260505676
vt 0.5732219815254211 0.5853189826011658
vt 0.5569419860839844 0.5868549942970276
vt 0.5823950171470642 0.5842530131340027
vt 0.5413519740104675 0.5882120132446289
vt 0.5321109890937805 0.5888170003890991
vt 0.8488010168075562 0.8754169940948486
vt 0.8391270041465759 0.876121997833252
vt 0.534712016582489 0.5150460004806519
vt 0.5417299866676331 0.5136970281600952
vt 0.5400329828262329 0.5263000130653381
vt 0.6270359754562378 0.6407359838485718
vt 0.619937002658844 0.639851987361908
vt 0.6351860165596008 0.6419249773025513
vt 0.37556400895118713 0.6406940221786499
vt 0.3689959943294525 0.6395149827003479
vt 0.6430870294570923 0.644225001335144
vt 0.10841099917888641 0.21873100101947784
vt 0.4722920060157776 0.6463990211486816
vt 0.5513010025024414 0.5245649814605713
vt 0.5742350220680237 0.5965560078620911
vt 0.5579540133476257 0.5980920195579529
vt 0.5423650145530701 0.5994489789009094
vt 0.036945998668670654 0.2293819934129715
vt 0.4583289921283722 0.2238669991493225
vt 0.5954470038414001 0.22986799478530884
vt 0.4823490083217621 0.21596699953079224
vt 0.47817298769950867 0.2202489972114563
vt 0.6958180069923401 0.4506700038909912
vt 0.6979609727859497 0.4435940086841583
vt 0.5636889934539795 0.661562979221344
vt 0.5799779891967773 0.6600840091705322
vt 0.5891510248184204 0.6590179800987244
vt 0.5834159851074219 0.5955470204353333
vt 0.5481079816818237 0.6629769802093506
vt 0.5772250294685364 0.6296740174293518
vt 0.5609449744224548 0.6312100291252136
vt 0.5453559756278992 0.6325669884681702
vt 0.5388669967651367 0.663582980632782
vt 0.533132016658783 0.6001110076904297
vt 0.3966340124607086 0.6434929966926575
vt 0.4022180140018463 0.6496549844741821
vt 0.4332500100135803 0.9474130272865295
vt 0.4399920105934143 0.9425280094146729
vt 0.25576600432395935 0.2030390053987503
vt 0.12387300282716751 0.21654799580574036
vt 0.5863639712333679 0.5808699727058411
vt 0.5628589987754822 0.6523860096931458
vt 0.5791400074958801 0.6508499979972839
vt 0.5883219838142395 0.6498410105705261
vt 0.5864070057868958 0.6286649703979492
vt 0.5812069773674011 0.7452660202980042
vt 0.5709180235862732 0.741989016532898
vt 0.5472699999809265 0.6537430286407471
vt 0.562084972858429 0.7470020055770874
vt 0.5380380153656006 0.6544060111045837
vt 0.5361229777336121 0.6332299709320068
vt 0.5275819897651672 0.5862069725990295
vt 0.550229012966156 0.5129259824752808
vt 0.6074000000953674 0.23196600377559662
vt 0.46391600370407104 0.6483240127563477
vt 0.6883010268211365 0.4509029984474182
vt 0.3886699974536896 0.64553302526474
vt 0.029934000223875046 0.22846700251102448
vt 0.2668899893760681 0.200313001871109
vt 0.5897560119628906 0.5947369933128357
vt 0.5927469730377197 0.6278560161590576
vt 0.5267249941825867 0.6004589796066284
vt 0.5297160148620605 0.6335780024528503
vt 0.4134800136089325 0.2360920011997223
vt 0.4034020006656647 0.23967599868774414
vt 0.5954999923706055 0.658266007900238
vt 0.6019589900970459 0.6588109731674194
vt 0.5946620106697083 0.6490319967269897
vt 0.5324680209159851 0.6639879941940308
vt 0.5316299796104431 0.6547539830207825
vt 0.5261790156364441 0.665690004825592
vt 0.07318399846553802 0.2034969925880432
vt 0.08395899832248688 0.2064480036497116
vt 0.6189749836921692 0.2340649962425232
vt 0.47346699237823486 0.22666500508785248
vt 0.45678600668907166 0.6490579843521118
vt 0.4507879912853241 0.6482040286064148
vt 0.44513699412345886 0.646943986415863
vt 0.3810339868068695 0.646461009979248
vt 0.37507399916648865 0.6470159888267517
vt 0.3689180016517639 0.6459500193595886
vt 0.1354369968175888 0.21317699551582336
vt 0.13742899894714355 0.2195809930562973
vt 0.27689799666404724 0.1976740062236786
vt 0.4887619912624359 0.6489560008049011
vt 0.48021599650382996 0.6522039771080017
vt 0.3884660005569458 0.2326039969921112
vt 0.3885219991207123 0.2205130010843277
vt 0.5958859920501709 0.5838090181350708
vt 0.5960800051689148 0.5938130021095276
vt 0.5202999711036682 0.6006919741630554
vt 0.5186899900436401 0.5908160209655762
vt 0.04327100142836571 0.22251500189304352
vt 0.0539340004324913 0.22397099435329437
vt 0.05498899891972542 0.2117449939250946
vt 0.6009929776191711 0.6481649875640869
vt 0.5990790128707886 0.6269890069961548
vt 0.5581550002098083 0.49821698665618896
vt 0.5690169930458069 0.4999609887599945
vt 0.575078010559082 0.5034949779510498
vt 0.5489490032196045 0.4990519881248474
vt 0.5404499769210815 0.49982398748397827
vt 0.5300650000572205 0.5034970045089722
vt 0.5247939825057983 0.508059024810791
vt 0.5252140164375305 0.6550440192222595
vt 0.523298978805542 0.6338679790496826
vt 0.6322659850120544 0.24113599956035614
vt 0.29552799463272095 0.9692580103874207
vt 0.29402801394462585 0.9597669839859009
vt 0.3042219877243042 0.961076021194458
vt 0.7707740068435669 0.2197359949350357
vt 0.7572910189628601 0.2212110012769699
vt 0.4103519916534424 0.6462929844856262
vt 0.5166680216789246 0.5051220059394836
vt 0.5168449878692627 0.4995400011539459
vt 0.41811999678611755 0.9335870146751404
vt 0.41945698857307434 0.942516028881073
vt 0.2875179946422577 0.19004300236701965
vt 0.43112000823020935 0.2317730039358139
vt 0.4511680006980896 0.23171299695968628
vt 0.4717459976673126 0.6544380187988281
vt 0.03445500135421753 0.2216850072145462
vt 0.11865600198507309 0.20892000198364258
vt 0.10064300149679184 0.20984399318695068
vt 0.7485889792442322 0.22387300431728363
vt 0.6334800124168396 0.6496599912643433
vt 0.6253600120544434 0.6470639705657959
vt 0.6889709830284119 0.4434080123901367
vt 0.39376699924468994 0.6525930166244507
vt 0.3934899866580963 0.24610400199890137
vt 0.46360400319099426 0.6555619835853577
vt 0.49126800894737244 0.22660499811172485
vt 0.4847570061683655 0.2294739931821823
vt 0.7410460114479065 0.22763900458812714
vt 0.6073079705238342 0.6471830010414124
vt 0.6073189973831177 0.6551269888877869
vt 0.5202080011367798 0.663034975528717
vt 0.5187810063362122 0.6552190184593201
vt 0.6413499712944031 0.6533679962158203
vt 0.4260160028934479 0.9521639943122864
vt 0.02816000021994114 0.22144299745559692
vt 0.06201900169253349 0.19773100316524506
vt 0.4675300121307373 0.2330850064754486
vt 0.6053940057754517 0.6260070204734802
vt 0.6024029850959778 0.5928879976272583
vt 0.6030279994010925 0.5841159820556641
vt 0.4467430114746094 0.655243992805481
vt 0.4409340023994446 0.6537719964981079
vt 0.5719820261001587 0.754118025302887
vt 0.38495999574661255 0.6536999940872192
vt 0.5168660283088684 0.6340429782867432
vt 0.5138750076293945 0.6009250283241272
vt 0.5116680264472961 0.5924100279808044
vt 0.1318739950656891 0.20687100291252136
vt 0.454228013753891 0.6563429832458496
vt 0.15285100042819977 0.676580011844635
vt 0.5823270082473755 0.7580440044403076
vt 0.5865160226821899 0.756708025932312
vt 0.5632050037384033 0.7597799897193909
vt 0.5588949918746948 0.7592149972915649
vt 0.37650200724601746 0.6543999910354614
vt 0.5115020275115967 0.5904650092124939
vt 0.36860498785972595 0.6531879901885986
vt 0.7342950105667114 0.23291000723838806
vt 0.5477240085601807 0.4858280122280121
vt 0.5569310188293457 0.48499199748039246
vt 0.564740002155304 0.4922870099544525
vt 0.5392249822616577 0.48659899830818176
vt 0.5328699946403503 0.49518001079559326
vt 0.6486049890518188 0.6585869789123535
vt 0.646232008934021 0.2325569987297058
vt 0.16057999432086945 0.6831640005111694
vt 0.17010100185871124 0.684844970703125
vt 0.5776649713516235 0.4855470061302185
vt 0.581292986869812 0.49368900060653687
vt 0.6970930099487305 0.43643298745155334
vt 0.707938015460968 0.43771201372146606
vt 0.41398701071739197 0.6522219777107239
vt 0.40614399313926697 0.6568949818611145
vt 0.5188829898834229 0.490884006023407
vt 0.21037499606609344 0.21523000299930573
vt 0.20822300016880035 0.21321000158786774
vt 0.21135200560092926 0.20579099655151367
vt 0.21900500357151031 0.2023870050907135
vt 0.49266600608825684 0.6609129905700684
vt 0.4803540110588074 0.6609640121459961
vt 0.4807420074939728 0.23517699539661407
vt 0.6129149794578552 0.6462649703025818
vt 0.6141970157623291 0.6525530219078064
vt 0.5129219889640808 0.6617469787597656
vt 0.5130559802055359 0.6553300023078918
vt 0.4268749952316284 0.9605919718742371
vt 0.43368399143218994 0.9565320014953613
vt 0.04095799848437309 0.2140830010175705
vt 0.6080009937286377 0.5919129848480225
vt 0.6110000014305115 0.6250889897346497
vt 0.5111410021781921 0.6341540217399597
vt 0.5081419944763184 0.6009780168533325
vt 0.5883820056915283 0.4857639968395233
vt 0.5896300077438354 0.49127501249313354
vt 0.6874420046806335 0.436383992433548
vt 0.39744099974632263 0.6599310040473938
vt 0.6317890286445618 0.6566920280456543
vt 0.621097981929779 0.6536930203437805
vt 0.442779004573822 0.24027299880981445
vt 0.47119998931884766 0.6624770164489746
vt 0.17848800122737885 0.6876569986343384
vt 0.5640789866447449 0.4774709939956665
vt 0.5715439915657043 0.48106300830841064
vt 0.5240939855575562 0.485370010137558
vt 0.5307930111885071 0.4804919958114624
vt 0.2279359996318817 0.19752800464630127
vt 0.031964000314474106 0.21398699283599854
vt 0.11182600259780884 0.20068100094795227
vt 0.4235900044441223 0.2431740015745163
vt 0.5601609945297241 0.22996200621128082
vt 0.5499860048294067 0.23212599754333496
vt 0.5510690212249756 0.2264309972524643
vt 0.560325026512146 0.22284600138664246
vt 0.503117024898529 0.6009659767150879
vt 0.5043730139732361 0.5910639762878418
vt 0.09409700334072113 0.1987529993057251
vt 0.46121999621391296 0.24092799425125122
vt 0.6467159986495972 0.246069997549057
vt 0.46280500292778015 0.6636980175971985
vt 0.44221100211143494 0.6631839871406555
vt 0.43663498759269714 0.6609100103378296
vt 0.5729650259017944 0.765425980091095
vt 0.38840100169181824 0.6618390083312988
vt 0.024994000792503357 0.21378099918365479
vt 0.6602230072021484 0.6687430143356323
vt 0.6522830128669739 0.6717479825019836
vt 0.12711100280284882 0.19923099875450134
vt 0.45563599467277527 0.6630229949951172
vt 0.7483279705047607 0.2309029996395111
vt 0.7407839894294739 0.23466899991035461
vt 0.448758989572525 0.6636589765548706
vt 0.5464820265769958 0.4724879860877991
vt 0.5556889772415161 0.47165200114250183
vt 0.5379840135574341 0.47325900197029114
vt 0.3803339898586273 0.6619489789009094
vt 0.37392500042915344 0.6609809994697571
vt 0.6396589875221252 0.6603999733924866
vt 0.36780598759651184 0.6613240242004395
vt 0.5800009965896606 0.24129000306129456
vt 0.5703719854354858 0.23704999685287476
vt 0.5825210213661194 0.7685949802398682
vt 0.5880720019340515 0.7664819955825806
vt 0.42028701305389404 0.6604549884796143
vt 0.41087400913238525 0.6636580228805542
vt 0.23890499770641327 0.19259700179100037
vt 0.4763520061969757 0.2423029989004135
vt 0.4965839982032776 0.23228099942207336
vt 0.49142101407051086 0.2344300001859665
vt 0.49766799807548523 0.2265859991312027
vt 0.9444590210914612 0.229434996843338
vt 0.9393110275268555 0.22126899659633636
vt 0.9444590210914612 0.21897099912166595
vt 0.5173900127410889 0.23221999406814575
vt 0.5184730291366577 0.22652600705623627
vt 0.149276003241539 0.2127629965543747
vt 0.1504790037870407 0.20691099762916565
vt 0.17072300612926483 0.20581600069999695
vt 0.16952000558376312 0.211667999625206
vt 0.14342300593852997 0.21306699514389038
vt 0.1460690051317215 0.2049880027770996
vt 0.20243899524211884 0.20409899950027466
vt 0.20123499631881714 0.2099509984254837
vt 0.4187929928302765 0.9516440033912659
vt 0.13875800371170044 0.19728000462055206
vt 0.14123499393463135 0.2043440043926239
vt 0.5906389951705933 0.2455269992351532
vt 0.649869978427887 0.2275650054216385
vt 0.6549059748649597 0.23537300527095795
vt 0.6514250040054321 0.24036400020122528
vt 0.6462119817733765 0.6656200289726257
vt 0.2501089870929718 0.18768000602722168
vt 0.6863420009613037 0.4292449951171875
vt 0.6954799890518188 0.43012699484825134
vt 0.402442991733551 0.6673009991645813
vt 0.48934298753738403 0.24439500272274017
vt 0.5771870017051697 0.47279098629951477
vt 0.5862510204315186 0.47831499576568604
vt 0.5090559720993042 0.4853230118751526
vt 0.5169879794120789 0.4782559871673584
vt 0.5083529949188232 0.49302899837493896
vt 0.41739800572395325 0.9632840156555176
vt 0.6029760241508484 0.24904799461364746
vt 0.558771014213562 0.23850299417972565
vt 0.5489069819450378 0.23924200236797333
vt 0.16727100312709808 0.6913970112800598
vt 0.5702940225601196 0.4676649868488312
vt 0.5627650022506714 0.4633669853210449
vt 0.5228440165519714 0.4719730019569397
vt 0.5294790267944336 0.466389000415802
vt 0.20355699956417084 0.1968269944190979
vt 0.21282599866390228 0.19705000519752502
vt 0.2622630000114441 0.18344800174236298
vt 0.4783079922199249 0.679544985294342
vt 0.4693489968776703 0.6788480281829834
vt 0.48804599046707153 0.6806529760360718
vt 0.6784610152244568 0.4288409948348999
vt 0.6801580190658569 0.43659499287605286
vt 0.3938339948654175 0.6700270175933838
vt 0.024956999346613884 0.19870099425315857
vt 0.03314900025725365 0.19670400023460388
vt 0.04332299903035164 0.19388799369335175
vt 0.43401598930358887 0.25096601247787476
vt 0.45421698689460754 0.24948400259017944
vt 0.4605039954185486 0.6785470247268677
vt 0.45308199524879456 0.6779689788818359
vt 0.4411050081253052 0.6769660115242004
vt 0.3846380114555359 0.6755549907684326
vt 0.37269899249076843 0.6759600043296814
vt 0.36683401465415955 0.6762059926986694
vt 0.018526999279856682 0.1999029964208603
vt 0.121629998087883 0.19091899693012238
vt 0.103753000497818 0.19039799273014069
vt 0.38481900095939636 0.25608399510383606
vt 0.3784329891204834 0.25112199783325195
vt 0.6157850027084351 0.2525649964809418
vt 0.51631098985672 0.2393369972705841
vt 0.4955050051212311 0.23939800262451172
vt 0.5941740274429321 0.4793210029602051
vt 0.5962579846382141 0.48618000745773315
vt 0.43568599224090576 0.6710730195045471
vt 0.5452240109443665 0.45903199911117554
vt 0.5544300079345703 0.4581960141658783
vt 0.41629600524902344 0.673380970954895
vt 0.4274829924106598 0.6640729904174805
vt 0.5367249846458435 0.4598039984703064
vt 0.6370329856872559 0.6672300100326538
vt 0.6290770173072815 0.6620129942893982
vt 0.1515980064868927 0.19964000582695007
vt 0.17184099555015564 0.1985439956188202
vt 0.1467839926481247 0.19486400485038757
vt 0.2737570106983185 0.1792919933795929
vt 0.05221199989318848 0.18831899762153625
vt 0.47073501348495483 0.25014400482177734
vt 0.17650100588798523 0.6962950229644775
vt 0.22184999287128448 0.19003699719905853
vt 0.13467000424861908 0.1896039992570877
vt 0.6289100050926208 0.25679200887680054
vt 0.2847670018672943 0.17447499930858612
vt 0.4830920100212097 0.2508170008659363
vt 0.4242120087146759 0.6752970218658447
vt 0.4310089945793152 0.6680139899253845
vt 0.40760400891304016 0.6748819947242737
vt 0.4184330105781555 0.9731469750404358
vt 0.42576101422309875 0.9693719744682312
vt 0.4029709994792938 0.2531900107860565
vt 0.4136050045490265 0.2560040056705475
vt 0.661486029624939 0.24317599833011627
vt 0.6586999893188477 0.24887600541114807
vt 0.6434540152549744 0.6730520129203796
vt 0.07303900271654129 0.18993699550628662
vt 0.08432699739933014 0.18643899261951447
vt 0.5737890005111694 0.2512640058994293
vt 0.5650039911270142 0.24488799273967743
vt 0.23223799467086792 0.1829890012741089
vt 0.5848289728164673 0.4708009958267212
vt 0.5766919851303101 0.4599199891090393
vt 0.42890799045562744 0.6790599822998047
vt 0.3990139961242676 0.6783130168914795
vt 0.5090500116348267 0.4776810109615326
vt 0.5150769948959351 0.4655129909515381
vt 0.5576940178871155 0.24633100628852844
vt 0.5479869842529297 0.24706999957561493
vt 0.5570889711380005 0.2541559934616089
vt 0.6723930239677429 0.24456200003623962
vt 0.6694530248641968 0.25097399950027466
vt 0.6652809977531433 0.23818300664424896
vt 0.5690270066261292 0.45415198802948
vt 0.5615540146827698 0.4505020081996918
vt 0.521577000617981 0.4584600031375885
vt 0.5282670259475708 0.45352399349212646
vt 0.6341729760169983 0.6738560199737549
vt 0.6270670294761658 0.6673319935798645
vt 0.20441199839115143 0.18887099623680115
vt 0.21390199661254883 0.189069002866745
vt 0.2143159955739975 0.1811619997024536
vt 0.5153909921646118 0.2471649944782257
vt 0.4945850074291229 0.24722500145435333
vt 0.1524530053138733 0.19168399274349213
vt 0.17269699275493622 0.19058799743652344
vt 0.44529399275779724 0.25875601172447205
vt 0.11386200040578842 0.18203100562095642
vt 0.4652769863605499 0.25869500637054443
vt 0.6541540026664734 0.2560029923915863
vt 0.648792028427124 0.6805890202522278
vt 0.1303189992904663 0.18124300241470337
vt 0.5851269960403442 0.2576330006122589
vt 0.6475260257720947 0.26313599944114685
vt 0.5441480278968811 0.44763699173927307
vt 0.5533549785614014 0.44680100679397583
vt 0.5356490015983582 0.44840800762176514
vt 0.2994920015335083 0.16737300157546997
vt 0.2982789874076843 0.184578999876976
vt 0.2439890056848526 0.1759060025215149
vt 0.4790169894695282 0.25794100761413574
vt 0.14074400067329407 0.18149399757385254
vt 0.1436610072851181 0.188509002327919
vt 0.4252539873123169 0.26166000962257385
vt 0.09567900002002716 0.1801149994134903
vt 0.6661329865455627 0.2573870122432709
vt 0.4207819998264313 0.6863099932670593
vt 0.41329699754714966 0.6852120161056519
vt 0.4055030047893524 0.6859279870986938
vt 0.6399940252304077 0.6804850101470947
vt 0.4939799904823303 0.25505098700523376
vt 0.48843100666999817 0.25506699085235596
vt 0.14746899902820587 0.18406899273395538
vt 0.15286800265312195 0.18377700448036194
vt 0.41387999057769775 0.9739940166473389
vt 0.5675709843635559 0.25910499691963196
vt 0.6850630044937134 0.2544809877872467
vt 0.6774129867553711 0.2566390037536621
vt 0.6850699782371521 0.24736599624156952
vt 0.4492189884185791 0.6935849785804749
vt 0.4416390061378479 0.692795991897583
vt 0.43435099720954895 0.6933180093765259
vt 0.42731600999832153 0.6937419772148132
vt 0.4358009994029999 0.7052369713783264
vt 0.37985700368881226 0.6912519931793213
vt 0.37282198667526245 0.6916760206222534
vt 0.3947640061378479 0.6929280161857605
vt 0.3871839940547943 0.6921390295028687
vt 0.3833189904689789 0.7039260268211365
vt 0.5026659965515137 0.4708620011806488
vt 0.5084909796714783 0.46410301327705383
vt 0.5020189881324768 0.4792160093784332
vt 0.22569799423217773 0.1755100041627884
vt 0.3929080069065094 0.26175200939178467
vt 0.5981659889221191 0.2639949917793274
vt 0.4575580060482025 0.6940820217132568
vt 0.36654600501060486 0.6918079853057861
vt 0.2566480040550232 0.1687989979982376
vt 0.06196700036525726 0.1820169985294342
vt 0.5473809838294983 0.25489500164985657
vt 0.4664030075073242 0.694383978843689
vt 0.01179600041359663 0.1853400021791458
vt 0.018226999789476395 0.1841370016336441
vt 0.3037720024585724 0.1743520051240921
vt 0.20482699573040009 0.18096399307250977
vt 0.5147849917411804 0.25499001145362854
vt 0.4751099944114685 0.6951779723167419
vt 0.02574400044977665 0.18217700719833374
vt 0.17311100661754608 0.18268099427223206
vt 0.5747640132904053 0.4470610022544861
vt 0.5828539729118347 0.45735299587249756
vt 0.4196549952030182 0.6955580115318298
vt 0.40304699540138245 0.6951429843902588
vt 0.5145649909973145 0.4525260031223297
vt 0.4839099943637848 0.6956629753112793
vt 0.5678619742393494 0.44187799096107483
vt 0.520412027835846 0.44618499279022217
vt 0.035064999014139175 0.18013300001621246
vt 0.4570449888706207 0.2672539949417114
vt 0.6122109889984131 0.26964399218559265
vt 0.6622819900512695 0.2652229964733124
vt 0.5604529976844788 0.43893399834632874
vt 0.5271660089492798 0.44195500016212463
vt 0.6452000141143799 0.6886249780654907
vt 0.2695840001106262 0.16241499781608582
vt 0.1232680007815361 0.17302800714969635
vt 0.47494301199913025 0.26577699184417725
vt 0.13778500258922577 0.1737699955701828
vt 0.4365299940109253 0.2687380015850067
vt 0.49206599593162537 0.696835994720459
vt 0.4962790012359619 0.6846429705619812
vt 0.4871320128440857 0.26289498805999756
vt 0.14720900356769562 0.17619900405406952
vt 0.044123999774456024 0.17740300297737122
vt 0.10583200305700302 0.1724579930305481
vt 0.5789129734039307 0.26689600944519043
vt 0.6740999817848206 0.26518601179122925
vt 0.543425977230072 0.4400010108947754
vt 0.5519880056381226 0.4399360120296478
vt 0.02789199911057949 0.7355449795722961
vt 0.02737100049853325 0.742542028427124
vt 0.01968199945986271 0.7390779852867126
vt 0.5356990098953247 0.441415011882782
vt 0.052521001547575 0.7362470030784607
vt 0.04344100132584572 0.7411569952964783
vt 0.04396200180053711 0.734158992767334
vt 0.31224900484085083 0.17911000549793243
vt 0.3116050064563751 0.17263300716876984
vt 0.31812000274658203 0.1644739955663681
vt 0.3188909888267517 0.17307999730110168
vt 0.2373639941215515 0.16700699925422668
vt 0.4134970009326935 0.27236199378967285
vt 0.4027020037174225 0.2681249976158142
vt 0.626570999622345 0.27529001235961914
vt 0.2820790112018585 0.15608100593090057
vt 0.0725879967212677 0.1749819964170456
vt 0.08357100188732147 0.1700890064239502
vt 0.5564879775047302 0.2634040117263794
vt 0.5467780232429504 0.26343199610710144
vt 0.41127198934555054 0.6952440142631531
vt 0.2051990032196045 0.1723479926586151
vt 0.21464599668979645 0.1718360036611557
vt 0.4933759868144989 0.263588011264801
vt 0.5141819715499878 0.2635270059108734
vt 0.6909390091896057 0.2679780125617981
vt 0.6820600032806396 0.2708509862422943
vt 0.6984390020370483 0.2679530084133148
vt 0.697052001953125 0.25870999693870544
vt 0.3247630000114441 0.15844300389289856
vt 0.33059200644493103 0.16107900440692902
vt 0.3231079876422882 0.17510400712490082
vt 0.5027350187301636 0.45639899373054504
vt 0.5078259706497192 0.44953200221061707
vt 0.15323999524116516 0.1751600056886673
vt 0.17348399758338928 0.17406399548053741
vt 0.3857809901237488 0.2717280089855194
vt 0.37838900089263916 0.2674809992313385
vt 0.05328899994492531 0.17255699634552002
vt 0.6572009921073914 0.27306199073791504
vt 0.30678799748420715 0.15706099569797516
vt 0.3099820017814636 0.16479800641536713
vt 0.6502010226249695 0.2823300063610077
vt 0.30126601457595825 0.14803799986839294
vt 0.482369989156723 0.2721549868583679
vt 0.5926499962806702 0.2746790051460266
vt 0.6702460050582886 0.2723110020160675
vt 0.3165389895439148 0.15734800696372986
vt 0.1434900015592575 0.1670909970998764
vt 0.2506130039691925 0.15844500064849854
vt 0.44811901450157166 0.2758150100708008
vt 0.4658670127391815 0.2764720022678375
vt 0.03615099936723709 0.7347300052642822
vt 0.0356299988925457 0.7417280077934265
vt 0.13015300035476685 0.16343800723552704
vt 0.11554300040006638 0.16484999656677246
vt 0.5720009803771973 0.27473801374435425
vt 0.5562049746513367 0.2740730047225952
vt 0.7067980170249939 0.27077099680900574
vt 0.7040200233459473 0.26010799407958984
vt 0.06729099899530411 0.734184980392456
vt 0.07364600151777267 0.7424110174179077
vt 0.0662819966673851 0.7448490262031555
vt 0.060088999569416046 0.7354000210762024
vt 0.21445100009441376 0.16113999485969543
vt 0.23014900088310242 0.1595650017261505
vt 0.44562599062919617 0.7059779763221741
vt 0.3745439946651459 0.7042019963264465
vt 0.4546299874782562 0.706492006778717
vt 0.4254240095615387 0.7048739790916443
vt 0.5668889880180359 0.4317210018634796
vt 0.573727011680603 0.43619900941848755
vt 0.05920499935746193 0.7461559772491455
vt 0.39420101046562195 0.7040939927101135
vt 0.36760300397872925 0.7043169736862183
vt 0.4253059923648834 0.2787269949913025
vt 0.3941810131072998 0.275970995426178
vt 0.46347498893737793 0.7067930102348328
vt 0.41704100370407104 0.7045609951019287
vt 0.558771014213562 0.4288409948348999
vt 0.5513839721679688 0.4336540102958679
vt 0.05093799903988838 0.7470629811286926
vt 0.4030900001525879 0.7042120099067688
vt 0.007038999814540148 0.17353099584579468
vt 0.0134699996560812 0.17232899367809296
vt 0.06268800050020218 0.16772399842739105
vt 0.09466099739074707 0.16308100521564484
vt 0.4721809923648834 0.7075880169868469
vt 0.020987000316381454 0.1703689992427826
vt 0.4930869936943054 0.2721230089664459
vt 0.48669299483299255 0.27356401085853577
vt 0.1472339928150177 0.16547800600528717
vt 0.15317100286483765 0.16659300029277802
vt 0.5138930082321167 0.2720620036125183
vt 0.5464959740638733 0.27410098910331726
vt 0.48137399554252625 0.7074829936027527
vt 0.40973401069641113 0.7043780088424683
vt 0.029897000640630722 0.16904500126838684
vt 0.17341500520706177 0.16549700498580933
vt 0.20500299334526062 0.16165100038051605
vt 0.6073949933052063 0.28245800733566284
vt 0.2640970051288605 0.14989499747753143
vt 0.4885540008544922 0.7066230177879333
vt 0.03818700090050697 0.16850599646568298
vt 0.4755289852619171 0.28213199973106384
vt 0.6660209894180298 0.2815699875354767
vt 0.677515983581543 0.2786889970302582
vt 0.3224650025367737 0.15064500272274017
vt 0.31371599435806274 0.14817899465560913
vt 0.137703999876976 0.157383993268013
vt 0.03515300154685974 0.7494279742240906
vt 0.02689399942755699 0.7502419948577881
vt 0.019495999440550804 0.7497730255126953
vt 0.04296400025486946 0.7488570213317871
vt 0.45504599809646606 0.294283002614975
vt 0.3794980049133301 0.27956700325012207
vt 0.37403398752212524 0.2767370045185089
vt 0.586434006690979 0.2832300066947937
vt 0.24403099715709686 0.1502559930086136
vt 0.04519300162792206 0.16521400213241577
vt 0.11963099986314774 0.14616699516773224
vt 0.40275299549102783 0.28519299626350403
vt 0.0715700015425682 0.15794800221920013
vt 0.4374299943447113 0.28509199619293213
vt 0.6979060173034668 0.2786250114440918
vt 0.6933509707450867 0.28290700912475586
vt 0.7061039805412292 0.28001999855041504
vt 0.08036100119352341 0.7427530288696289
vt 0.0797640010714531 0.752377986907959
vt 0.07301100343465805 0.753350019454956
vt 0.3346180021762848 0.14581799507141113
vt 0.33670398592948914 0.15006700158119202
vt 0.10531000047922134 0.15612100064754486
vt 0.6224550008773804 0.2902350127696991
vt 0.2771399915218353 0.14139500260353088
vt 0.38651299476623535 0.284525990486145
vt 0.6861739754676819 0.28577500581741333
vt 0.7137669920921326 0.2821289896965027
vt 0.7130720019340515 0.2721709907054901
vt 0.06572899967432022 0.7551760077476501
vt 0.32969701290130615 0.14315800368785858
vt 0.053199999034404755 0.159744992852211
vt 0.4143970012664795 0.2887150049209595
vt 0.4865669906139374 0.2842319905757904
vt 0.5137659907341003 0.2820189893245697
vt 0.4928010106086731 0.28136900067329407
vt 0.5463709831237793 0.2847689986228943
vt 0.4376170039176941 0.7174540162086487
vt 0.42650100588798523 0.7180870175361633
vt 0.4463669955730438 0.71806401014328
vt 0.41653600335121155 0.7178379893302917
vt 0.4085640013217926 0.7176390290260315
vt 0.4012570083141327 0.7174569964408875
vt 0.391292005777359 0.7172070145606995
vt 0.3811489939689636 0.7160429954528809
vt 0.37395599484443665 0.7162550091743469
vt 0.15306000411510468 0.15731699764728546
vt 0.17304100096225739 0.1555359959602356
vt 0.14681699872016907 0.1548060029745102
vt 0.20458699762821198 0.15097999572753906
vt 0.08304999768733978 0.15375299751758575
vt 0.6739829778671265 0.2879459857940674
vt 0.45535099506378174 0.7178739905357361
vt 0.019193999469280243 0.7602840065956116
vt 0.011963999830186367 0.760608971118927
vt 0.012392000295221806 0.750190019607544
vt 0.0063390000723302364 0.7602949738502502
vt 0.05877700075507164 0.7565749883651733
vt 0.050634998828172684 0.7575740218162537
vt 0.36699599027633667 0.7156659960746765
vt 0.32031598687171936 0.1414400041103363
vt 0.6605629920959473 0.290120005607605
vt 0.46419599652290344 0.7181749939918518
vt 0.026629000902175903 0.7594379782676697
vt 0.04269900172948837 0.7580530047416687
vt 0.005905999802052975 0.16218599677085876
vt 0.012337000109255314 0.16098399460315704
vt 0.30936399102211 0.13981899619102478
vt 0.5560799837112427 0.28474101424217224
vt 0.4731360077857971 0.7181680202484131
vt 0.02057100087404251 0.15969699621200562
vt 0.21403400599956512 0.15046900510787964
vt 0.601876974105835 0.29243001341819763
vt 0.5796800255775452 0.2910720109939575
vt 0.5744689702987671 0.2989090085029602
vt 0.034887999296188354 0.7586240172386169
vt 0.2365960031747818 0.1428389996290207
vt 0.2302899956703186 0.13537299633026123
vt 0.25810399651527405 0.14025099575519562
vt 0.4393309950828552 0.29930800199508667
vt 0.3936850130558014 0.2894839942455292
vt 0.653186023235321 0.3000989854335785
vt 0.48164498805999756 0.7173420190811157
vt 0.02930299937725067 0.1591079980134964
vt 0.3026829957962036 0.130172997713089
vt 0.06098699942231178 0.1543000042438507
vt 0.1051499992609024 0.14192800223827362
vt 0.46693500876426697 0.29638001322746277
vt 0.4887869954109192 0.7150740027427673
vt 0.4942300021648407 0.7086459994316101
vt 0.03767799958586693 0.15998899936676025
vt 0.12919899821281433 0.14357799291610718
vt 0.42636099457740784 0.29436901211738586
vt 0.09396100044250488 0.14747899770736694
vt 0.3789939880371094 0.2902359962463379
vt 0.3740600049495697 0.2852709889411926
vt 0.6841880083084106 0.29573801159858704
vt 0.7033290266990662 0.28927698731422424
vt 0.08554200083017349 0.756630003452301
vt 0.08011700212955475 0.7621250152587891
vt 0.32863500714302063 0.13319499790668488
vt 0.04366099834442139 0.15462900698184967
vt 0.711529016494751 0.2913829982280731
vt 0.07340700179338455 0.7638000249862671
vt 0.5137900114059448 0.28984200954437256
vt 0.492823988199234 0.28919199109077454
vt 0.15259400010108948 0.149508997797966
vt 0.1725749969482422 0.14772799611091614
vt 0.4866040050983429 0.29632100462913513
vt 0.4764249920845032 0.2970629930496216
vt 0.6700739860534668 0.2979139983654022
vt 0.31700900197029114 0.13161100447177887
vt 0.13726699352264404 0.14246700704097748
vt 0.14609600603580475 0.14273999631404877
vt 0.6177909970283508 0.3016270101070404
vt 0.7200539708137512 0.2970440089702606
vt 0.7193480134010315 0.2835319936275482
vt 0.06551899760961533 0.7691090106964111
vt 0.2715170085430145 0.1303189992904663
vt 0.595973014831543 0.3002690076828003
vt 0.693992018699646 0.2964189946651459
vt 0.7018799781799316 0.299237996339798
vt 0.3362630009651184 0.13213500380516052
vt 0.08961399644613266 0.7694960236549377
vt 0.08434499800205231 0.7717530131340027
vt 0.25112399458885193 0.1328209936618805
vt 0.38547301292419434 0.295195996761322
vt 0.493010014295578 0.2984359860420227
vt 0.4482400119304657 0.7285640239715576
vt 0.4379270076751709 0.728721022605896
vt 0.4287849962711334 0.7287009954452515
vt 0.019021999090909958 0.7729020118713379
vt 0.01183599978685379 0.773930013179779
vt 0.006128999870270491 0.7742270231246948
vt 0.05864899978041649 0.7698959708213806
vt 0.0504629984498024 0.77019202709198
vt 0.38958999514579773 0.7277209758758545
vt 0.38145899772644043 0.7273100018501282
vt 0.37317100167274475 0.726688027381897
vt 0.15182200074195862 0.1403069943189621
vt 0.05077299848198891 0.1492210030555725
vt 0.41613200306892395 0.30008700489997864
vt 0.40710800886154175 0.29726898670196533
vt 0.3997960090637207 0.2980009913444519
vt 0.486286997795105 0.7244719862937927
vt 0.49360400438308716 0.719290018081665
vt 0.4916290044784546 0.7291970252990723
vt 0.5562670230865479 0.29469600319862366
vt 0.5465580224990845 0.2947239875793457
vt 0.5139700174331665 0.29766300320625305
vt 0.4574959874153137 0.7289789915084839
vt 0.4665749967098236 0.7284790277481079
vt 0.41196200251579285 0.729790985584259
vt 0.02645700052380562 0.772055983543396
vt 0.40862101316452026 0.7290040254592896
vt 0.03484100103378296 0.7713339924812317
vt 0.40598300099372864 0.7296419739723206
vt 0.04252700135111809 0.770671010017395
vt 0.36648300290107727 0.726705014705658
vt 0.007017999887466431 0.15070700645446777
vt 0.014165000058710575 0.150178000330925
vt 0.20377300679683685 0.1410679966211319
vt 0.2132200002670288 0.14055700600147247
vt 0.17188699543476105 0.13994599878787994
vt 0.03444100171327591 0.1509460061788559
vt 0.04173099994659424 0.1448030024766922
vt 0.0746769979596138 0.14568699896335602
vt 0.08327999711036682 0.14237399399280548
vt 0.066771000623703 0.14542900025844574
vt 0.4772680103778839 0.7309150099754333
vt 0.4687750041484833 0.737866997718811
vt 0.02514900080859661 0.14588099718093872
vt 0.017165999859571457 0.1400340050458908
vt 0.424793004989624 0.30788400769233704
vt 0.6802780032157898 0.3057059943675995
vt 0.32532799243927 0.12336699664592743
vt 0.09047000110149384 0.13417699933052063
vt 0.39211100339889526 0.3008660078048706
vt 0.05762200057506561 0.14312799274921417
vt 0.37880200147628784 0.3001909852027893
vt 0.7092289924621582 0.3013480007648468
vt 0.07846000045537949 0.7734590172767639
vt 0.6476719975471497 0.31149300932884216
vt 0.6649349927902222 0.307886004447937
vt 0.31213200092315674 0.12188000231981277
vt 0.29660600423812866 0.11910899728536606
vt 0.5900670289993286 0.3073970079421997
vt 0.24418500065803528 0.1261020004749298
vt 0.7158799767494202 0.3020380139350891
vt 0.5687670111656189 0.9491009712219238
vt 0.5680530071258545 0.9603829979896545
vt 0.5630750060081482 0.95967698097229
vt 0.563077986240387 0.9483950138092041
vt 0.5630679726600647 0.939005970954895
vt 0.568045973777771 0.9397130012512207
vt 0.5708940029144287 0.9489840269088745
vt 0.5716019868850708 0.9602659940719604
vt 0.5694550275802612 0.936644971370697
vt 0.5588080286979675 0.9603869915008545
vt 0.5580999851226807 0.9491050243377686
vt 0.558800995349884 0.9397159814834595
vt 0.5552459955215454 0.9602720141410828
vt 0.5559599995613098 0.948989987373352
vt 0.5573660135269165 0.9366490244865417
vt 0.07261200249195099 0.7738509774208069
vt 0.6117309927940369 0.30946698784828186
vt 0.5680299997329712 0.9713159799575806
vt 0.5630519986152649 0.9706090092658997
vt 0.5715849995613098 0.9713150262832642
vt 0.5587850213050842 0.9713190197944641
vt 0.5552300214767456 0.9713209867477417
vt 0.2647570073604584 0.12286599725484848
vt 0.9624080061912537 0.12097500264644623
vt 0.9595950245857239 0.13170099258422852
vt 0.9574750065803528 0.13111500442028046
vt 0.9645289778709412 0.12156099826097488
vt 0.9614840149879456 0.13269799947738647
vt 0.9714720249176025 0.11219999939203262
vt 0.9414970278739929 0.5649799704551697
vt 0.9485610127449036 0.5729100108146667
vt 0.9464280009269714 0.5738239884376526
vt 0.9437919855117798 0.57430100440979
vt 0.9393630027770996 0.5658950209617615
vt 0.9311500191688538 0.5597890019416809
vt 0.4356760084629059 0.310696005821228
vt 0.46605798602104187 0.30918198823928833
vt 0.4520930051803589 0.3085139989852905
vt 0.48483699560165405 0.7348880171775818
vt 0.958175003528595 0.14285500347614288
vt 0.9550930261611938 0.1425209939479828
vt 0.5630589723587036 0.9310349822044373
vt 0.5666109919548035 0.9309759736061096
vt 0.12973199784755707 0.8150249719619751
vt 0.12973199784755707 0.8059319853782654
vt 0.13166500627994537 0.8117989897727966
vt 0.5602110028266907 0.930978000164032
vt 0.9538149833679199 0.5830280184745789
vt 0.9507039785385132 0.5839809775352478
vt 0.03381799906492233 0.1403370052576065
vt 0.11474700272083282 0.1322290003299713
vt 0.12642399966716766 0.130949005484581
vt 0.099761001765728 0.13086499273777008
vt 0.38597699999809265 0.3058600127696991
vt 0.5569239854812622 0.30393698811531067
vt 0.5470569729804993 0.3039659857749939
vt 0.5236449837684631 0.3075900077819824
vt 0.570110023021698 0.30674299597740173
vt 0.20255999267101288 0.13191600143909454
vt 0.21178700029850006 0.13142900168895721
vt 0.17918400466442108 0.12963399291038513
vt 0.22443799674510956 0.1278959959745407
vt 0.04947499930858612 0.13864900171756744
vt 0.4506179988384247 0.7388669848442078
vt 0.4403049945831299 0.7390249967575073
vt 0.4601080119609833 0.7384809851646423
vt 0.43022599816322327 0.738381028175354
vt 0.4176659882068634 0.7347559928894043
vt 0.4222320020198822 0.742900013923645
vt 0.9812989830970764 0.05540800094604492
vt 0.9855309724807739 0.05590900033712387
vt 0.9846869707107544 0.06658899784088135
vt 0.9817540049552917 0.06705199927091599
vt 0.9837509989738464 0.07785400003194809
vt 0.5523849725723267 0.9472240209579468
vt 0.5530930161476135 0.9365350008010864
vt 0.5552390217781067 0.9481059908866882
vt 0.551671028137207 0.9585059881210327
vt 0.38970300555229187 0.7373690009117126
vt 0.381181001663208 0.7375479936599731
vt 0.40105798840522766 0.734341025352478
vt 0.3989799916744232 0.7423189878463745
vt 0.37289199233055115 0.7369250059127808
vt 0.36643800139427185 0.73614102602005
vt 0.4776250123977661 0.3084369897842407
vt 0.4869459867477417 0.3055639863014221
vt 0.5019909739494324 0.30836400389671326
vt 0.690625011920929 0.30851900577545166
vt 0.9822350144386292 0.08808200061321259
vt 0.9793069958686829 0.08848799765110016
vt 0.980817973613739 0.07831799983978271
vt 0.5545250177383423 0.9593889713287354
vt 0.5545060038566589 0.9696710109710693
vt 0.5516549944877625 0.9688469767570496
vt 0.009562999941408634 0.14057500660419464
vt 0.3337239921092987 0.12011600285768509
vt 0.1366019994020462 0.13114899396896362
vt 0.14510400593280792 0.13356299698352814
vt 0.15844300389289856 0.13003100454807281
vt 0.4109160006046295 0.3057909905910492
vt 0.40344399213790894 0.3058120012283325
vt 0.6990429759025574 0.30920401215553284
vt 0.9850760102272034 0.04910200089216232
vt 0.9793069958686829 0.04938599839806557
vt 0.5544989705085754 0.9298639893531799
vt 0.34000200033187866 0.11912800371646881
vt 0.34151899814605713 0.12907899916172028
vt 0.0694580003619194 0.1374640017747879
vt 0.07710099965333939 0.137036994099617
vt 0.39751699566841125 0.3058289885520935
vt 0.5156049728393555 0.3182780146598816
vt 0.012039000168442726 0.7868229746818542
vt 0.006331999786198139 0.78711998462677
vt 0.7235620021820068 0.31054601073265076
vt 0.9593030214309692 0.00784400012344122
vt 0.9648609757423401 0.0028699999675154686
vt 0.9553750157356262 0.01882299967110157
vt 0.9896180033683777 0.06725099682807922
vt 0.989391028881073 0.07856100052595139
vt 0.570838987827301 0.9805970191955566
vt 0.5672829747200012 0.9805989861488342
vt 0.959646999835968 0.15467099845409393
vt 0.9571849703788757 0.1546880006790161
vt 0.5630170106887817 0.9798910021781921
vt 0.5594609975814819 0.9806020259857178
vt 0.5559049844741821 0.9806029796600342
vt 0.9553020000457764 0.595412015914917
vt 0.9526860117912292 0.5958539843559265
vt 0.9350630044937134 0.5658630132675171
vt 0.9226729869842529 0.5585280060768127
vt 0.929157018661499 0.5599370002746582
vt 0.5474039912223816 0.9471679925918579
vt 0.5459750294685364 0.9583920240402222
vt 0.06572200357913971 0.7820010185241699
vt 0.058851998299360275 0.7827889919281006
vt 0.16845299303531647 0.11961100250482559
vt 0.06294400244951248 0.13784199953079224
vt 0.6751369833946228 0.31496700644493103
vt 0.019224999472498894 0.7857949733734131
vt 0.9587979912757874 0.01981399953365326
vt 0.9564719796180725 0.030532000586390495
vt 0.9528679847717285 0.030045999214053154
vt 0.9669129848480225 0.005578999873250723
vt 0.026660000905394554 0.784949004650116
vt 0.9879770278930664 0.08808799833059311
vt 0.03504500165581703 0.7842270135879517
vt 0.042729999870061874 0.7835639715194702
vt 0.050666000694036484 0.7830849885940552
vt 0.5459589958190918 0.9680240154266357
vt 0.937358021736145 0.5751839876174927
vt 0.9316059947013855 0.5675079822540283
vt 0.9414650201797485 0.5741569995880127
vt 0.921159029006958 0.5610799789428711
vt 0.32049301266670227 0.11434599757194519
vt 0.4434190094470978 0.317782998085022
vt 0.5844740271568298 0.3138119876384735
vt 0.23684899508953094 0.12014299631118774
vt 0.10498300194740295 0.12352599948644638
vt 0.41593998670578003 0.31004300713539124
vt 0.37999799847602844 0.31014299392700195
vt 0.37367600202560425 0.30518200993537903
vt 0.483583003282547 0.7430940270423889
vt 0.4763830006122589 0.7432489991188049
vt 0.7070850133895874 0.3113119900226593
vt 0.9555910229682922 0.04143200069665909
vt 0.9529420137405396 0.04038599878549576
vt 0.9424560070037842 0.5841730237007141
vt 0.9457529783248901 0.5833309888839722
vt 0.08882500231266022 0.7815629839897156
vt 0.08281400054693222 0.7831779718399048
vt 0.025748999789357185 0.13307100534439087
vt 0.03399699926376343 0.13182200491428375
vt 0.04114999994635582 0.13490499556064606
vt 0.08134900033473969 0.1325480043888092
vt 0.3926129937171936 0.3108200132846832
vt 0.6052860021591187 0.3158850073814392
vt 0.6587250232696533 0.318571001291275
vt 0.7270669937133789 0.8932430148124695
vt 0.7237269878387451 0.8923829793930054
vt 0.7266349792480469 0.8835480213165283
vt 0.7297359704971313 0.8845369815826416
vt 0.9500619769096375 0.595346987247467
vt 0.9485629796981812 0.5839470028877258
vt 0.30542200803756714 0.11156299710273743
vt 0.2569650113582611 0.11691699922084808
vt 0.056366998702287674 0.13326500356197357
vt 0.6417719721794128 0.3207550048828125
vt 0.6346380114555359 0.3285970091819763
vt 0.7135810256004333 0.31271299719810486
vt 0.9614760279655457 0.020772000774741173
vt 0.9591500163078308 0.03149000182747841
vt 0.7319120168685913 0.8941559791564941
vt 0.7354810237884521 0.8852519989013672
vt 0.973567008972168 0.003874999936670065
vt 0.9139710068702698 0.5620390176773071
vt 0.5523329973220825 0.97747802734375
vt 0.5473489761352539 0.9773640036582947
vt 0.9353799819946289 0.577226996421814
vt 0.929627001285553 0.5695509910583496
vt 0.07770899683237076 0.7842130064964294
vt 0.28098899126052856 0.1029290035367012
vt 0.28953999280929565 0.1102600023150444
vt 0.7212560176849365 0.31837698817253113
vt 0.07064399868249893 0.7895519733428955
vt 0.958503007888794 0.04173799976706505
vt 0.7357839941978455 0.8957719802856445
vt 0.7394610047340393 0.8875640034675598
vt 0.9479029774665833 0.5953490138053894
vt 0.9451000094413757 0.5956810116767883
vt 0.9399949908256531 0.5857440233230591
vt 0.557578980922699 0.3124679923057556
vt 0.5478690266609192 0.31249600648880005
vt 0.5327770113945007 0.31538400053977966
vt 0.5667589902877808 0.3145740032196045
vt 0.20094899833202362 0.12352299690246582
vt 0.21039600670337677 0.12301100045442581
vt 0.21882100403308868 0.12043199688196182
vt 0.185712993144989 0.12151200324296951
vt 0.4901599884033203 0.7389090061187744
vt 0.9772120118141174 0.11636000126600266
vt 0.9798420071601868 0.11219999939203262
vt 0.9859240055084229 0.13251499831676483
vt 0.9799990057945251 0.13261599838733673
vt 0.9851049780845642 0.1432110071182251
vt 0.9791809916496277 0.143312007188797
vt 0.16874399781227112 0.9276540279388428
vt 0.17478500306606293 0.9073299765586853
vt 0.17746800184249878 0.9114720225334167
vt 0.17469799518585205 0.9277359843254089
vt 0.1695609986782074 0.9383540153503418
vt 0.17551499605178833 0.938435971736908
vt 0.4086349904537201 0.31290799379348755
vt 0.4006269872188568 0.31293100118637085
vt 0.38732901215553284 0.31581100821495056
vt 0.4876070022583008 0.3162280023097992
vt 0.4977929890155792 0.31762000918388367
vt 0.44383499026298523 0.7484470009803772
vt 0.4331110119819641 0.7484899759292603
vt 0.42212799191474915 0.7502229809761047
vt 0.7201939821243286 0.9024890065193176
vt 0.7175499796867371 0.9027630090713501
vt 0.7189570069313049 0.8909639716148376
vt 0.7222620248794556 0.8906220197677612
vt 0.9650409817695618 0.16534100472927094
vt 0.9631969928741455 0.1657090038061142
vt 0.7142450213432312 0.9031050205230713
vt 0.7152299880981445 0.8912450075149536
vt 0.7116010189056396 0.9033790230751038
vt 0.7116860151290894 0.8917170166969299
vt 0.7089570164680481 0.903652012348175
vt 0.7083809971809387 0.8920590281486511
vt 0.9530479907989502 0.6080939769744873
vt 0.9509260058403015 0.6080250144004822
vt 0.38993000984191895 0.7474110126495361
vt 0.3807240128517151 0.7468699812889099
vt 0.4015350043773651 0.7497079968452454
vt 0.1435849964618683 0.12301599979400635
vt 0.15228700637817383 0.12115900218486786
vt 0.04867500066757202 0.1287750005722046
vt 0.06477800011634827 0.13064800202846527
vt 0.07331600040197372 0.13016000390052795
vt 0.4630869925022125 0.7482810020446777
vt 0.47075599431991577 0.7503529787063599
vt 0.6868759989738464 0.31919801235198975
vt 0.45373600721359253 0.7481750249862671
vt 0.960690975189209 0.05249999836087227
vt 0.9584490060806274 0.05243400111794472
vt 0.981768012046814 0.1523369997739792
vt 0.9772120118141174 0.1528249979019165
vt 0.17288100719451904 0.947484016418457
vt 0.17746800184249878 0.947953999042511
vt 0.9431340098381042 0.5967410206794739
vt 0.3733530044555664 0.7461659908294678
vt 0.006765999831259251 0.1308860033750534
vt 0.014546000398695469 0.12961100041866302
vt 0.0028699999675154686 0.14109200239181519
vt 0.3301540017127991 0.10960199683904648
vt 0.02221200056374073 0.12624500691890717
vt 0.5804250240325928 0.32022199034690857
vt 0.23064100742340088 0.11413399875164032
vt 0.4282200038433075 0.31569498777389526
vt 0.4212859869003296 0.31642699241638184
vt 0.5996909737586975 0.32158899307250977
vt 0.7238810062408447 0.9039160013198853
vt 0.7215499877929688 0.9035540223121643
vt 0.9494460225105286 0.6076260209083557
vt 0.24967099726200104 0.11166699975728989
vt 0.08502999693155289 0.1259790062904358
vt 0.09182099997997284 0.12632299959659576
vt 0.4720500111579895 0.3212519884109497
vt 0.4487070143222809 0.3262990117073059
vt 0.5089470148086548 0.32754001021385193
vt 0.6696190237998962 0.3249390125274658
vt 0.6794430017471313 0.9001560211181641
vt 0.6743639707565308 0.909093976020813
vt 0.6711230278015137 0.907476007938385
vt 0.6766240000724792 0.8979889750480652
vt 0.6904150247573853 0.8835480213165283
vt 0.6950610280036926 0.8868399858474731
vt 0.9306039810180664 0.5776709914207458
vt 0.9276480078697205 0.5797520279884338
vt 0.9223780035972595 0.5725489854812622
vt 0.9248510003089905 0.5699949860572815
vt 0.909030020236969 0.5652160048484802
vt 0.31450098752975464 0.10470099747180939
vt 0.15915599465370178 0.11093500256538391
vt 0.12888400256633759 0.11880099773406982
vt 0.10697899758815765 0.11496400088071823
vt 0.6959909796714783 0.32130300998687744
vt 0.73990797996521 0.8999829888343811
vt 0.7363499999046326 0.8977310061454773
vt 0.7401360273361206 0.89021897315979
vt 0.7451260089874268 0.8930299878120422
vt 0.7276430130004883 0.9048359990119934
vt 0.34380000829696655 0.9503970146179199
vt 0.34295299649238586 0.9606540203094482
vt 0.33988699316978455 0.9617900252342224
vt 0.3391520082950592 0.9515500068664551
vt 0.9395210146903992 0.5972560048103333
vt 0.9355530142784119 0.5864779949188232
vt 0.33702200651168823 0.10715900361537933
vt 0.4145149886608124 0.3185789883136749
vt 0.38150501251220703 0.3193809986114502
vt 0.375560998916626 0.31370899081230164
vt 0.6276559829711914 0.3343049883842468
vt 0.7037169933319092 0.32270100712776184
vt 0.6707000136375427 0.9185240268707275
vt 0.6675540208816528 0.916782021522522
vt 0.9324300289154053 0.5884140133857727
vt 0.3425840139389038 0.10549800097942352
vt 0.34508100152015686 0.11680799722671509
vt 0.27234598994255066 0.09775199741125107
vt 0.04017199948430061 0.12576499581336975
vt 0.07793399691581726 0.12424000352621078
vt 0.4304159879684448 0.32350999116897583
vt 0.39620500802993774 0.32147499918937683
vt 0.7314040064811707 0.9057570099830627
vt 0.7447299957275391 0.41572898626327515
vt 0.7447299957275391 0.423101007938385
vt 0.7418239712715149 0.4209890067577362
vt 0.5402190089225769 0.9363240003585815
vt 0.5377569794654846 0.9416090250015259
vt 0.5336800217628479 0.9402289986610413
vt 0.3368220031261444 0.9629259705543518
vt 0.3360840082168579 0.9533910155296326
vt 0.057328000664711 0.12259700149297714
vt 0.09160099923610687 0.11856699734926224
vt 0.009991000406444073 0.8010259866714478
vt 0.0028699999675154686 0.7953929901123047
vt 0.062394000589847565 0.7965090274810791
vt 0.6528229713439941 0.32712098956108093
vt 0.7109040021896362 0.3233889937400818
vt 0.6847580075263977 0.9025750160217285
vt 0.6790199875831604 0.9112039804458618
vt 0.01967800036072731 0.7988709807395935
vt 0.02711400017142296 0.7980250120162964
vt 0.03537299856543541 0.7972109913825989
vt 0.04318400099873543 0.7966399788856506
vt 0.05111899971961975 0.7961609959602356
vt 0.9242050051689148 0.5832930207252502
vt 0.9186080098152161 0.5767459869384766
vt 0.0868069976568222 0.7945460081100464
vt 0.08153200149536133 0.7947859764099121
vt 0.2983990013599396 0.10342399775981903
vt 0.4059770107269287 0.32073700428009033
vt 0.4134010076522827 0.3264029920101166
vt 0.5585460066795349 0.32028499245643616
vt 0.5488359928131104 0.3203139901161194
vt 0.5337439775466919 0.3232020139694214
vt 0.47955700755119324 0.7508379817008972
vt 0.6684499979019165 0.9284470081329346
vt 0.6659629940986633 0.9270129799842834
vt 0.9659820199012756 0.06092499941587448
vt 0.9644089937210083 0.06109900027513504
vt 0.9448300004005432 0.6072670221328735
vt 0.9433590173721313 0.6078159809112549
vt 0.9367250204086304 0.5985350012779236
vt 0.031532999128103256 0.1242000013589859
vt 0.19915999472141266 0.11586400121450424
vt 0.2086070030927658 0.11535300314426422
vt 0.18392400443553925 0.11385399848222733
vt 0.06837400048971176 0.12266000360250473
vt 0.07412099838256836 0.11669100075960159
vt 0.48734399676322937 0.7478830218315125
vt 0.7168610095977783 0.3240810036659241
vt 0.6746960282325745 0.9203259944915771
vt 0.9293149709701538 0.59129798412323
vt 0.07581000030040741 0.7952700257301331
vt 0.594946026802063 0.32728999853134155
vt 0.2428310066461563 0.10640600323677063
vt 0.5758389830589294 0.3266339898109436
vt 0.5596699714660645 0.3281019926071167
vt 0.7344110012054443 0.9087730050086975
vt 0.7318609952926636 0.9070199728012085
vt 0.9408900141716003 0.608439028263092
vt 0.2065970003604889 0.10771899670362473
vt 0.22353899478912354 0.10818800330162048
vt 0.4245469868183136 0.3213939964771271
vt 0.3889940083026886 0.3250490128993988
vt 0.520891010761261 0.3260830044746399
vt 0.6812040209770203 0.3305929899215698
vt 0.3242970108985901 0.09851299971342087
vt 0.1704930067062378 0.11175800114870071
vt 0.047474998980760574 0.11966100335121155
vt 0.08677099645137787 0.12093900144100189
vt 0.4198560118675232 0.32354098558425903
vt 0.48857900500297546 0.3254680037498474
vt 0.4734970033168793 0.33191201090812683
vt 0.6208279728889465 0.3393009901046753
vt 0.45638400316238403 0.7552549839019775
vt 0.44773098826408386 0.7581650018692017
vt 0.43741899728775024 0.7583230137825012
vt 0.671645998954773 0.9289569854736328
vt 0.42610299587249756 0.7627580165863037
vt 0.6895899772644043 0.9044589996337891
vt 0.6863939762115479 0.9039499759674072
vt 0.9830340147018433 0.6642320156097412
vt 0.988323986530304 0.6829460263252258
vt 0.9846699833869934 0.682886004447937
vt 0.6984990239143372 0.8858669996261597
vt 0.6958969831466675 0.9044209718704224
vt 0.6918500065803528 0.9038519859313965
vt 0.9714720249176025 0.17562100291252136
vt 0.7190600037574768 0.9153609871864319
vt 0.7144330143928528 0.9158400297164917
vt 0.7104660272598267 0.9162499904632568
vt 0.9483550190925598 0.6203799843788147
vt 0.9158049821853638 0.5770769715309143
vt 0.9130290150642395 0.5783209800720215
vt 0.3396579921245575 0.7448059916496277
vt 0.3449600040912628 0.7260710000991821
vt 0.3433299958705902 0.744733989238739
vt 0.5376710295677185 0.9550089836120605
vt 0.5331230163574219 0.9552639722824097
vt 0.5402190089225769 0.9557679891586304
vt 0.3902519941329956 0.7571439743041992
vt 0.38196301460266113 0.756521999835968
vt 0.4028509855270386 0.7621769905090332
vt 0.9339479804039001 0.5997790098190308
vt 0.3746730089187622 0.7532129883766174
vt 0.011242999695241451 0.12279900163412094
vt 0.26352399587631226 0.09330999851226807
vt 0.14171099662780762 0.11393799632787704
vt 0.12626400589942932 0.10837899893522263
vt 0.08169999718666077 0.1190899983048439
vt 0.4643459916114807 0.7586380243301392
vt 0.019499000161886215 0.11797600239515305
vt 0.4327690005302429 0.3306120038032532
vt 0.4961000084877014 0.33255499601364136
vt 0.7419049739837646 0.9025009870529175
vt 0.9885370135307312 0.6931509971618652
vt 0.984870970249176 0.6931480169296265
vt 0.721077024936676 0.9163569808006287
vt 0.9460660219192505 0.6201649904251099
vt 0.34313300251960754 0.7550010085105896
vt 0.33944299817085266 0.755016028881073
vt 0.14559799432754517 0.10671000182628632
vt 0.09120400249958038 0.11154499650001526
vt 0.9860129952430725 0.7025669813156128
vt 0.9830340147018433 0.7027469873428345
vt 0.41940999031066895 0.753466010093689
vt 0.7011669874191284 0.9092310070991516
vt 0.7026410102844238 0.8863109946250916
vt 0.7247300148010254 0.9165819883346558
vt 0.3435310125350952 0.9727910161018372
vt 0.34046700596809387 0.973222017288208
vt 0.4054589867591858 0.753117024898529
vt 0.5256419777870178 0.9581480026245117
vt 0.5286239981651306 0.9400020241737366
vt 0.3449600040912628 0.7646030187606812
vt 0.3419570028781891 0.7644349932670593
vt 0.3833250105381012 0.327906996011734
vt 0.37583398818969727 0.32152900099754333
vt 0.66286700963974 0.3334920108318329
vt 0.7201420068740845 0.3354490101337433
vt 0.7143459916114807 0.3361789882183075
vt 0.726410984992981 0.33542799949645996
vt 0.7285550236701965 0.32546401023864746
vt 0.07902300357818604 0.8073089718818665
vt 0.07391099631786346 0.8063269853591919
vt 0.0667480006814003 0.80622798204422
vt 0.30702298879623413 0.09657400101423264
vt 0.038795001804828644 0.11738499999046326
vt 0.4743559956550598 0.7603530287742615
vt 0.6908599734306335 0.3341189920902252
vt 0.6844609975814819 0.9146299958229065
vt 0.6812199950218201 0.9130129814147949
vt 0.727279007434845 0.9183359742164612
vt 0.3387269973754883 0.9751359820365906
vt 0.9209079742431641 0.5841349959373474
vt 0.9179520010948181 0.5862169861793518
vt 0.3319759964942932 0.094589002430439
vt 0.030306000262498856 0.11441300064325333
vt 0.4057160019874573 0.3292689919471741
vt 0.3981870114803314 0.33142200112342834
vt 0.5898200273513794 0.3322809934616089
vt 0.5499609708786011 0.3281309902667999
vt 0.534866988658905 0.3303079903125763
vt 0.6769919991493225 0.9220089912414551
vt 0.6745049953460693 0.9310740232467651
vt 0.7362989783287048 0.9105949997901917
vt 0.6694459915161133 0.9376469850540161
vt 0.9385899901390076 0.6092079877853394
vt 0.9303240180015564 0.6012780070304871
vt 0.9261850118637085 0.5922859907150269
vt 0.19715000689029694 0.10823100060224533
vt 0.18195700645446777 0.10693000257015228
vt 0.2349189966917038 0.10193999856710434
vt 0.05564500018954277 0.11282200366258621
vt 0.06497199833393097 0.11438900232315063
vt 0.4258889853954315 0.3277890086174011
vt 0.39236000180244446 0.3342820107936859
vt 0.44759100675582886 0.3334119915962219
vt 0.4831790030002594 0.7561200261116028
vt 0.645687997341156 0.3342519998550415
vt 0.6807010173797607 0.9241849780082703
vt 0.973567008972168 0.06926800310611725
vt 0.9417840242385864 0.6200979948043823
vt 0.9225670099258423 0.5947329998016357
vt 0.28989100456237793 0.0968020036816597
vt 0.10320799797773361 0.1081250011920929
vt 0.04718500003218651 0.11052200198173523
vt 0.08618199825286865 0.11461400240659714
vt 0.6151660084724426 0.3442929983139038
vt 0.6999729871749878 0.33551400899887085
vt 0.41474801301956177 0.7657859921455383
vt 0.41214099526405334 0.754692018032074
vt 0.5225430130958557 0.9361720085144043
vt 0.507610023021698 0.956574022769928
vt 0.5020189881324768 0.9496089816093445
vt 0.5179409980773926 0.9298639893531799
vt 0.5037670135498047 0.9373909831047058
vt 0.514735996723175 0.9616780281066895
vt 0.3388870060443878 0.09285499900579453
vt 0.25471600890159607 0.08890499919652939
vt 0.6908130049705505 0.9191989898681641
vt 0.7294049859046936 0.9200279712677002
vt 0.9390000104904175 0.6203929781913757
vt 0.913998007774353 0.5931829810142517
vt 0.911575973033905 0.5788339972496033
vt 0.4194340109825134 0.3306509852409363
vt 0.42684999108314514 0.33347299695014954
vt 0.5220130085945129 0.3331890106201172
vt 0.7078539729118347 0.3361999988555908
vt 0.6781690120697021 0.9321420192718506
vt 0.7455859780311584 0.9081720113754272
vt 0.7395229935646057 0.9150030016899109
vt 0.7356520295143127 0.9133870005607605
vt 0.7421579957008362 0.9050949811935425
vt 0.6723150014877319 0.9385809898376465
vt 0.9364629983901978 0.6110699772834778
vt 0.9336599707603455 0.6114010214805603
vt 0.9268860220909119 0.602886974811554
vt 0.08961399644613266 0.8075299859046936
vt 0.08421500027179718 0.8076789975166321
vt 0.16852599382400513 0.10483399778604507
vt 0.08452100306749344 0.10908500105142593
vt 0.07860399782657623 0.11221399903297424
vt 0.4534040093421936 0.7656090259552002
vt 0.6941909790039062 0.9206420183181763
vt 0.9100580215454102 0.5943549871444702
vt 0.5320019721984863 0.9683730006217957
vt 0.11003100126981735 0.7155069708824158
vt 0.12110500037670135 0.7138670086860657
vt 0.11582700163125992 0.7216579914093018
vt 0.10753600299358368 0.7241420149803162
vt 0.6925089955329895 0.9321560263633728
vt 0.6727020144462585 0.9462389945983887
vt 0.9148309826850891 0.6068800091743469
vt 0.48101499676704407 0.3375769853591919
vt 0.673071026802063 0.34128400683403015
vt 0.027773000299930573 0.8105819821357727
vt 0.02033800072968006 0.8114269971847534
vt 0.013151999562978745 0.8124549984931946
vt 0.03603300079703331 0.80976802110672
vt 0.04384300112724304 0.8091970086097717
vt 0.05177899822592735 0.8087170124053955
vt 0.05996499955654144 0.8084210157394409
vt 0.3153420090675354 0.08833000063896179
vt 0.1302350014448166 0.10256999731063843
vt 0.41383200883865356 0.3342219889163971
vt 0.5103880167007446 0.33606699109077454
vt 0.00735800014808774 0.8113470077514648
vt 0.15666399896144867 0.10264100134372711
vt 0.07143700122833252 0.10909400135278702
vt 0.5789840221405029 0.3358660042285919
vt 0.5611069798469543 0.3352069854736328
vt 0.5929620265960693 0.34080201387405396
vt 0.4415290057659149 0.7665359973907471
vt 0.6770970225334167 0.9416980147361755
vt 0.6739510297775269 0.93995600938797
vt 0.43009400367736816 0.772167980670929
vt 0.09895099699497223 0.7197650074958801
vt 0.09780800342559814 0.727649986743927
vt 0.08506300300359726 0.7267230153083801
vt 0.08543200045824051 0.7173619866371155
vt 0.9305369853973389 0.613336980342865
vt 0.20419000089168549 0.10084500163793564
vt 0.22191199660301208 0.09916099905967712
vt 0.2333350032567978 0.09362299740314484
vt 0.007230000104755163 0.7060679793357849
vt 0.006736000068485737 0.6963779926300049
vt 0.013638000003993511 0.7020869851112366
vt 0.014857999980449677 0.7116739749908447
vt 0.4975390136241913 0.3403699994087219
vt 0.6557310223579407 0.34062299132347107
vt 0.6827340126037598 0.9425340294837952
vt 0.686493992805481 0.9434769749641418
vt 0.6967329978942871 0.9254999756813049
vt 0.5270569920539856 0.9710339903831482
vt 0.9251440167427063 0.6150220036506653
vt 0.9218729734420776 0.6167770028114319
vt 0.2985149919986725 0.0899529978632927
vt 0.14314700663089752 0.09912600368261337
vt 0.03895900025963783 0.10823599994182587
vt 0.5513970255851746 0.33523499965667725
vt 0.5363029837608337 0.3374119997024536
vt 0.025849999859929085 0.7132819890975952
vt 0.03414899855852127 0.7206940054893494
vt 0.022530000656843185 0.7206050157546997
vt 0.7197579741477966 0.9290400147438049
vt 0.7155539989471436 0.9295799732208252
vt 0.7208759784698486 0.9302340149879456
vt 0.712486982345581 0.9297930002212524
vt 0.9405750036239624 0.631650984287262
vt 0.9389359951019287 0.6320539712905884
vt 0.014198999851942062 0.11134900152683258
vt 0.02391899935901165 0.1085439994931221
vt 0.19474300742149353 0.10135699808597565
vt 0.17954899370670319 0.1000560000538826
vt 0.40699800848960876 0.3370850086212158
vt 0.6380130052566528 0.3406740128993988
vt 0.2805289924144745 0.09095200151205063
vt 0.06274200230836868 0.10678000003099442
vt 0.733951985836029 0.9243000149726868
vt 0.7225459814071655 0.9306640028953552
vt 0.34380000829696655 0.9866089820861816
vt 0.34272700548171997 0.9871500134468079
vt 0.9337369799613953 0.6222950220108032
vt 0.42124998569488525 0.3377549946308136
vt 0.43095898628234863 0.33772701025009155
vt 0.4390079975128174 0.34196799993515015
vt 0.5234469771385193 0.33958199620246887
vt 0.1661600023508072 0.09866999834775925
vt 0.08675900101661682 0.10474299639463425
vt 0.09170900285243988 0.10029300302267075
vt 0.07731200009584427 0.10525400191545486
vt 0.4010150134563446 0.339944988489151
vt 0.022369999438524246 0.7016630172729492
vt 0.6901749968528748 0.35829898715019226
vt 0.6806889772415161 0.3590390086174011
vt 0.6671720147132874 0.3505449891090393
vt 0.3201479911804199 0.0703200027346611
vt 0.3283019959926605 0.07062900066375732
vt 0.3082770109176636 0.07948099821805954
vt 0.1276170015335083 0.7039660215377808
vt 0.11733400076627731 0.7070279717445374
vt 0.11952699720859528 0.6950219869613647
vt 0.12781399488449097 0.6942830085754395
vt 0.05450199916958809 0.10445600003004074
vt 0.45889198780059814 0.33977600932121277
vt 0.7409690022468567 0.9182860255241394
vt 0.060242000967264175 0.7284200191497803
vt 0.059193000197410583 0.7191550135612488
vt 0.07271700352430344 0.7189419865608215
vt 0.07299400120973587 0.7258570194244385
vt 0.11006999760866165 0.10147400200366974
vt 0.4822939932346344 0.3446809947490692
vt 0.343284010887146 0.7793909907341003
vt 0.34475401043891907 0.7916560173034668
vt 0.3403719961643219 0.7895860075950623
vt 0.3392930030822754 0.7779080271720886
vt 0.7243250012397766 0.9317899942398071
vt 0.9376239776611328 0.6318010091781616
vt 0.9358170032501221 0.6320580244064331
vt 0.9103969931602478 0.6085630059242249
vt 0.12804700434207916 0.09567099809646606
vt 0.42684999108314514 0.3455579876899719
vt 0.45531898736953735 0.34760600328445435
vt 0.5118229985237122 0.3424600064754486
vt 0.11546199768781662 0.5700860023498535
vt 0.10923399776220322 0.5700280070304871
vt 0.1090250015258789 0.5581740140914917
vt 0.11525200307369232 0.5582320094108582
vt 0.1031159982085228 0.09412100166082382
vt 0.07891000062227249 0.09745100140571594
vt 0.4151110053062439 0.3413270115852356
vt 0.0076939999125897884 0.6873530149459839
vt 0.013159000314772129 0.6932139992713928
vt 0.046758998185396194 0.10282900184392929
vt 0.0692489966750145 0.10219500213861465
vt 0.6313430070877075 0.3456690013408661
vt 0.648747980594635 0.34633100032806396
vt 0.6992959976196289 0.3625369966030121
vt 0.11621399968862534 0.9468179941177368
vt 0.11691699922084808 0.955564022064209
vt 0.10559500008821487 0.9559680223464966
vt 0.10115200281143188 0.9511240124702454
vt 0.7288720011711121 0.9360610246658325
vt 0.9305539727210999 0.633961021900177
vt 0.5185199975967407 0.9708340167999268
vt 0.3350430130958557 0.0660569965839386
vt 0.2714869976043701 0.08653400093317032
vt 0.2898710072040558 0.08477599918842316
vt 0.014847000129520893 0.5253580212593079
vt 0.015545999631285667 0.5352609753608704
vt 0.009007999673485756 0.536191999912262
vt 0.008309000171720982 0.5262889862060547
vt 0.018098000437021255 0.5506160259246826
vt 0.010867999866604805 0.5515409708023071
vt 0.013666000217199326 0.5083270072937012
vt 0.006318000145256519 0.5078920125961304
vt 0.03661099821329117 0.7112979888916016
vt 0.04616300016641617 0.7156739830970764
vt 0.04576300084590912 0.7234010100364685
vt 0.0284269992262125 0.7061169743537903
vt 0.742688000202179 0.9226409792900085
vt 0.7357450127601624 0.9281489849090576
vt 0.9296360015869141 0.6242690086364746
vt 0.09793200343847275 0.7121350169181824
vt 0.10681899636983871 0.7064989805221558
vt 0.11423800140619278 0.7002519965171814
vt 0.1090020015835762 0.5293570160865784
vt 0.1027740016579628 0.5292990207672119
vt 0.1020750030875206 0.5193960070610046
vt 0.10830199718475342 0.5194540023803711
vt 0.10944300144910812 0.5448020100593567
vt 0.10248900204896927 0.5448470115661621
vt 0.10089399665594101 0.5023639798164368
vt 0.10773000121116638 0.5009589791297913
vt 0.49897301197052 0.3467639982700348
vt 0.00903599988669157 0.4938249886035919
vt 0.01638299971818924 0.4942600131034851
vt 0.7075179815292358 0.35042300820350647
vt 0.7243779897689819 0.35107898712158203
vt 0.7189589738845825 0.3510969877243042
vt 0.7131609916687012 0.35111600160598755
vt 0.01423100009560585 0.8259890079498291
vt 0.008692000061273575 0.8270800113677979
vt 0.6964510083198547 0.9340320229530334
vt 0.909030020236969 0.600259006023407
vt 0.07442200183868408 0.8220279812812805
vt 0.06808199733495712 0.821960985660553
vt 0.06104400008916855 0.8219540119171143
vt 0.07948900014162064 0.8223080039024353
vt 0.342305988073349 0.07782000303268433
vt 0.3442699909210205 0.09192900359630585
vt 0.09651999920606613 0.48878198862075806
vt 0.10335599631071091 0.48737698793411255
vt 0.11509499698877335 0.5832930207252502
vt 0.10886800289154053 0.5832340121269226
vt 0.009325000457465649 0.6783890128135681
vt 0.014131000265479088 0.6850069761276245
vt 0.0028699999675154686 0.6807900071144104
vt 0.00455200020223856 0.6725339889526367
vt 0.08381400257349014 0.821943998336792
vt 0.12733599543571472 0.6854100227355957
vt 0.05348699912428856 0.09821800142526627
vt 0.06168400123715401 0.09983299672603607
vt 0.4180940091609955 0.3491379916667938
vt 0.43591099977493286 0.35121798515319824
vt 0.019825000315904617 0.5637869834899902
vt 0.013287000358104706 0.5647180080413818
vt 0.923429012298584 0.23229800164699554
vt 0.9191240072250366 0.22402900457382202
vt 0.923429012298584 0.21897099912166595
vt 0.10279799997806549 0.5581150054931641
vt 0.0679280012845993 0.09456299990415573
vt 0.08400999754667282 0.09159500151872635
vt 0.02141599915921688 0.8249610066413879
vt 0.028769999742507935 0.8247259855270386
vt 0.03715499863028526 0.8240029811859131
vt 0.044840000569820404 0.8233410120010376
vt 0.05285799875855446 0.82225102186203
vt 0.6255210041999817 0.34994998574256897
vt 0.022160999476909637 0.5754960179328918
vt 0.014914000406861305 0.5764750242233276
vt 0.10229799896478653 0.5700179934501648
vt 0.26294198632240295 0.08281499892473221
vt 0.13179899752140045 0.6788690090179443
vt 0.12547199428081512 0.6773959994316101
vt 0.017385000362992287 0.5894880294799805
vt 0.01927899941802025 0.6047260165214539
vt 0.012048999778926373 0.6056510210037231
vt 0.010847000405192375 0.5904189944267273
vt 0.6869270205497742 0.9522429704666138
vt 0.6811490058898926 0.9504240155220032
vt 0.9242309927940369 0.626937985420227
vt 0.11629799753427505 0.5985249876976013
vt 0.1093439981341362 0.5985699892044067
vt 0.011733000166714191 0.6700289845466614
vt 0.01581300050020218 0.6767510175704956
vt 0.657247006893158 0.3527059853076935
vt 0.6426119804382324 0.3506140112876892
vt 0.6360970139503479 0.35489699244499207
vt 0.015154000371694565 0.47564899921417236
vt 0.007524999789893627 0.4709149897098541
vt 0.09599699825048447 0.9608029723167419
vt 0.6993700265884399 0.940733015537262
vt 0.5173079967498779 0.9795529842376709
vt 0.5237259864807129 0.9760680198669434
vt 0.09528999775648117 0.4701710045337677
vt 0.10184399783611298 0.46446698904037476
vt 0.27254700660705566 0.07732400298118591
vt 0.28176701068878174 0.08100699633359909
vt 0.29736700654029846 0.07797399908304214
vt 0.05999400094151497 0.0936330035328865
vt 0.02243500016629696 0.6898030042648315
vt 0.02278600074350834 0.5243849754333496
vt 0.02348499931395054 0.5342879891395569
vt 0.02532700076699257 0.5496919751167297
vt 0.021654000505805016 0.5080609917640686
vt 0.3412509858608246 0.8028969764709473
vt 0.695946991443634 0.9451810121536255
vt 0.7191699743270874 0.9440580010414124
vt 0.717848002910614 0.9441949725151062
vt 0.7171869874000549 0.9442629814147949
vt 0.9313409924507141 0.6434339880943298
vt 0.9145269989967346 0.6214169859886169
vt 0.09511200338602066 0.5293920040130615
vt 0.09441299736499786 0.5194889903068542
vt 0.0955360010266304 0.5448920130729675
vt 0.09328100085258484 0.5031650066375732
vt 0.1181740015745163 0.6832579970359802
vt 0.12981300055980682 0.6397510170936584
vt 0.12258599698543549 0.6445209980010986
vt 0.1211009994149208 0.6249909996986389
vt 0.024598000571131706 0.5886179804801941
vt 0.02438800036907196 0.49481201171875
vt 0.059574998915195465 0.7114840149879456
vt 0.07238999754190445 0.7113190293312073
vt 0.047203999012708664 0.7072470188140869
vt 0.08439599722623825 0.7097870111465454
vt 0.09613700211048126 0.703902006149292
vt 0.08892200142145157 0.4903999865055084
vt 0.10189700126647949 0.5833340287208557
vt 0.027746999636292458 0.5628690123558044
vt 0.7208399772644043 0.944487988948822
vt 0.9300289750099182 0.6431810259819031
vt 0.09511800110340118 0.5582640171051025
vt 0.03233899921178818 0.6982579827308655
vt 0.03907100111246109 0.7027729749679565
vt 0.6923329830169678 0.9533789753913879
vt 0.7310130000114441 0.9404770135879517
vt 0.7373350262641907 0.9333299994468689
vt 0.12455400079488754 0.9610509872436523
vt 0.11393900215625763 0.9722110033035278
vt 0.10685700178146362 0.9672039747238159
vt 0.11841099709272385 0.9787700176239014
vt 0.12947699427604675 0.9681360125541687
vt 0.5056210160255432 0.9737229943275452
vt 0.9254760146141052 0.6359729766845703
vt 0.9196550250053406 0.6293879747390747
vt 0.1036050021648407 0.6983619928359985
vt 0.10963799804449081 0.6929739713668823
vt 0.019912000745534897 0.6320800185203552
vt 0.01117900013923645 0.6325039863586426
vt 0.016685999929904938 0.46527099609375
vt 0.009800000116229057 0.4603779911994934
vt 0.09256699681282043 0.4600839912891388
vt 0.09844700247049332 0.4543190002441406
vt 0.11281400173902512 0.6257299780845642
vt 0.006692999973893166 0.6606919765472412
vt 0.012663999572396278 0.6520349979400635
vt 0.015575000084936619 0.6623899936676025
vt 0.7237370014190674 0.9468079805374146
vt 0.7104439735412598 0.933227002620697
vt 0.7162119746208191 0.9449669718742371
vt 0.7151439785957336 0.9476979970932007
vt 0.7083809971809387 0.9381830096244812
vt 0.12124200165271759 0.6551669836044312
vt 0.129380002617836 0.6523060202598572
vt 0.12590999901294708 0.6622250080108643
vt 0.023785000666975975 0.6765400171279907
vt 0.6311240196228027 0.3584649860858917
vt 0.030066000297665596 0.574633002281189
vt 0.34508100152015686 0.8045979738235474
vt 0.6989020109176636 0.947172999382019
vt 0.9110699892044067 0.623062014579773
vt 0.9095119833946228 0.6165800094604492
vt 0.09459999948740005 0.5702210068702698
vt 0.2644990086555481 0.07430200278759003
vt 0.11526799947023392 0.670287013053894
vt 0.12289799749851227 0.6694309711456299
vt 0.6504169702529907 0.3569909930229187
vt 0.026491999626159668 0.6038569808006287
vt 0.09788099676370621 0.9661700129508972
vt 0.5103279948234558 0.9802830219268799
vt 0.10237299650907516 0.5986700057983398
vt 0.2885870039463043 0.074242003262043
vt 0.0221560001373291 0.6522700190544128
vt 0.022599000483751297 0.4783709943294525
vt 0.03139900043606758 0.5234739780426025
vt 0.03209900110960007 0.5333769917488098
vt 0.03394100069999695 0.5487800240516663
vt 0.0303179994225502 0.5078570246696472
vt 0.08670499920845032 0.5296440124511719
vt 0.08600600063800812 0.5197409987449646
vt 0.08712899684906006 0.5451440215110779
vt 0.08492399752140045 0.5041239857673645
vt 0.08855199813842773 0.47386300563812256
vt 0.1136389970779419 0.6460170149803162
vt 0.032391998916864395 0.4953629970550537
vt 0.081325002014637 0.4920180141925812
vt 0.020248999819159508 0.6668310165405273
vt 0.03250199928879738 0.587755024433136
vt 0.03634300082921982 0.5620129704475403
vt 0.08669400215148926 0.5585709810256958
vt 0.094200000166893 0.5835379958152771
vt 0.11740600317716599 0.6601899862289429
vt 0.6941289901733398 0.9603700041770935
vt 0.6888189911842346 0.9591100215911865
vt 0.05913100019097328 0.7025009989738464
vt 0.07199600338935852 0.7030429840087891
vt 0.048128001391887665 0.6974589824676514
vt 0.08395200222730637 0.7008039951324463
vt 0.09422499686479568 0.6943079829216003
vt 0.9207329750061035 0.6382759809494019
vt 0.0330130010843277 0.6849340200424194
vt 0.04065399989485741 0.6922299861907959
vt 0.028703000396490097 0.6232849955558777
vt 0.016090000048279762 0.45503801107406616
vt 0.024181000888347626 0.46869999170303345
vt 0.926584005355835 0.6438419818878174
vt 0.08587899804115295 0.46448299288749695
vt 0.2553060054779053 0.0790719985961914
vt 0.10316599905490875 0.6181949973106384
vt 0.1009339988231659 0.6881099939346313
vt 0.10747600346803665 0.6798440217971802
vt 0.6631439924240112 0.3640669882297516
vt 0.6704390048980713 0.37897899746894836
vt 0.6437429785728455 0.3605639934539795
vt 0.7114400267601013 0.3660539984703064
vt 0.7057989835739136 0.36607199907302856
vt 0.03795300051569939 0.5738250017166138
vt 0.08688600361347198 0.5704799890518188
vt 0.08375100046396255 0.837797999382019
vt 0.0793830007314682 0.8374580144882202
vt 0.0887259989976883 0.8346549868583679
vt 0.27963000535964966 0.0712440013885498
vt 0.3016450107097626 0.0663750022649765
vt 0.30706098675727844 0.05115500092506409
vt 0.7165470123291016 0.36674898862838745
vt 0.03439600020647049 0.6029940247535706
vt 0.7218080163002014 0.3667309880256653
vt 0.03139499947428703 0.4803439974784851
vt 0.016388000920414925 0.8417530059814453
vt 0.010851000435650349 0.8428440093994141
vt 0.04070499911904335 0.5225690007209778
vt 0.04140400141477585 0.5324720144271851
vt 0.04322899878025055 0.5479300022125244
vt 0.039673998951911926 0.5076590180397034
vt 0.02287600003182888 0.840785026550293
vt 0.03031099960207939 0.8399400115013123
vt 0.06180400028824806 0.8378390073776245
vt 0.05431700125336647 0.8380749821662903
vt 0.04638100042939186 0.8385549783706665
vt 0.06884299963712692 0.8378459811210632
vt 0.07757200300693512 0.5299990177154541
vt 0.07687299698591232 0.520097017288208
vt 0.07797899842262268 0.5455549955368042
vt 0.07584100216627121 0.5051869750022888
vt 0.07448399811983109 0.8379729986190796
vt 0.08032800257205963 0.4769990146160126
vt 0.09467600286006927 0.5988730192184448
vt 0.04102100059390068 0.4952690005302429
vt 0.09185100346803665 0.9734969735145569
vt 0.09275899827480316 0.9652079939842224
vt 0.6976479887962341 0.955797016620636
vt 0.3437429964542389 0.8155890107154846
vt 0.3401600122451782 0.8139839768409729
vt 0.03857000172138214 0.8391249775886536
vt 0.9158849716186523 0.6335840225219727
vt 0.9116290211677551 0.6344289779663086
vt 0.11244899779558182 0.9941160082817078
vt 0.11948399990797043 0.9877949953079224
vt 0.12463299930095673 0.9894670248031616
vt 0.12038999795913696 0.9928669929504395
vt 0.07293400168418884 0.4930880069732666
vt 0.6559889912605286 0.3647969961166382
vt 0.04038900136947632 0.5869470238685608
vt 0.04492200165987015 0.5612109899520874
vt 0.07825300097465515 0.5589330196380615
vt 0.08648599684238434 0.5837960243225098
vt 0.293518990278244 0.0661420002579689
vt 0.030629999935626984 0.6392850279808044
vt 0.03227199986577034 0.6518589854240417
vt 0.024327000603079796 0.459181010723114
vt 0.032249998301267624 0.4707770049571991
vt 0.046532001346349716 0.5730230212211609
vt 0.6979849934577942 0.9611889719963074
vt 0.9176279902458191 0.640175998210907
vt 0.07844500243663788 0.5708420276641846
vt 0.07834699749946594 0.46762600541114807
vt 0.08460699766874313 0.4550609886646271
vt 0.0919720008969307 0.44985100626945496
vt 0.10389900207519531 0.6469630002975464
vt 0.10367400199174881 0.6342920064926147
vt 0.030959000810980797 0.664139986038208
vt 0.035204000771045685 0.673799991607666
vt 0.042153000831604004 0.6810899972915649
vt 0.6382330060005188 0.36413300037384033
vt 0.03729899972677231 0.6224279999732971
vt 0.04997599869966507 0.5217739939689636
vt 0.05067500099539757 0.5316770076751709
vt 0.052501000463962555 0.5471349954605103
vt 0.048994001001119614 0.5075719952583313
vt 0.726190984249115 0.9505890011787415
vt 0.7318320274353027 0.9450309872627258
vt 0.9223160147666931 0.645671010017395
vt 0.06840500235557556 0.5304650068283081
vt 0.06770499795675278 0.5205619931221008
vt 0.06881099939346313 0.546019971370697
vt 0.06672400236129761 0.5063599944114685
vt 0.09474200010299683 0.6185020208358765
vt 0.2706870138645172 0.06828299909830093
vt 0.10399399697780609 0.6690980195999146
vt 0.10684099793434143 0.6589530110359192
vt 0.09817799925804138 0.6772599816322327
vt 0.04226600006222725 0.6022409796714783
vt 0.04012399911880493 0.4816640019416809
vt 0.04849199950695038 0.4888570010662079
vt 0.053467001765966415 0.5605189800262451
vt 0.05937900021672249 0.6935240030288696
vt 0.0714849978685379 0.6934080123901367
vt 0.04972799867391586 0.6877340078353882
vt 0.08278200030326843 0.6919249892234802
vt 0.09156899899244308 0.6848729848861694
vt 0.0697769969701767 0.5594040155410767
vt 0.06480199843645096 0.48774200677871704
vt 0.0720369964838028 0.4794830083847046
vt 0.08694399893283844 0.5991870164871216
vt 0.04895099997520447 0.586201012134552
vt 0.09808900207281113 0.9784349799156189
vt 0.10371900349855423 0.9829149842262268
vt 0.7208579778671265 0.9584230184555054
vt 0.10763400048017502 0.9879890084266663
vt 0.07802700251340866 0.5842130184173584
vt 0.6493120193481445 0.3676590025424957
vt 0.0550759993493557 0.5723310112953186
vt 0.05919500067830086 0.5211439728736877
vt 0.05989399924874306 0.531046986579895
vt 0.06100999936461449 0.5465530157089233
vt 0.05823099985718727 0.5068860054016113
vt 0.06996899843215942 0.5713130235671997
vt 0.284604012966156 0.06385400146245956
vt 0.04096199944615364 0.4721519947052002
vt 0.05700099840760231 0.4882749915122986
vt 0.061994001269340515 0.5598829984664917
vt 0.07003799825906754 0.4701650142669678
vt 0.6823840141296387 0.3995650112628937
vt 0.675125002861023 0.3967429995536804
vt 0.6891019940376282 0.400967001914978
vt 0.01643799990415573 0.44747599959373474
vt 0.023997999727725983 0.45243099331855774
vt 0.0324460007250309 0.46196499466896057
vt 0.06287699937820435 0.5717980265617371
vt 0.07712399959564209 0.4589110016822815
vt 0.2629149854183197 0.06598500162363052
vt 0.2571389973163605 0.07128199934959412
vt 0.30938801169395447 0.03326600044965744
vt 0.31552600860595703 0.030110999941825867
vt 0.32085299491882324 0.02843800000846386
vt 0.665565013885498 0.3939250111579895
vt 0.039225999265909195 0.6384289860725403
vt 0.04516899958252907 0.6216750144958496
vt 0.0508279986679554 0.6014940142631531
vt 0.05678600072860718 0.5855569839477539
vt 0.07026100158691406 0.5846359729766846
vt 0.07848600298166275 0.599602997303009
vt 0.08701000362634659 0.618815004825592
vt 0.09525100141763687 0.634598970413208
vt 0.29989001154899597 0.03664100170135498
vt 0.09273900091648102 0.9828850030899048
vt 0.3392930030822754 0.8250330090522766
vt 0.7026410102844238 0.9632989764213562
vt 0.698980987071991 0.9668890237808228
vt 0.6952210068702698 0.9659460186958313
vt 0.9196739792823792 0.6528900265693665
vt 0.9190449714660645 0.6474249958992004
vt 0.9141849875450134 0.6437169909477234
vt 0.10328999906778336 0.9934459924697876
vt 0.8910449743270874 0.34351199865341187
vt 0.897629976272583 0.34263500571250916
vt 0.8994960188865662 0.3519049882888794
vt 0.8935610055923462 0.3526409864425659
vt 0.04823800176382065 0.4736790060997009
vt 0.06387799978256226 0.5850729942321777
vt 0.06313099712133408 0.47266098856925964
vt 0.2750279903411865 0.06164000183343887
vt 0.0404990017414093 0.4640960097312927
vt 0.05881600081920624 0.6840540170669556
vt 0.07088900357484818 0.6831750273704529
vt 0.056039001792669296 0.473145991563797
vt 0.08221899718046188 0.682453989982605
vt 0.0736050009727478 0.6195160150527954
vt 0.0695749968290329 0.4621089994907379
vt 0.04094099998474121 0.6624240279197693
vt 0.04513600096106529 0.6713770031929016
vt 0.04086900129914284 0.6510030031204224
vt 0.05125899985432625 0.6773549914360046
vt 0.03216800093650818 0.4559209942817688
vt 0.05871199816465378 0.6205340027809143
vt 0.08884499967098236 0.6747859716415405
vt 0.07684600353240967 0.4528670012950897
vt 0.08427800238132477 0.448309987783432
vt 0.0940689966082573 0.6680319905281067
vt 0.09696599841117859 0.658594012260437
vt 0.09547500312328339 0.6472700238227844
vt 0.6952810287475586 0.4016590118408203
vt 0.047805000096559525 0.6376270055770874
vt 0.06504599750041962 0.6004149913787842
vt 0.06652999669313431 0.6199460029602051
vt 0.08681000024080276 0.6349610090255737
vt 0.3253270089626312 0.027535000815987587
vt 0.33890700340270996 0.06236400082707405
vt 0.048416998237371445 0.4649229943752289
vt 0.7016140222549438 0.9669650197029114
vt 0.9167619943618774 0.6481580138206482
vt 0.06189100071787834 0.46400201320648193
vt 0.6617270112037659 0.37544798851013184
vt 0.901078999042511 0.36101800203323364
vt 0.895143985748291 0.36175400018692017
vt 0.7265530228614807 0.9538789987564087
vt 0.7266970276832581 0.9557780027389526
vt 0.2672559916973114 0.059342000633478165
vt 0.29805999994277954 0.05522799864411354
vt 0.6541929841041565 0.3761790096759796
vt 0.04020300135016441 0.45810800790786743
vt 0.05962200090289116 0.6737790107727051
vt 0.07027599960565567 0.672996997833252
vt 0.05550900101661682 0.46443799138069153
vt 0.08018700033426285 0.6723740100860596
vt 0.06927900016307831 0.45612001419067383
vt 0.28881800174713135 0.055080998688936234
vt 0.04944799840450287 0.6502010226249695
vt 0.057785000652074814 0.636784017086029
vt 0.07693299651145935 0.6354749798774719
vt 0.08703400194644928 0.6476320028305054
vt 0.7007669806480408 0.4023529887199402
vt 0.7058740258216858 0.40304699540138245
vt 0.05017999932169914 0.6608660221099854
vt 0.05945099890232086 0.6600710153579712
vt 0.09346000105142593 0.9873160123825073
vt 0.09898599982261658 0.9928479790687561
vt 0.08776599913835526 0.6582970023155212
vt 0.07859800010919571 0.6587619781494141
vt 0.0858360007405281 0.8745750188827515
vt 0.08220899850130081 0.8748779892921448
vt 0.07731100171804428 0.8753929734230042
vt 0.7157059907913208 0.4037249982357025
vt 0.710981011390686 0.4037410020828247
vt 0.9017289876937866 0.3701159954071045
vt 0.8964869976043701 0.3709779977798462
vt 0.027142999693751335 0.8787869811058044
vt 0.020780999213457108 0.8798459768295288
vt 0.03445399925112724 0.8778499960899353
vt 0.048121001571416855 0.4589340090751648
vt 0.04271300137042999 0.8770359754562378
vt 0.05052400007843971 0.8764650225639343
vt 0.05858499929308891 0.8760769963264465
vt 0.06159500032663345 0.45801299810409546
vt 0.0661970004439354 0.875931978225708
vt 0.07241199910640717 0.8759080171585083
vt 0.2606559991836548 0.057705000042915344
vt 0.25627198815345764 0.06363800168037415
vt 0.9056439995765686 0.34227898716926575
vt 0.9068599939346313 0.35168999433517456
vt 0.05521300062537193 0.45844998955726624
vt 0.09457799792289734 0.9922969937324524
vt 0.9167540073394775 0.6520209908485413
vt 0.2786099910736084 0.053612999618053436
vt 0.05870100110769272 0.6494609713554382
vt 0.06937900185585022 0.6593930125236511
vt 0.09185100346803665 0.9878640174865723
vt 0.06773100048303604 0.6360499858856201
vt 0.09838200360536575 0.9944019913673401
vt 0.9149749875068665 0.6483799815177917
vt 0.07784900069236755 0.6481519937515259
vt 0.9016429781913757 0.37882000207901
vt 0.896356999874115 0.37941399216651917
vt 0.09246999770402908 0.9943519830703735
vt 0.06911800056695938 0.45143601298332214
vt 0.0766339972615242 0.44747599959373474
vt 0.9077929854393005 0.3609449863433838
vt 0.06864699721336365 0.6487269997596741
vt 0.2702060043811798 0.05206099897623062
vt 0.9000409841537476 0.38646799325942993
vt 0.8954489827156067 0.38718900084495544
vt 0.06141600012779236 0.45338401198387146
vt 0.04794200137257576 0.4543049931526184
vt 0.05505099892616272 0.45376598834991455
vt 0.9077939987182617 0.3701840043067932
vt 0.26297301054000854 0.051169998943805695
vt 0.6576910018920898 0.38612499833106995
vt 0.9076640009880066 0.3786199986934662
vt 0.257764995098114 0.05017000064253807
vt 0.25477299094200134 0.05674099922180176
vt 0.29159799218177795 0.04496200010180473
vt 0.9151309728622437 0.3427119851112366
vt 0.9150469899177551 0.35240501165390015
vt 0.2801249921321869 0.04498700052499771
vt 0.9061059951782227 0.38653498888015747
vt 0.9052640199661255 0.39312800765037537
vt 0.8991990089416504 0.39305999875068665
vt 0.903190016746521 0.39882001280784607
vt 0.9013720154762268 0.40512898564338684
vt 0.895350992679596 0.40533000230789185
vt 0.8971250057220459 0.39875298738479614
vt 0.9152870178222656 0.361532986164093
vt 0.27176401019096375 0.044144000858068466
vt 0.9153310060501099 0.3710399866104126
vt 0.2638559937477112 0.04329000040888786
vt 0.9145079851150513 0.3793500065803528
vt 0.9082159996032715 0.40585899353027344
vt 0.905663013458252 0.41177400946617126
vt 0.8981249928474426 0.4109179973602295
vt 0.9136430025100708 0.3873920142650604
vt 0.9121080040931702 0.3938570022583008
vt 0.9107270240783691 0.39967599511146545
vt 0.9254400134086609 0.344074010848999
vt 0.9246640205383301 0.35364100337028503
vt 0.6591100096702576 0.39678800106048584
vt 0.28088098764419556 0.03497700020670891
vt 0.29231101274490356 0.03424200043082237
vt 0.9242540001869202 0.3629100024700165
vt 0.27188700437545776 0.034880999475717545
vt 0.9236040115356445 0.3722899854183197
vt 0.26402199268341064 0.03473600000143051
vt 0.9221320152282715 0.3807410001754761
vt 0.9158400297164917 0.4072510004043579
vt 0.9139360189437866 0.41302400827407837
vt 0.921222984790802 0.38851499557495117
vt 0.9183070063591003 0.4007999897003174
vt 0.9197310209274292 0.39524900913238525
vt 0.6747869849205017 0.4102550148963928
vt 0.6657689809799194 0.40957000851631165
vt 0.6586120128631592 0.4095889925956726
vt 0.29065200686454773 0.021528000012040138
vt 0.29873600602149963 0.02105100080370903
vt 0.3074660003185272 0.019866999238729477
vt 0.6825730204582214 0.4102320075035095
vt 0.9378049969673157 0.34726500511169434
vt 0.9371809959411621 0.3561849892139435
vt 0.9367719888687134 0.3654550015926361
vt 0.2794420123100281 0.022237999364733696
vt 0.2704479992389679 0.022141000255942345
vt 0.31466901302337646 0.01948999986052513
vt 0.9353860020637512 0.374440997838974
vt 0.26330000162124634 0.022670000791549683
vt 0.9346060156822205 0.38301798701286316
vt 0.9330480098724365 0.39093300700187683
vt 0.9283139705657959 0.409527987241745
vt 0.9257180094718933 0.4151749908924103
vt 0.9301319718360901 0.40321800112724304
vt 0.9315130114555359 0.39739900827407837
vt 0.689287006855011 0.4102109968662262
vt 0.3200809955596924 0.019235000014305115
vt 0.695464015007019 0.41019201278686523
vt 0.3245980143547058 0.019043000414967537
vt 0.701104998588562 0.41017401218414307
vt 0.08566000312566757 0.8830670118331909
vt 0.08129200339317322 0.8827279806137085
vt 0.7062119841575623 0.41086798906326294
vt 0.0763930007815361 0.8832420110702515
vt 0.710623025894165 0.41085299849510193
vt 0.07157500088214874 0.8831459879875183
vt 0.02274000085890293 0.8868439793586731
vt 0.017774999141693115 0.8877829909324646
vt 0.015816999599337578 0.8807860016822815
vt 0.0285279992967844 0.8859360218048096
vt 0.03596299886703491 0.8850899934768677
vt 0.04352400079369545 0.8843370079994202
vt 0.05063600093126297 0.8838260173797607
vt 0.05857200175523758 0.8833460211753845
vt 0.06536100059747696 0.8831700086593628
vt 0.6658049821853638 0.421658992767334
vt 0.6586530208587646 0.423101007938385
vt 0.6748170256614685 0.42021098732948303
vt 0.9509729743003845 0.3496679961681366
vt 0.9531649947166443 0.35936298966407776
vt 0.9548770189285278 0.36927899718284607
vt 0.27779099345207214 0.005948999896645546
vt 0.2898460030555725 0.008042000234127045
vt 0.2679949998855591 0.003759999992325902
vt 0.2980149984359741 0.008984999731183052
vt 0.30687201023101807 0.009929999709129333
vt 0.6825990080833435 0.41876500844955444
vt 0.6893100142478943 0.41803398728370667
vt 0.69548499584198 0.4173029959201813
vt 0.701125979423523 0.4172849953174591
vt 0.7062289714813232 0.4165570139884949
vt 0.9548770189285278 0.3785179853439331
vt 0.9547910094261169 0.3872219920158386
vt 0.2607620060443878 0.0028699999675154686
vt 0.9484990239143372 0.41373100876808167
vt 0.9452090263366699 0.4192520081996918
vt 0.08609600365161896 0.8900930285453796
vt 0.081727996468544 0.8897539973258972
vt 0.07674200087785721 0.8888639807701111
vt 0.3196139931678772 0.011428000405430794
vt 0.3241730034351349 0.011944999918341637
vt 0.31415900588035583 0.010972999967634678
vt 0.710640013217926 0.4165419936180115
vt 0.023213999345898628 0.8925570249557495
vt 0.01812399923801422 0.8934040069580078
vt 0.029001999646425247 0.8916490077972412
vt 0.03631199896335602 0.8907120227813721
vt 0.9531890153884888 0.39487001299858093
vt 0.043873000890016556 0.8899580240249634
vt 0.9516980051994324 0.40160301327705383
vt 0.9502729773521423 0.40715399384498596
vt 0.050985001027584076 0.8894469738006592
vt 0.059046000242233276 0.8890590071678162
vt 0.06583400070667267 0.8888829946517944
vt 0.07192400097846985 0.8887670040130615
vt 0.5815389752388 0.7999969720840454
vt 0.5847769975662231 0.8103259801864624
vt 0.5788710117340088 0.8112660050392151
vt 0.5734869837760925 0.812595009803772
vt 0.5678290128707886 0.8154889941215515
vt 0.5614399909973145 0.808139979839325
vt 0.5617489814758301 0.8189550042152405
vt 0.5553950071334839 0.8239870071411133
vt 0.548160970211029 0.817782998085022
vt 0.5501800179481506 0.8298609852790833
vt 0.542523980140686 0.8242279887199402
vt 0.5384510159492493 0.8309440016746521
vt 0.5465289950370789 0.8360049724578857
vt 0.5331540107727051 0.8464810252189636
vt 0.543595016002655 0.8435620069503784
vt 0.5420759916305542 0.8503959774971008
vt 0.5313000082969666 0.8680949807167053
vt 0.5409799814224243 0.8566579818725586
vt 0.541297972202301 0.8621969819068909
vt 0.5421370267868042 0.8681240081787109
vt 0.5893589854240417 0.7951700091362
vt 0.5908790230751038 0.8104119896888733
vt 0.6012399792671204 0.796875
vt 0.5970799922943115 0.8114590048789978
vt 0.5289880037307739 0.877003014087677
vt 0.5440170168876648 0.8739320039749146
vt 0.5341140031814575 0.8878639936447144
vt 0.5468419790267944 0.8795570135116577
vt 0.611581027507782 0.8018620014190674
vt 0.6034299731254578 0.8134989738464355
vt 0.5506579875946045 0.88503098487854
vt 0.5419219732284546 0.8962839841842651
vt 0.6174529790878296 0.8106170296669006
vt 0.610027015209198 0.8174930214881897
vt 0.552016019821167 0.8993170261383057
vt 0.556410014629364 0.8901699781417847
vt 0.6173419952392578 0.8229020237922668
vt 0.5565639734268188 0.8010280132293701
vt 0.5759450197219849 0.791471004486084
vt 0.5847370028495789 0.7838389873504639
vt 0.5414479970932007 0.8119670152664185
vt 0.5353900194168091 0.8189849853515625
vt 0.5308939814567566 0.8262730240821838
vt 0.5249009728431702 0.8439469933509827
vt 0.5214840173721313 0.8652920126914978
vt 0.5167670249938965 0.8759719729423523
vt 0.5637249946594238 0.8955789804458618
vt 0.5972859859466553 0.7860280275344849
vt 0.6307740211486816 0.8169450163841248
vt 0.6222500205039978 0.8291860222816467
vt 0.5711659789085388 0.8984289765357971
vt 0.5619590282440186 0.9102219939231873
vt 0.5225610136985779 0.8873170018196106
vt 0.6081470251083374 0.7905070185661316
vt 0.6170729994773865 0.7962170243263245
vt 0.5381259918212891 0.9032289981842041
vt 0.5300440192222595 0.896373987197876
vt 0.6233670115470886 0.8044000267982483
vt 0.6352769732475281 0.8344240188598633
vt 0.6272299885749817 0.8399509787559509
vt 0.639585018157959 0.8208339810371399
vt 0.5829020142555237 0.9000369906425476
vt 0.5799720287322998 0.9093899726867676
vt 0.5682370066642761 0.9175450205802917
vt 0.5477970242500305 0.9068340063095093
vt 0.5669739842414856 0.7875229716300964
vt 0.5735560059547424 0.7817909717559814
vt 0.534932017326355 0.8071759939193726
vt 0.542231023311615 0.8019610047340393
vt 0.5505980253219604 0.7940040230751038
vt 0.5629159808158875 0.782787024974823
vt 0.5433089733123779 0.7939419746398926
vt 0.5288739800453186 0.8141940236091614
vt 0.5243780016899109 0.8214820027351379
vt 0.5215439796447754 0.8300009965896606
vt 0.515047013759613 0.8579099774360657
vt 0.516402006149292 0.8403559923171997
vt 0.514178991317749 0.8334270119667053
vt 0.5092989802360535 0.8554630279541016
vt 0.5114960074424744 0.8659120202064514
vt 0.639585018157959 0.8517760038375854
vt 0.6290860176086426 0.8501759767532349
vt 0.5932000279426575 0.8988180160522461
vt 0.5977889895439148 0.9084299802780151
vt 0.6121749877929688 0.7855539917945862
vt 0.6212490200996399 0.7922580242156982
vt 0.6032999753952026 0.7807729840278625
vt 0.5264739990234375 0.9017210006713867
vt 0.5192869901657104 0.8946509957313538
vt 0.5355479717254639 0.908424973487854
vt 0.6278179883956909 0.7988749742507935
vt 0.634211003780365 0.8080189824104309
vt 0.5848739743232727 0.7768999934196472
vt 0.5937280058860779 0.778128981590271
vt 0.5139359831809998 0.8862850069999695
vt 0.5101490020751953 0.8781890273094177
vt 0.5438050031661987 0.9127529859542847
vt 0.554419994354248 0.9161750078201294
vt 0.5765720009803772 0.7743350267410278
vt 0.5217880010604858 0.8089830279350281
vt 0.5284169912338257 0.8023849725723267
vt 0.5357149839401245 0.7971699833869934
vt 0.5178620219230652 0.8166919946670532
vt 0.5150279998779297 0.8252109885215759
vt 0.5052239894866943 0.8710460066795349
vt 0.6367719769477844 0.863847017288208
vt 0.6283349990844727 0.8593540191650391
vt 0.6084870100021362 0.9021880030632019
vt 0.6017379760742188 0.8954060077667236
vt 0.19032299518585205 0.578158974647522
vt 0.19995799660682678 0.5770000219345093
vt 0.19837500154972076 0.5884910225868225
vt 0.18932899832725525 0.5929210186004639
vt 0.20520499348640442 0.60173100233078
vt 0.19894999265670776 0.6068180203437805
vt 0.5392510294914246 0.7892060279846191
vt 0.5468649864196777 0.7886319756507874
vt 0.6264449954032898 0.8676890134811401
vt 0.6091349720954895 0.891152024269104
vt 0.5101349949836731 0.8384169936180115
vt 0.5084319710731506 0.8309800028800964
vt 0.5828520059585571 0.9186360239982605
vt 0.5732280015945435 0.9239299893379211
vt 0.5979639887809753 0.9156669974327087
vt 0.9067689776420593 0.43533599376678467
vt 0.8957239985466003 0.43661901354789734
vt 0.8973420262336731 0.4301240146160126
vt 0.9083870053291321 0.4288409948348999
vt 0.9176650047302246 0.43548500537872314
vt 0.9184340238571167 0.4290339946746826
vt 0.5629259943962097 0.7784069776535034
vt 0.6241779923439026 0.884598970413208
vt 0.6192899942398071 0.8809700012207031
vt 0.6229410171508789 0.8748260140419006
vt 0.6372150182723999 0.8756939768791199
vt 0.5129430294036865 0.8024759888648987
vt 0.5189530253410339 0.7954260110855103
vt 0.5273910164833069 0.7910529971122742
vt 0.6149200201034546 0.8856989741325378
vt 0.5083979964256287 0.8097320199012756
vt 0.5067039728164673 0.8190929889678955
vt 0.6199060082435608 0.8991559743881226
vt 0.5050879716873169 0.8568059802055359
vt 0.9781349897384644 0.8289499878883362
vt 0.9716389775276184 0.8278549909591675
vt 0.9710170030593872 0.8183839917182922
vt 0.9774979948997498 0.8199319839477539
vt 0.9773669838905334 0.8397619724273682
vt 0.9708700180053711 0.8386679887771606
vt 0.8851490020751953 0.43787598609924316
vt 0.8886520266532898 0.4305720031261444
vt 0.8755819797515869 0.43907999992370605
vt 0.8790839910507202 0.4317759871482849
vt 0.9274920225143433 0.43568700551986694
vt 0.9282600283622742 0.4292370080947876
vt 0.9773430228233337 0.8489900231361389
vt 0.9701370000839233 0.8501449823379517
vt 0.9766370058059692 0.8602340221405029
vt 0.9694300293922424 0.8613889813423157
vt 0.9704110026359558 0.8107060194015503
vt 0.9768919944763184 0.812254011631012
vt 0.1852789968252182 0.5680649876594543
vt 0.19189800322055817 0.5627869963645935
vt 0.19531600177288055 0.5701680183410645
vt 0.936939001083374 0.4359090030193329
vt 0.9368579983711243 0.4295029938220978
vt 0.9687539935112 0.8717250227928162
vt 0.9752709865570068 0.8739380240440369
vt 0.5105429887771606 0.8900030255317688
vt 0.5066069960594177 0.8809139728546143
vt 0.9453619718551636 0.43404701352119446
vt 0.9795020222663879 0.34227898716926575
vt 0.9783589839935303 0.3490599989891052
vt 0.965241014957428 0.3513000011444092
vt 0.9672620296478271 0.34495899081230164
vt 0.4778130054473877 0.8714439868927002
vt 0.47328099608421326 0.8556029796600342
vt 0.47891300916671753 0.8524529933929443
vt 0.4826450049877167 0.8676850199699402
vt 0.48350098729133606 0.8876370191574097
vt 0.47790300846099854 0.8924360275268555
vt 0.4791269898414612 0.8840240240097046
vt 0.20395299792289734 0.5669860243797302
vt 0.9666600227355957 0.8813850283622742
vt 0.9601529836654663 0.8748959898948669
vt 0.21432800590991974 0.6157950162887573
vt 0.20254899561405182 0.6187170147895813
vt 0.6294900178909302 0.8885530233383179
vt 0.6137750148773193 0.9114570021629333
vt 0.21786999702453613 0.6285459995269775
vt 0.2104959934949875 0.6285989880561829
vt 0.5086590051651001 0.7993379831314087
vt 0.5147179961204529 0.7923189997673035
vt 0.5041630268096924 0.80662602186203
vt 0.624176025390625 0.9032289981842041
vt 0.3547210097312927 0.933650016784668
vt 0.3596090078353882 0.9330490231513977
vt 0.35728099942207336 0.9403780102729797
vt 0.35082000494003296 0.9392189979553223
vt 0.5231559872627258 0.7879459857940674
vt 0.502469003200531 0.8159869909286499
vt 0.47382301092147827 0.848101019859314
vt 0.4774779975414276 0.8467239737510681
vt 0.35804298520088196 0.9239699840545654
vt 0.3632110059261322 0.9208859801292419
vt 0.36456000804901123 0.9323030114173889
vt 0.5050140023231506 0.830249011516571
vt 0.5020189881324768 0.8289459943771362
vt 0.9056950211524963 0.44322600960731506
vt 0.8946499824523926 0.44450899958610535
vt 0.917248010635376 0.44262900948524475
vt 0.9637550115585327 0.827426016330719
vt 0.9638479948043823 0.8172780275344849
vt 0.9629859924316406 0.8382390141487122
vt 0.8833829760551453 0.4458009898662567
vt 0.9270740151405334 0.44283199310302734
vt 0.9562219977378845 0.4341929852962494
vt 0.9564970135688782 0.44130098819732666
vt 0.9466429948806763 0.4411030113697052
vt 0.9364839792251587 0.44234299659729004
vt 0.20566900074481964 0.5852050185203552
vt 0.21071599423885345 0.5976579785346985
vt 0.20912499725818634 0.5755810141563416
vt 0.5978919863700867 0.9209489822387695
vt 0.5842450261116028 0.924124002456665
vt 0.9638739824295044 0.8921639919281006
vt 0.9580749869346619 0.8863509893417358
vt 0.9710680246353149 0.8885390162467957
vt 0.4726099967956543 0.8866959810256958
vt 0.4714150130748749 0.8756330013275146
vt 0.4721199870109558 0.8966709971427917
vt 0.9632419943809509 0.8096010088920593
vt 0.9622489809989929 0.8503919839859009
vt 0.8731229901313782 0.44704198837280273
vt 0.9769840240478516 0.3562450110912323
vt 0.9639379978179932 0.3590970039367676
vt 0.4674980044364929 0.8598380088806152
vt 0.9633669853210449 0.8030419945716858
vt 0.969825029373169 0.8041470050811768
vt 0.9615389704704285 0.8623120188713074
vt 0.19929100573062897 0.5584269762039185
vt 0.4739150106906891 0.8186119794845581
vt 0.4694420099258423 0.818556010723114
vt 0.4679569900035858 0.8097950220108032
vt 0.47251299023628235 0.8097209930419922
vt 0.46553701162338257 0.8023350238800049
vt 0.4700930118560791 0.8022599816322327
vt 0.4704909920692444 0.8271440267562866
vt 0.4750469923019409 0.8270689845085144
vt 0.4705049991607666 0.8363369703292847
vt 0.47506099939346313 0.8362630009651184
vt 0.36887699365615845 0.9202719926834106
vt 0.3712890148162842 0.9273489713668823
vt 0.22075800597667694 0.6433899998664856
vt 0.21326600015163422 0.6427879929542542
vt 0.22294199466705322 0.6566680073738098
vt 0.2153320014476776 0.6554120182991028
vt 0.47006699442863464 0.8487840294837952
vt 0.4660220146179199 0.8439589738845825
vt 0.22413000464439392 0.6105570197105408
vt 0.22364600002765656 0.667460024356842
vt 0.23509900271892548 0.6713770031929016
vt 0.22569599747657776 0.6807129979133606
vt 0.21876999735832214 0.6769390106201172
vt 0.21351200342178345 0.5649499893188477
vt 0.3712939918041229 0.9401149749755859
vt 0.3628700077533722 0.9435979723930359
vt 0.4612720012664795 0.8553979992866516
vt 0.9508649706840515 0.8785110116004944
vt 0.4640190005302429 0.8189759850502014
vt 0.46323201060295105 0.8101300001144409
vt 0.4621270000934601 0.8026289939880371
vt 0.4657669961452484 0.8274779915809631
vt 0.4670940041542053 0.8366320133209229
vt 0.9149829745292664 0.4512920081615448
vt 0.9034299850463867 0.4518899917602539
vt 0.8918489813804626 0.45319899916648865
vt 0.9255009889602661 0.45145899057388306
vt 0.9441009759902954 0.4504930078983307
vt 0.9350690245628357 0.45096200704574585
vt 0.9586740136146545 0.4504449963569641
vt 0.9519039988517761 0.4500870108604431
vt 0.21586599946022034 0.5877410173416138
vt 0.21883000433444977 0.573773980140686
vt 0.3724220097064972 0.921019971370697
vt 0.3722139894962311 0.9269880056381226
vt 0.46540701389312744 0.8439139723777771
vt 0.9625809788703918 0.9042720198631287
vt 0.9553369879722595 0.9002649784088135
vt 0.9487829804420471 0.8906409740447998
vt 0.4636229872703552 0.8842440247535706
vt 0.4622960090637207 0.8750900030136108
vt 0.4638710021972656 0.9000329971313477
vt 0.4638819992542267 0.8923550248146057
vt 0.9551650285720825 0.8285700082778931
vt 0.9552580118179321 0.8184229731559753
vt 0.9546560049057007 0.8100690245628357
vt 0.9544050097465515 0.8402810096740723
vt 0.8805829882621765 0.4544920027256012
vt 0.9772940278053284 0.36369600892066956
vt 0.967773973941803 0.3672339916229248
vt 0.22701500356197357 0.6230430006980896
vt 0.3744859993457794 0.9325690269470215
vt 0.23397399485111237 0.661628007888794
vt 0.4613009989261627 0.8485450148582458
vt 0.4607299864292145 0.8629000186920166
vt 0.9547929763793945 0.8037319779396057
vt 0.9536669850349426 0.8524330258369446
vt 0.2266010046005249 0.5898879766464233
vt 0.221451997756958 0.5998039841651917
vt 0.22907699644565582 0.633309006690979
vt 0.23099300265312195 0.6433460116386414
vt 0.23249800503253937 0.6522740125656128
vt 0.9533360004425049 0.9116969704627991
vt 0.9460930228233337 0.9076899886131287
vt 0.23572400212287903 0.6789360046386719
vt 0.20885099470615387 0.5563910007476807
vt 0.8767849802970886 0.4646579921245575
vt 0.8691319823265076 0.45650601387023926
vt 0.9522510170936584 0.8659260272979736
vt 0.9436799883842468 0.8562690019607544
vt 0.3689649999141693 0.9474440217018127
vt 0.6506320238113403 0.8515639901161194
vt 0.6499230265617371 0.8515639901161194
vt 0.6541720032691956 0.8430299758911133
vt 0.6556479930877686 0.8430269956588745
vt 0.6537629961967468 0.8366529941558838
vt 0.6597239971160889 0.8366360068321228
vt 0.6541849970817566 0.8778759837150574
vt 0.6499289870262146 0.869342029094696
vt 0.6506379842758179 0.869342029094696
vt 0.6556609869003296 0.8778719902038574
vt 0.6597409844398499 0.8842819929122925
vt 0.6537799835205078 0.8842980265617371
vt 0.6460300087928772 0.8515830039978027
vt 0.6488620042800903 0.8430489897727966
vt 0.6491590142250061 0.8608109951019287
vt 0.6484509706497192 0.8608109951019287
vt 0.6453250050544739 0.8608279824256897
vt 0.6488749980926514 0.8778949975967407
vt 0.6460369825363159 0.8693609833717346
vt 0.37765198945999146 0.9232649803161621
vt 0.6540560126304626 0.8952239751815796
vt 0.6464999914169312 0.8936319947242737
vt 0.6522359848022461 0.8906729817390442
vt 0.6529800295829773 0.890038013458252
vt 0.22399300336837769 0.5640609860420227
vt 0.9408890008926392 0.8825690150260925
vt 0.9117209911346436 0.46143001317977905
vt 0.9003250002861023 0.46202000975608826
vt 0.8885499835014343 0.46262800693511963
vt 0.9222019910812378 0.46088799834251404
vt 0.22341600060462952 0.5814560055732727
vt 0.9655799865722656 0.18990300595760345
vt 0.9617429971694946 0.18283399939537048
vt 0.9663429856300354 0.18136100471019745
vt 0.9695150256156921 0.18866099417209625
vt 0.3842940032482147 0.9185150265693665
vt 0.38250699639320374 0.9245669841766357
vt 0.3794400095939636 0.9172130227088928
vt 0.972769021987915 0.197052001953125
vt 0.9688339829444885 0.198293998837471
vt 0.9717339873313904 0.20631900429725647
vt 0.9756690263748169 0.20507700741291046
vt 0.9784060120582581 0.21353699266910553
vt 0.9738060235977173 0.21501100063323975
vt 0.9795759916305542 0.22069400548934937
vt 0.9749749898910522 0.2221670001745224
vt 0.9467189908027649 0.8993930220603943
vt 0.9451810121536255 0.8317310214042664
vt 0.9452620148658752 0.8213610053062439
vt 0.9453709721565247 0.8130080103874207
vt 0.9451199769973755 0.843218982219696
vt 0.9323049783706665 0.4603630006313324
vt 0.9406440258026123 0.4599300026893616
vt 0.9492980241775513 0.4594790041446686
vt 0.9699829816818237 0.3756229877471924
vt 0.9626650214195251 0.3791399896144867
vt 0.9606170058250427 0.3697330057621002
vt 0.38009101152420044 0.9320999979972839
vt 0.6506419777870178 0.8998759984970093
vt 0.6453239917755127 0.8985120058059692
vt 0.45468100905418396 0.8961939811706543
vt 0.4544050097465515 0.887257993221283
vt 0.45384299755096436 0.8770650029182434
vt 0.4547539949417114 0.9037410020828247
vt 0.9455000162124634 0.8057730197906494
vt 0.9795020222663879 0.3720859885215759
vt 0.3788209855556488 0.944225013256073
vt 0.37622201442718506 0.952193021774292
vt 0.6590030193328857 0.8958600163459778
vt 0.6585890054702759 0.9044100046157837
vt 0.4522779881954193 0.8648750185966492
vt 0.45290300250053406 0.8572419881820679
vt 0.23070700466632843 0.5994660258293152
vt 0.23407100141048431 0.61005699634552
vt 0.23669199645519257 0.6216610074043274
vt 0.2390190064907074 0.6328089833259583
vt 0.24093499779701233 0.6428470015525818
vt 0.24243900179862976 0.651773989200592
vt 0.2438870072364807 0.6615539789199829
vt 0.24504099786281586 0.6708769798278809
vt 0.24498000741004944 0.6785979866981506
vt 0.9447789788246155 0.9164299964904785
vt 0.21921400725841522 0.5548480153083801
vt 0.8653330206871033 0.46667200326919556
vt 0.9422630071640015 0.8697630167007446
vt 0.9681689739227295 0.19852599501609802
vt 0.9673759937286377 0.19670100510120392
vt 0.9602599740028381 0.19175300002098083
vt 0.9550930261611938 0.1851470023393631
vt 0.9627760052680969 0.19817399978637695
vt 0.9686070084571838 0.19998399913311005
vt 0.9664149880409241 0.20816899836063385
vt 0.9640070199966431 0.20145800709724426
vt 0.9671559929847717 0.21732300519943237
vt 0.390843003988266 0.921288013458252
vt 0.3910199999809265 0.9281709790229797
vt 0.1781740039587021 0.7402160167694092
vt 0.1781740039587021 0.7387940287590027
vt 0.17882999777793884 0.7380610108375549
vt 0.17953899502754211 0.7401919960975647
vt 0.9669029712677002 0.19773399829864502
vt 0.9629679918289185 0.19897599518299103
vt 0.17882999777793884 0.7416149973869324
vt 0.1781740039587021 0.74092698097229
vt 0.17859800159931183 0.7272949814796448
vt 0.17944100499153137 0.7274119853973389
vt 0.17953899502754211 0.7317339777946472
vt 0.17859800159931183 0.73232102394104
vt 0.9663310050964355 0.2251729965209961
vt 0.3921490013599396 0.9364519715309143
vt 0.9634600281715393 0.20028899610042572
vt 0.9673960208892822 0.1990469992160797
vt 0.9676420092582703 0.19970400631427765
vt 0.9637060165405273 0.20094600319862366
vt 0.9752429723739624 0.2277889996767044
vt 0.963329017162323 0.23180699348449707
vt 0.229311004281044 0.5728849768638611
vt 0.2333579957485199 0.5809569954872131
vt 0.38881799578666687 0.9497939944267273
vt 0.6590030193328857 0.9158830046653748
vt 0.6486750245094299 0.9125369787216187
vt 0.9374499917030334 0.904125988483429
vt 0.9388070106506348 0.894698977470398
vt 0.23722800612449646 0.589227020740509
vt 0.9361129999160767 0.9124230146408081
vt 0.24118900299072266 0.5985770225524902
vt 0.9348030090332031 0.9204879999160767
vt 0.8981480002403259 0.4870550036430359
vt 0.8903080224990845 0.4831869900226593
vt 0.874970018863678 0.4832659959793091
vt 0.9116100072860718 0.49347901344299316
vt 0.921671986579895 0.4744440019130707
vt 0.9359130263328552 0.4715679883956909
vt 0.9423689842224121 0.4676719903945923
vt 0.9494069814682007 0.46588099002838135
vt 0.9731410145759583 0.383897989988327
vt 0.9667329788208008 0.38453900814056396
vt 0.9782620072364807 0.38764598965644836
vt 0.38561999797821045 0.9646580219268799
vt 0.3386940062046051 0.9182860255241394
vt 0.33774998784065247 0.9203259944915771
vt 0.33943501114845276 0.9112169742584229
vt 0.34019801020622253 0.911300003528595
vt 0.34380000829696655 0.9031299948692322
vt 0.17953899502754211 0.7586489915847778
vt 0.1787479966878891 0.7583829760551453
vt 0.1789660006761551 0.756650984287262
vt 0.1787720024585724 0.7494919896125793
vt 0.17882899940013885 0.7473549842834473
vt 0.17953799664974213 0.7480660080909729
vt 0.17953899502754211 0.7494879961013794
vt 0.17953899502754211 0.7501999735832214
vt 0.17883099615573883 0.7509109973907471
vt 0.1787479966878891 0.7599660158157349
vt 0.33829399943351746 0.9218189716339111
vt 0.3381980061531067 0.9289649724960327
vt 0.3374359905719757 0.9288820028305054
vt 0.3316499888896942 0.9196590185165405
vt 0.3340980112552643 0.9106330275535583
vt 0.33209899067878723 0.9282990097999573
vt 0.3398810029029846 0.9377549886703491
vt 0.43925800919532776 0.8746020197868347
vt 0.4414530098438263 0.8581699728965759
vt 0.4477280080318451 0.8860719799995422
vt 0.44512099027633667 0.8786060214042664
vt 0.4466719925403595 0.8942229747772217
vt 0.4432159960269928 0.9005470275878906
vt 0.4408249855041504 0.9114729762077332
vt 0.45437198877334595 0.9102910161018372
vt 0.9132779836654663 0.8238419890403748
vt 0.9318659901618958 0.8145849704742432
vt 0.9202769994735718 0.8351179957389832
vt 0.9245030283927917 0.8425499796867371
vt 0.9251779913902283 0.8589779734611511
vt 0.24455200135707855 0.6091679930686951
vt 0.33852100372314453 0.9025499820709229
vt 0.3346019983291626 0.9371749758720398
vt 0.2555220127105713 0.6699879765510559
vt 0.2554610073566437 0.6777080297470093
vt 0.8627889752388 0.48460501432418823
vt 0.24717199802398682 0.6207720041275024
vt 0.24935300648212433 0.6316919922828674
vt 0.25126901268959045 0.641730010509491
vt 0.2527740001678467 0.6506569981575012
vt 0.25436800718307495 0.660664975643158
vt 0.924468994140625 0.8731470108032227
vt 0.3916749954223633 0.9284489750862122
vt 0.3966650068759918 0.9184809923171997
vt 0.39499199390411377 0.9260870218276978
vt 0.9656659960746765 0.2254049926996231
vt 0.34010401368141174 0.9442470073699951
vt 0.34380000829696655 0.944657027721405
vt 0.23709100484848022 0.5519570112228394
vt 0.2341800034046173 0.562716007232666
vt 0.9309200048446655 0.8852750062942505
vt 0.2393520027399063 0.5713109970092773
vt 0.9288420081138611 0.8967300057411194
vt 0.3951689898967743 0.9347879886627197
vt 0.9605119824409485 0.22943800687789917
vt 0.3994620144367218 0.9264730215072632
vt 0.39323899149894714 0.9320530295372009
vt 0.98711097240448 0.8049179911613464
vt 0.988910973072052 0.8082990050315857
vt 0.9867799878120422 0.8085780143737793
vt 0.9838749766349792 0.8030419945716858
vt 0.9810199737548828 0.3076170086860657
vt 0.9749820232391357 0.3072569966316223
vt 0.974668025970459 0.29826200008392334
vt 0.9806069731712341 0.29874101281166077
vt 0.9738749861717224 0.2905629873275757
vt 0.9792100191116333 0.29092299938201904
vt 0.9750810265541077 0.31578901410102844
vt 0.9810199737548828 0.3162679970264435
vt 0.9746840000152588 0.3249169886112213
vt 0.9800189733505249 0.3252770006656647
vt 0.879580020904541 0.22219599783420563
vt 0.872776985168457 0.22169800102710724
vt 0.8763160109519958 0.21897099912166595
vt 0.8802970051765442 0.2191620022058487
vt 0.8838109970092773 0.4069480001926422
vt 0.8820189833641052 0.40800198912620544
vt 0.8825200200080872 0.4040110111236572
vt 0.8851479887962341 0.40033599734306335
vt 0.24339799582958221 0.5793830156326294
vt 0.6594060063362122 0.8138520121574402
vt 0.6593390107154846 0.8228369951248169
vt 0.6577860116958618 0.8225070238113403
vt 0.6578530073165894 0.81352299451828
vt 0.6588850021362305 0.8051729798316956
vt 0.6599649786949158 0.8060070276260376
vt 0.2157440036535263 0.9894949793815613
vt 0.21502000093460083 0.9823610186576843
vt 0.22290000319480896 0.9882609844207764
vt 0.14641399681568146 0.9592959880828857
vt 0.14532700181007385 0.9685360193252563
vt 0.1392119973897934 0.965158998966217
vt 0.14058800041675568 0.9580109715461731
vt 0.4027149975299835 0.9187830090522766
vt 0.9738420248031616 0.33241701126098633
vt 0.9778670072555542 0.33265700936317444
vt 0.13179899752140045 0.7928429841995239
vt 0.13024799525737762 0.7931690216064453
vt 0.13015800714492798 0.7840989828109741
vt 0.1317099928855896 0.7837719917297363
vt 0.12973199784755707 0.7763670086860657
vt 0.1307860016822815 0.775501012802124
vt 0.1897280067205429 0.9539309740066528
vt 0.19647599756717682 0.9586229920387268
vt 0.18909700214862823 0.9609460234642029
vt 0.1809460073709488 0.9626880288124084
vt 0.18231700360774994 0.9536939859390259
vt 0.9274849891662598 0.9061570167541504
vt 0.6599649786949158 0.8295649886131287
vt 0.6589660048484802 0.8296779990196228
vt 0.22383399307727814 0.9769030213356018
vt 0.2325800061225891 0.9764249920845032
vt 0.22894899547100067 0.9848650097846985
vt 0.21653200685977936 0.9752860069274902
vt 0.24726900458335876 0.5876539945602417
vt 0.926147997379303 0.9144539833068848
vt 0.13072800636291504 0.8001919984817505
vt 0.12973199784755707 0.8000760078430176
vt 0.20042000710964203 0.9644700288772583
vt 0.20042000710964203 0.9738399982452393
vt 0.19518199563026428 0.9700930118560791
vt 0.18935899436473846 0.9685940146446228
vt 0.37893301248550415 0.9658640027046204
vt 0.38514000177383423 0.9657899737358093
vt 0.3790470063686371 0.9674180150032043
vt 0.4028500020503998 0.9294139742851257
vt 0.3956409990787506 0.9355000257492065
vt 0.8790220022201538 0.22616499662399292
vt 0.8714500069618225 0.2259799987077713
vt 0.6590139865875244 0.7413319945335388
vt 0.6574410200119019 0.7413370013237
vt 0.6588129997253418 0.7357329726219177
vt 0.660165011882782 0.7364519834518433
vt 0.2512289881706238 0.5970039963722229
vt 0.15140700340270996 0.9630609750747681
vt 0.15437699854373932 0.9709280133247375
vt 0.3985230028629303 0.939631998538971
vt 0.39727699756622314 0.9462239742279053
vt 0.9550930261611938 0.2304690033197403
vt 0.6560879945755005 0.9218630194664001
vt 0.6506270170211792 0.9198200106620789
vt 0.9248369932174683 0.9225180149078369
vt 0.17054599523544312 0.9631199836730957
vt 0.17564499378204346 0.9561640024185181
vt 0.25459301471710205 0.6075950264930725
vt 0.2655630111694336 0.6684150099754333
vt 0.265502005815506 0.6761350035667419
vt 0.8161200284957886 0.4003239870071411
vt 0.8146790266036987 0.40942099690437317
vt 0.8138539791107178 0.4094200134277344
vt 0.8152959942817688 0.40032199025154114
vt 0.9329550266265869 0.4802680015563965
vt 0.2578989863395691 0.6190379858016968
vt 0.39690500497817993 0.9562289714813232
vt 0.3942030072212219 0.9662730097770691
vt 0.9895229935646057 0.8122749924659729
vt 0.9871379733085632 0.814486026763916
vt 0.2602260112762451 0.6301860213279724
vt 0.26214200258255005 0.6402230262756348
vt 0.2636469900608063 0.6491510272026062
vt 0.26509401202201843 0.6589300036430359
vt 0.8851479887962341 0.4122360050678253
vt 0.8828229904174805 0.411747008562088
vt 0.4307349920272827 0.8732799887657166
vt 0.4313330054283142 0.8598809838294983
vt 0.4346350133419037 0.8503900170326233
vt 0.822704017162323 0.40905898809432983
vt 0.8218600153923035 0.409168004989624
vt 0.8228979706764221 0.4004310071468353
vt 0.8237419724464417 0.40032199025154114
vt 0.4348990023136139 0.9048640131950378
vt 0.40379399061203003 0.9326559901237488
vt 0.3981649875640869 0.9386579990386963
vt 0.40675899386405945 0.9220010042190552
vt 0.9688370227813721 0.2984969913959503
vt 0.9687489867210388 0.29079899191856384
vt 0.9692509770393372 0.3073729872703552
vt 0.9692500233650208 0.3160249888896942
vt 0.9695580005645752 0.3251529932022095
vt 0.9694200158119202 0.3326539993286133
vt 0.8788419961929321 0.2303680032491684
vt 0.8726329803466797 0.22940300405025482
vt 0.9243170022964478 0.49566999077796936
vt 0.13753899931907654 0.9726660251617432
vt 0.9105539917945862 0.8134620189666748
vt 0.9256110191345215 0.8068979978561401
vt 0.24985399842262268 0.5600810050964355
vt 0.2508629858493805 0.5539150238037109
vt 0.3937230110168457 0.9674050211906433
vt 0.6583300232887268 0.7498229742050171
vt 0.6567569971084595 0.7498270273208618
vt 0.9152629971504211 0.8879830241203308
vt 0.9123730063438416 0.8819249868392944
vt 0.4016830027103424 0.9394639730453491
vt 0.9888839721679688 0.8165270090103149
vt 0.8775690197944641 0.23375600576400757
vt 0.8802970051765442 0.23219600319862366
vt 0.2529990077018738 0.5771260261535645
vt 0.2616110146045685 0.5623000264167786
vt 0.6323609948158264 0.937745988368988
vt 0.6247169971466064 0.9335690140724182
vt 0.625756025314331 0.9298639893531799
vt 0.6320319771766663 0.93122398853302
vt 0.9838749766349792 0.8208370208740234
vt 0.40814000368118286 0.927856981754303
vt 0.6886609792709351 0.9822710156440735
vt 0.6851869821548462 0.9814940094947815
vt 0.6851869821548462 0.9727050065994263
vt 0.6904789805412292 0.9760850071907043
vt 0.7342950105667114 0.423101007938385
vt 0.7342950105667114 0.41559898853302
vt 0.7360849976539612 0.421097993850708
vt 0.6434260010719299 0.9788119792938232
vt 0.640749990940094 0.978173017501831
vt 0.6458690166473389 0.9725329875946045
vt 0.6505640149116516 0.9724130034446716
vt 0.9175310134887695 0.9061599969863892
vt 0.9046339988708496 0.8931480050086975
vt 0.6502050161361694 0.9462609887123108
vt 0.6458340287208557 0.937703013420105
vt 0.6505290269851685 0.9375820159912109
vt 0.6548460125923157 0.9461190104484558
vt 0.9653440117835999 0.32598501443862915
vt 0.9643329977989197 0.3168559968471527
vt 0.25687000155448914 0.5853959918022156
vt 0.422885000705719 0.8054460287094116
vt 0.4130159914493561 0.8019570112228394
vt 0.4219050109386444 0.7953450083732605
vt 0.4274370074272156 0.8011209964752197
vt 0.9636290073394775 0.3082050085067749
vt 0.963919997215271 0.29932901263237
vt 0.42082199454307556 0.8553889989852905
vt 0.42906901240348816 0.8477759957313538
vt 0.9161930084228516 0.9144570231437683
vt 0.14733299612998962 0.9788020253181458
vt 0.13892300426959991 0.9818130135536194
vt 0.15437699854373932 0.980301022529602
vt 0.6360679864883423 0.9377970099449158
vt 0.6336650252342224 0.9313030242919922
vt 0.6407039761543274 0.9319689869880676
vt 0.6337130069732666 0.9789280295372009
vt 0.6323959827423096 0.9725769758224487
vt 0.6361029744148254 0.9726279973983765
vt 0.18623100221157074 0.9773010015487671
vt 0.17650899291038513 0.9722149968147278
vt 0.16874399781227112 0.9722859859466553
vt 0.22578300535678864 0.967706024646759
vt 0.23363499343395233 0.9629359841346741
vt 0.21747399866580963 0.9660630226135254
vt 0.2601439952850342 0.5949069857597351
vt 0.9155939817428589 0.9225209951400757
vt 0.902908980846405 0.22009800374507904
vt 0.902908980846405 0.2336290031671524
vt 0.8975189924240112 0.2282789945602417
vt 0.8970739841461182 0.21897099912166595
vt 0.1934570074081421 0.9793940186500549
vt 0.8858910202980042 0.49480900168418884
vt 0.8797510266304016 0.4908530116081238
vt 0.8717169761657715 0.4905549883842468
vt 0.8633779883384705 0.49169600009918213
vt 0.8773859739303589 0.49453699588775635
vt 0.8161200284957886 0.42281898856163025
vt 0.8152959942817688 0.42281800508499146
vt 0.9329609870910645 0.4937970042228699
vt 0.8237419724464417 0.42254799604415894
vt 0.8228979706764221 0.4226570129394531
vt 0.34508100152015686 0.8307729959487915
vt 0.34508100152015686 0.8478469848632812
vt 0.34018999338150024 0.8433290123939514
vt 0.9173269867897034 0.8718090057373047
vt 0.918038010597229 0.8621379733085632
vt 0.9173470139503479 0.8535860180854797
vt 0.9130899906158447 0.8470630049705505
vt 0.9137459993362427 0.8549500107765198
vt 0.8910700082778931 0.5009509921073914
vt 0.24344900250434875 0.5481550097465515
vt 0.2509689927101135 0.5483300089836121
vt 0.26350799202919006 0.6054980158805847
vt 0.6284890174865723 0.945015013217926
vt 0.6247169971466064 0.9452170133590698
vt 0.6339489817619324 0.9463340044021606
vt 0.6376550197601318 0.9463859796524048
vt 0.6285099983215332 0.965628981590271
vt 0.6339660286903381 0.9641050100326538
vt 0.4182780086994171 0.8379080295562744
vt 0.42507100105285645 0.8363620042800903
vt 0.4314799904823303 0.8419250249862671
vt 0.637673020362854 0.9641559720039368
vt 0.6502220034599304 0.9640309810638428
vt 0.9150220155715942 0.930351972579956
vt 0.9242650270462036 0.9303489923477173
vt 0.9108800292015076 0.8783469796180725
vt 0.906715989112854 0.842333972454071
vt 0.2668150067329407 0.616940975189209
vt 0.4085899889469147 0.7856929898262024
vt 0.4178600013256073 0.7851510047912598
vt 0.396248996257782 0.7950689792633057
vt 0.2740100026130676 0.6568340063095093
vt 0.2744779884815216 0.6663190126419067
vt 0.42166799306869507 0.8752089738845825
vt 0.4068939983844757 0.8679310083389282
vt 0.2698270082473755 0.6279280185699463
vt 0.2717429995536804 0.637965977191925
vt 0.6384270191192627 0.9556450247764587
vt 0.6516860127449036 0.9555180072784424
vt 0.27324798703193665 0.6468930244445801
vt 0.4023840129375458 0.9706609845161438
vt 0.40184301137924194 0.9719380140304565
vt 0.41533800959587097 0.8177850246429443
vt 0.4047420024871826 0.8086140155792236
vt 0.6347209811210632 0.955594003200531
vt 0.629971981048584 0.9556930065155029
vt 0.4109260141849518 0.8509430289268494
vt 0.6585659980773926 0.7590929865837097
vt 0.6572139859199524 0.759086012840271
vt 0.9017000198364258 0.49897700548171997
vt 0.9082149863243103 0.8326399922370911
vt 0.41702601313591003 0.8279330134391785
vt 0.4221310019493103 0.8162379860877991
vt 0.42312100529670715 0.8264719843864441
vt 0.8646609783172607 0.49448099732398987
vt 0.9144240021705627 0.8684539794921875
vt 0.8850679993629456 0.49841299653053284
vt 0.24504399299621582 0.5429009795188904
vt 0.26245400309562683 0.5746399760246277
vt 0.26495298743247986 0.5832329988479614
vt 0.9076650142669678 0.9137840270996094
vt 0.9075800180435181 0.9054870009422302
vt 0.9095079898834229 0.8472959995269775
vt 0.22181899845600128 0.953374981880188
vt 0.22714099287986755 0.9570729732513428
vt 0.1885879933834076 0.9890959858894348
vt 0.18159300088882446 0.9897480010986328
vt 0.19581300020217896 0.9865040183067322
vt 0.1451610028743744 0.9877219796180725
vt 0.15250299870967865 0.9888629913330078
vt 0.2682270109653473 0.592743992805481
vt 0.9070649743080139 0.9218479990959167
vt 0.1783120036125183 0.9817879796028137
vt 0.1696529984474182 0.9812269806861877
vt 0.2574149966239929 0.5516420006752014
vt 0.2587980031967163 0.557558000087738
vt 0.21502000093460083 0.9588860273361206
vt 0.21557000279426575 0.9524989724159241
vt 0.2715910077095032 0.6033350229263306
vt 0.9064930081367493 0.9296789765357971
vt 0.17484499514102936 0.9873980283737183
vt 0.906004011631012 0.8884400129318237
vt 0.9059209823608398 0.8846409916877747
vt 0.7724800109863281 0.8929409980773926
vt 0.7603660225868225 0.8922680020332336
vt 0.7606030106544495 0.8865600228309631
vt 0.7742339968681335 0.8878480195999146
vt 0.7513260245323181 0.8906750082969666
vt 0.7514749765396118 0.8835480213165283
vt 0.2748970091342926 0.6147779822349548
vt 0.28209200501441956 0.6546710133552551
vt 0.2825610041618347 0.6641550064086914
vt 0.641743004322052 0.6973379850387573
vt 0.641979992389679 0.70305997133255
vt 0.6298660039901733 0.7037240266799927
vt 0.6281120181083679 0.69862300157547
vt 0.6508690118789673 0.6943640112876892
vt 0.6510170102119446 0.7015050053596497
vt 0.7824069857597351 0.8880329728126526
vt 0.7813019752502441 0.8930889964103699
vt 0.2779099941253662 0.6257650256156921
vt 0.28133100271224976 0.6447299718856812
vt 0.621042013168335 0.7038990259170532
vt 0.619937002658844 0.6988419890403748
vt 0.7698739767074585 0.9080650210380554
vt 0.7599400281906128 0.9072539806365967
vt 0.7771080136299133 0.9083219766616821
vt 0.7725710272789001 0.9257000088691711
vt 0.7625790238380432 0.9248960018157959
vt 0.7784169912338257 0.9246119856834412
vt 0.7824069857597351 0.9079740047454834
vt 0.7516649961471558 0.905610978603363
vt 0.8888620138168335 0.5046250224113464
vt 0.9209910035133362 0.5015389919281006
vt 0.9091500043869019 0.509984016418457
vt 0.40814000368118286 0.9771339893341064
vt 0.40766000747680664 0.9782670140266418
vt 0.3905859887599945 0.7828329801559448
vt 0.3999580144882202 0.7829859852790833
vt 0.27982598543167114 0.6358029842376709
vt 0.40821999311447144 0.8296040296554565
vt 0.4066160023212433 0.8193259835243225
vt 0.40955600142478943 0.8394500017166138
vt 0.660165011882782 0.7669870257377625
vt 0.6585919857025146 0.7669919729232788
vt 0.41425299644470215 0.8808289766311646
vt 0.4052860140800476 0.8834519982337952
vt 0.9048359990119934 0.8166210055351257
vt 0.896917998790741 0.8274469971656799
vt 0.9031270146369934 0.8439199924468994
vt 0.6424059867858887 0.7180529832839966
vt 0.6324729919433594 0.7188509702682495
vt 0.6506779789924622 0.716454029083252
vt 0.6252380013465881 0.7191159725189209
vt 0.619937002658844 0.7188029885292053
vt 0.6397680044174194 0.7357069849967957
vt 0.6297760009765625 0.7365049719810486
vt 0.6239280104637146 0.7354379892349243
vt 0.7543050050735474 0.9232529997825623
vt 0.6480389833450317 0.7341079711914062
vt 0.9393770098686218 0.087567999958992
vt 0.9401170015335083 0.07158999890089035
vt 0.9451310038566589 0.0733959972858429
vt 0.9422820210456848 0.08974099904298782
vt 0.2489430010318756 0.9399420022964478
vt 0.2501020133495331 0.9321119785308838
vt 0.25210800766944885 0.9322069883346558
vt 0.2499459981918335 0.9399899840354919
vt 0.2529959976673126 0.9400910139083862
vt 0.25015100836753845 0.9494159817695618
vt 0.2476239949464798 0.9488369822502136
vt 0.25459399819374084 0.9328269958496094
vt 0.9817919731140137 0.026169000193476677
vt 0.9837980270385742 0.026074999943375587
vt 0.9849849939346313 0.03387099876999855
vt 0.9839820265769958 0.033918000757694244
vt 0.986286997795105 0.04278000071644783
vt 0.9837570190429688 0.04336199909448624
vt 0.9809290170669556 0.03402100130915642
vt 0.9793069958686829 0.02678699977695942
vt 0.9490010142326355 0.14967000484466553
vt 0.9435480237007141 0.14981800317764282
vt 0.9448739886283875 0.133215993642807
vt 0.9485020041465759 0.13325099647045135
vt 0.7702680230140686 0.9400740265846252
vt 0.7632070183753967 0.9397969841957092
vt 0.7784820199012756 0.9381099939346313
vt 0.7746279835700989 0.9397969841957092
vt 0.7569969892501831 0.9380289912223816
vt 0.25130799412727356 0.5416960120201111
vt 0.25775301456451416 0.5450080037117004
vt 0.7378489971160889 0.9707249999046326
vt 0.7382580041885376 0.9786249995231628
vt 0.7360730171203613 0.9799289703369141
vt 0.7350119948387146 0.9704579710960388
vt 0.7402349710464478 0.9641630053520203
vt 0.7416179776191711 0.9652249813079834
vt 0.9098150134086609 0.8114460110664368
vt 0.9076889753341675 0.8100950121879578
vt 0.9085059762001038 0.8046659827232361
vt 0.9113619923591614 0.8048869967460632
vt 0.41528698801994324 0.9054639935493469
vt 0.41656601428985596 0.9037759900093079
vt 0.4213939905166626 0.9083859920501709
vt 0.4187000095844269 0.9094200134277344
vt 0.27308401465415955 0.8606520295143127
vt 0.27254998683929443 0.867618978023529
vt 0.26677700877189636 0.8668220043182373
vt 0.2673110067844391 0.8598549962043762
vt 0.6391370296478271 0.7506530284881592
vt 0.6320769786834717 0.750918984413147
vt 0.6453449726104736 0.7489209771156311
vt 0.6277170181274414 0.750652015209198
vt 0.6238600015640259 0.749006986618042
vt 0.7888789772987366 0.4167639911174774
vt 0.7888789772987366 0.4229179918766022
vt 0.7863270044326782 0.4225429892539978
vt 0.7863270044326782 0.41638898849487305
vt 0.9040970206260681 0.8146049976348877
vt 0.9341930150985718 0.10645999759435654
vt 0.9290739893913269 0.10358499735593796
vt 0.9312919974327087 0.09945700317621231
vt 0.9357650279998779 0.10205300152301788
vt 0.9344890117645264 0.08518200367689133
vt 0.2503489851951599 0.5278679728507996
vt 0.2574799954891205 0.5310189723968506
vt 0.7416179776191711 0.9837700128555298
vt 0.9382010102272034 0.1190200001001358
vt 0.9364590048789978 0.11413799971342087
vt 0.942287027835846 0.11343099921941757
vt 0.9433429837226868 0.11846800148487091
vt 0.270577996969223 0.8817499876022339
vt 0.26412099599838257 0.8807839751243591
vt 0.9395210146903992 0.13418200612068176
vt 0.9427719712257385 0.058104000985622406
vt 0.2571280002593994 0.5137959718704224
vt 0.2484779953956604 0.5107399821281433
vt 0.8937090039253235 0.5086470246315002
vt 0.8930420279502869 0.516514003276825
vt 0.17152699828147888 0.8897389769554138
vt 0.17360499501228333 0.8973280191421509
vt 0.1710679978132248 0.8976969718933105
vt 0.16951900720596313 0.8896340131759644
vt 0.16874399781227112 0.8833029866218567
vt 0.17122599482536316 0.8839349746704102
vt 0.9335229992866516 0.4973289966583252
vt 0.938647985458374 0.5006229877471924
vt 0.9258490204811096 0.4984390139579773
vt 0.1475449949502945 0.9938549995422363
vt 0.25227901339530945 0.8991050124168396
vt 0.2497439980506897 0.8987569808959961
vt 0.2517170011997223 0.8911060094833374
vt 0.2537190020084381 0.8909839987754822
vt 0.25212299823760986 0.8854269981384277
vt 0.25459399819374084 0.884772002696991
vt 0.9050469994544983 0.8035140037536621
vt 0.9085220098495483 0.806460976600647
vt 0.12973199784755707 0.8288189768791199
vt 0.12973199784755707 0.8207650184631348
vt 0.1314619928598404 0.825419008731842
vt 0.898917019367218 0.8405309915542603
vt 0.8911120295524597 0.8423280119895935
vt 0.2684650123119354 0.898052990436554
vt 0.2606140077114105 0.8964800238609314
vt 0.9445559978485107 0.16457599401474
vt 0.9359920024871826 0.07106500118970871
vt 0.17631599307060242 0.9012749791145325
vt 0.17375800013542175 0.9015899896621704
vt 0.2735750079154968 0.5806810259819031
vt 0.27346599102020264 0.5634459853172302
vt 0.2761630117893219 0.5903530120849609
vt 0.8984280228614807 0.912434995174408
vt 0.8985400199890137 0.9204990267753601
vt 0.8933089971542358 0.8956109881401062
vt 0.24978800117969513 0.9031699895858765
vt 0.24720199406147003 0.9028480052947998
vt 0.9392269849777222 0.14911200106143951
vt 0.7697319984436035 0.9486380219459534
vt 0.7640870213508606 0.9482730031013489
vt 0.774092972278595 0.9483609795570374
vt 0.24982300400733948 0.4955829977989197
vt 0.25752198696136475 0.4979180097579956
vt 0.2795270085334778 0.6009439826011658
vt 0.8979679942131042 0.9283300042152405
vt 0.26756200194358826 0.9120780229568481
vt 0.2606140077114105 0.9103080034255981
vt 0.6382560133934021 0.7591680288314819
vt 0.6326109766960144 0.759522020816803
vt 0.628250002861023 0.7592549920082092
vt 0.24741999804973602 0.4835590124130249
vt 0.2523750066757202 0.48653900623321533
vt 0.244719997048378 0.4923740029335022
vt 0.2646450102329254 0.5537189841270447
vt 0.26498299837112427 0.5470849871635437
vt 0.26656800508499146 0.5592460036277771
vt 0.25161799788475037 0.924930989742279
vt 0.2537049949169159 0.9249429702758789
vt 0.49449899792671204 0.8906440138816833
vt 0.49154001474380493 0.8969720005989075
vt 0.48923999071121216 0.8968539834022522
vt 0.4927299916744232 0.8896999955177307
vt 0.2496110051870346 0.9248359799385071
vt 0.2828330099582672 0.6123870015144348
vt 0.29002898931503296 0.6522799730300903
vt 0.2904970049858093 0.6617640256881714
vt 0.9822660088539124 0.018914999440312386
vt 0.9842720031738281 0.018820999190211296
vt 0.9801700115203857 0.01893400028347969
vt 0.4091860055923462 0.8984230160713196
vt 0.41126498579978943 0.8973439931869507
vt 0.27470698952674866 0.8563740253448486
vt 0.2801179885864258 0.8607069849967957
vt 0.282397985458374 0.856328010559082
vt 0.2773649990558624 0.8542450070381165
vt 0.27958300709724426 0.8676739931106567
vt 0.6437559723854065 0.7573919892311096
vt 0.9471279978752136 0.059119001030921936
vt 0.9420350193977356 0.04976300150156021
vt 0.9461479783058167 0.04977799952030182
vt 0.24915100634098053 0.9089099764823914
vt 0.2505289912223816 0.9162939786911011
vt 0.24900199472904205 0.9167249798774719
vt 0.2476239949464798 0.9093400239944458
vt 0.49046000838279724 0.9095829725265503
vt 0.49449899792671204 0.9043409824371338
vt 0.7013760209083557 0.9820050001144409
vt 0.6962190270423889 0.9768469929695129
vt 0.7013760209083557 0.9727050065994263
vt 0.28516098856925964 0.6235349774360657
vt 0.2885810136795044 0.6424999833106995
vt 0.9848819971084595 0.010711999610066414
vt 0.9833559989929199 0.010280000045895576
vt 0.9847609996795654 0.0028699999675154686
vt 0.986286997795105 0.0033019999973475933
vt 0.4111669957637787 0.888280987739563
vt 0.9427930116653442 0.17324699461460114
vt 0.9493529796600342 0.16553999483585358
vt 0.9471439719200134 0.17490899562835693
vt 0.2662290036678314 0.5330010056495667
vt 0.934194028377533 0.5115349888801575
vt 0.9221600294113159 0.5150070190429688
vt 0.1710290014743805 0.8749650120735168
vt 0.17351099848747253 0.8755970001220703
vt 0.9446679949760437 0.5060060024261475
vt 0.9400100111961365 0.5190650224685669
vt 0.2736620008945465 0.5589420199394226
vt 0.38654398918151855 0.822488009929657
vt 0.3846699893474579 0.8117759823799133
vt 0.3820199966430664 0.7971600294113159
vt 0.28707700967788696 0.6335729956626892
vt 0.38806501030921936 0.8328970074653625
vt 0.3894839882850647 0.8426110148429871
vt 0.39085400104522705 0.8541049957275391
vt 0.39266499876976013 0.8700230121612549
vt 0.8918430209159851 0.8918009996414185
vt 0.8989289999008179 0.8913559913635254
vt 0.25001999735832214 0.8773139715194702
vt 0.2524909973144531 0.8766589760780334
vt 0.8913609981536865 0.8172900080680847
vt 0.8943449854850769 0.8080260157585144
vt 0.40386301279067993 0.9073470234870911
vt 0.3958680033683777 0.9019500017166138
vt 0.40873101353645325 0.8974260091781616
vt 0.4148319959640503 0.904466986656189
vt 0.2790060043334961 0.8824120163917542
vt 0.9224920272827148 0.10135599970817566
vt 0.9257590174674988 0.09679099917411804
vt 0.9311349987983704 0.08435799926519394
vt 0.9321619868278503 0.12014000117778778
vt 0.9294909834861755 0.11487200111150742
vt 0.9359869956970215 0.1341399997472763
vt 0.8900790214538574 0.5116829872131348
vt 0.8960310220718384 0.8434669971466064
vt 0.7700340151786804 0.9564279913902283
vt 0.7650370001792908 0.956026017665863
vt 0.7736420035362244 0.9554849863052368
vt 0.2592419981956482 0.4888080060482025
vt 0.9364460110664368 0.05738599970936775
vt 0.26670899987220764 0.5158460140228271
vt 0.27760401368141174 0.899154007434845
vt 0.9380040168762207 0.16365599632263184
vt 0.2686139941215515 0.9200130105018616
vt 0.262376993894577 0.9186819791793823
vt 0.6373019814491272 0.766972005367279
vt 0.6323059797286987 0.7673699855804443
vt 0.6286969780921936 0.7664380073547363
vt 0.2516080141067505 0.47507500648498535
vt 0.25668200850486755 0.47870901226997375
vt 0.32775598764419556 0.5177419781684875
vt 0.32985401153564453 0.5118939876556396
vt 0.336216002702713 0.5153059959411621
vt 0.3338960111141205 0.5211700201034546
vt 0.9392359852790833 0.04115999862551689
vt 0.9427030086517334 0.040894001722335815
vt 0.9425340294837952 0.1833830028772354
vt 0.9388689994812012 0.1815659999847412
vt 0.9363549947738647 0.04932599887251854
vt 0.9369270205497742 0.17217299342155457
vt 0.2669849991798401 0.49931401014328003
vt 0.2721500098705292 0.5545250177383423
vt 0.27263501286506653 0.5481190085411072
vt 0.2896229922771454 0.8567439913749695
vt 0.28758901357650757 0.8610270023345947
vt 0.2870819866657257 0.8682640194892883
vt 0.27650800347328186 0.9138150215148926
vt 0.8896070122718811 0.5159800052642822
vt 0.9573379755020142 0.5081940293312073
vt 0.9485430121421814 0.519333004951477
vt 0.17631599307060242 0.8594639897346497
vt 0.38060998916625977 0.7875779867172241
vt 0.3942970037460327 0.8812580108642578
vt 0.3949950039386749 0.893792986869812
vt 0.24720199406147003 0.8612809777259827
vt 0.9253000020980835 0.11594100296497345
vt 0.9242110252380371 0.11282400041818619
vt 0.9322469830513 0.11219999939203262
vt 0.26245200634002686 0.48002898693084717
vt 0.32796400785446167 0.6231300234794617
vt 0.3282800018787384 0.6382849812507629
vt 0.32331401109695435 0.6382169723510742
vt 0.32224899530410767 0.6229190230369568
vt 0.3286289870738983 0.6519190073013306
vt 0.3243139982223511 0.6519359946250916
vt 0.3222689926624298 0.6084330081939697
vt 0.32873299717903137 0.608788013458252
vt 0.9236840009689331 0.0960180014371872
vt 0.9261209964752197 0.08437100052833557
vt 0.929053008556366 0.07074499875307083
vt 0.9341130256652832 0.07192199677228928
vt 0.9297639727592468 0.08556599915027618
vt 0.9211140275001526 0.09722399711608887
vt 0.922819972038269 0.09757599979639053
vt 0.27483099699020386 0.5347560048103333
vt 0.2812179923057556 0.5778329968452454
vt 0.2839530110359192 0.5877339839935303
vt 0.2873170077800751 0.5983250141143799
vt 0.8900179862976074 0.918474018573761
vt 0.8899099826812744 0.9097350239753723
vt 0.8894460201263428 0.9263049960136414
vt 0.2874079942703247 0.8828049898147583
vt 0.3439429998397827 0.6378759741783142
vt 0.3389889895915985 0.6380220055580139
vt 0.33925101161003113 0.6228119730949402
vt 0.3449600040912628 0.6225590109825134
vt 0.33845800161361694 0.6085900068283081
vt 0.3449240028858185 0.6082289814949036
vt 0.8437690138816833 0.9162750244140625
vt 0.8386059999465942 0.9163510203361511
vt 0.839169979095459 0.9018340110778809
vt 0.8429290056228638 0.9010800123214722
vt 0.8375470042228699 0.8876659870147705
vt 0.8392059803009033 0.887133002281189
vt 0.9300320148468018 0.1207439973950386
vt 0.3430280089378357 0.6518610119819641
vt 0.3387160003185272 0.6518759727478027
vt 0.32224899530410767 0.5121700167655945
vt 0.3259339928627014 0.5069980025291443
vt 0.930429995059967 0.05720800161361694
vt 0.9353520274162292 0.0584539994597435
vt 0.9184809923171997 0.09974099695682526
vt 0.2906230092048645 0.6097679734230042
vt 0.29781800508499146 0.6496599912643433
vt 0.2982870042324066 0.6591449975967407
vt 0.8416290283203125 0.9303719997406006
vt 0.8365520238876343 0.9303190112113953
vt 0.9350900053977966 0.042284999042749405
vt 0.9111689925193787 0.5234079957008362
vt 0.8968819975852966 0.5248590111732483
vt 0.9230350255966187 0.5227940082550049
vt 0.29295000433921814 0.6209160089492798
vt 0.29486599564552307 0.6309530138969421
vt 0.2963710129261017 0.6398810148239136
vt 0.8834589719772339 0.8276609778404236
vt 0.8835750222206116 0.8179569840431213
vt 0.8826410174369812 0.8405129909515381
vt 0.9348220229148865 0.17948399484157562
vt 0.327675998210907 0.5372580289840698
vt 0.3237060010433197 0.5377770066261292
vt 0.32534798979759216 0.5275179743766785
vt 0.33000698685646057 0.5269100069999695
vt 0.3313629925251007 0.5374940037727356
vt 0.3337849974632263 0.5278499722480774
vt 0.2603229880332947 0.46673399209976196
vt 0.26456499099731445 0.4703019857406616
vt 0.26832300424575806 0.48866701126098633
vt 0.32224899530410767 0.6025609970092773
vt 0.32946300506591797 0.6030589938163757
vt 0.3307340145111084 0.6090710163116455
vt 0.37806499004364014 0.7779080271720886
vt 0.3377400040626526 0.6030290126800537
vt 0.3449600040912628 0.6025609970092773
vt 0.3364740014076233 0.6089709997177124
vt 0.27714699506759644 0.9227529764175415
vt 0.3368769884109497 0.5052120089530945
vt 0.34115299582481384 0.5051379799842834
vt 0.34116700291633606 0.5152220129966736
vt 0.33120599389076233 0.5025010108947754
vt 0.34429600834846497 0.5043950080871582
vt 0.34429600834846497 0.5137680172920227
vt 0.3351059854030609 0.5398709774017334
vt 0.33746498823165894 0.5309540033340454
vt 0.9169639945030212 0.09567900002002716
vt 0.9186170101165771 0.08200100064277649
vt 0.9202709794044495 0.0683249980211258
vt 0.2766819894313812 0.5172780156135559
vt 0.336124986410141 0.8540070056915283
vt 0.33273300528526306 0.8599979877471924
vt 0.3316499888896942 0.857234001159668
vt 0.9181240200996399 0.10164999961853027
vt 0.8312919735908508 0.9020730257034302
vt 0.8331739902496338 0.8883630037307739
vt 0.8303689956665039 0.88783198595047
vt 0.835686981678009 0.8818619847297668
vt 0.28737398982048035 0.8998839855194092
vt 0.8294100165367126 0.9157840013504028
vt 0.9351059794425964 0.19261600077152252
vt 0.9319570064544678 0.18996499478816986
vt 0.32925599813461304 0.6598569750785828
vt 0.3249410092830658 0.6598749756813049
vt 0.9341340065002441 0.04328300058841705
vt 0.935259997844696 0.05039399862289429
vt 0.9314020276069641 0.5216479897499084
vt 0.8843839764595032 0.8116300106048584
vt 0.39355799555778503 0.9084950089454651
vt 0.3424549996852875 0.6599770188331604
vt 0.338142991065979 0.6599910259246826
vt 0.8395569920539856 0.9387019872665405
vt 0.8366919755935669 0.9455860257148743
vt 0.8889129757881165 0.5202869772911072
vt 0.8847209811210632 0.5197920203208923
vt 0.8827639818191528 0.514909029006958
vt 0.9124860167503357 0.09791299700737
vt 0.9134500026702881 0.09475500136613846
vt 0.9133530259132385 0.10084400326013565
vt 0.34151700139045715 0.8614130020141602
vt 0.3351390063762665 0.8619400262832642
vt 0.28046199679374695 0.5581809878349304
vt 0.2814919948577881 0.5621349811553955
vt 0.28817498683929443 0.5751469731330872
vt 0.8848109841346741 0.8940290212631226
vt 0.8847630023956299 0.8908939957618713
vt 0.8821030259132385 0.9070339798927307
vt 0.8882129788398743 0.8502159714698792
vt 0.8875229954719543 0.8461620211601257
vt 0.8917620182037354 0.8441449999809265
vt 0.8931589722633362 0.8511229753494263
vt 0.9610419869422913 0.5585280060768127
vt 0.9710749983787537 0.5593379735946655
vt 0.9682130217552185 0.5613110065460205
vt 0.7805870175361633 0.41638898849487305
vt 0.7805870175361633 0.4230189919471741
vt 0.7787870168685913 0.42109400033950806
vt 0.48923999071121216 0.8760430216789246
vt 0.4950680136680603 0.8754199743270874
vt 0.48949098587036133 0.883961021900177
vt 0.8284369707107544 0.8869699835777283
vt 0.2700139880180359 0.47998300194740295
vt 0.9210019707679749 0.05450600013136864
vt 0.2790969908237457 0.553991973400116
vt 0.28053298592567444 0.5483070015907288
vt 0.2967950105667114 0.8566210269927979
vt 0.2947880029678345 0.8611739873886108
vt 0.2951839864253998 0.8682129979133606
vt 0.8266559839248657 0.9298250079154968
vt 0.27836599946022034 0.929781973361969
vt 0.2712259888648987 0.927649974822998
vt 0.9205269813537598 0.11510799825191498
vt 0.9307349920272827 0.03376999869942665
vt 0.9334520101547241 0.03215299919247627
vt 0.32936498522758484 0.6662499904632568
vt 0.3257499933242798 0.6663820147514343
vt 0.27740800380706787 0.4992760121822357
vt 0.8884130120277405 0.5252959728240967
vt 0.2842459976673126 0.534850001335144
vt 0.2969039976596832 0.8833609819412231
vt 0.8825860023498535 0.8484010100364685
vt 0.28657498955726624 0.9159860014915466
vt 0.34170201420783997 0.6667019724845886
vt 0.3380880057811737 0.6665980219841003
vt 0.9293529987335205 0.18743400275707245
vt 0.9117709994316101 0.08042299747467041
vt 0.9142550230026245 0.09513500332832336
vt 0.824196994304657 0.9012870192527771
vt 0.29144901037216187 0.5846580266952515
vt 0.29481300711631775 0.5952489972114563
vt 0.8815039992332458 0.9150980114936829
vt 0.88093101978302 0.9229289889335632
vt 0.9292510151863098 0.03606700152158737
vt 0.2981190085411072 0.6066920161247253
vt 0.30531400442123413 0.6465849876403809
vt 0.3057830035686493 0.6560689806938171
vt 0.8301460146903992 0.951445996761322
vt 0.8851799964904785 0.531158983707428
vt 0.9006339907646179 0.10168799757957458
vt 0.8981059789657593 0.09777499735355377
vt 0.3004460036754608 0.6178399920463562
vt 0.30236199498176575 0.6278780102729797
vt 0.30386701226234436 0.63680499792099
vt 0.8769230246543884 0.8533430099487305
vt 0.9771280288696289 0.5715450048446655
vt 0.9718000292778015 0.5709519982337952
vt 0.9653859734535217 0.5611860156059265
vt 0.2712559998035431 0.47276800870895386
vt 0.32945799827575684 0.6710929870605469
vt 0.3256109952926636 0.6726269721984863
vt 0.2779420018196106 0.48813700675964355
vt 0.9046609997749329 0.07949399948120117
vt 0.9124690294265747 0.09473299980163574
vt 0.8170120120048523 0.8998039960861206
vt 0.2863380014896393 0.9253910183906555
vt 0.3449600040912628 0.6795399785041809
vt 0.34102699160575867 0.6797459721565247
vt 0.34094199538230896 0.672631025314331
vt 0.34456199407577515 0.6724420189857483
vt 0.3228679895401001 0.4999440014362335
vt 0.3268289864063263 0.4969269931316376
vt 0.9099329710006714 0.06599199771881104
vt 0.28693100810050964 0.5174379944801331
vt 0.2975809872150421 0.900879979133606
vt 0.8187239766120911 0.9146680235862732
vt 0.3259339928627014 0.5496810078620911
vt 0.3226509988307953 0.5501099824905396
vt 0.32962000370025635 0.5499160289764404
vt 0.2713310122489929 0.45921701192855835
vt 0.8963710069656372 0.09191399812698364
vt 0.9463340044021606 0.5272790193557739
vt 0.938031017780304 0.528423011302948
vt 0.9286569952964783 0.5296220183372498
vt 0.3862450122833252 0.9021880030632019
vt 0.38687101006507874 0.8945559859275818
vt 0.38524800539016724 0.9086930155754089
vt 0.9827799797058105 0.5717960000038147
vt 0.3370540142059326 0.4930180013179779
vt 0.3406530022621155 0.49295398592948914
vt 0.3437969982624054 0.4922100007534027
vt 0.3333350121974945 0.5508630275726318
vt 0.34096500277519226 0.8814420104026794
vt 0.3346860110759735 0.8812479972839355
vt 0.8984739780426025 0.0787070021033287
vt 0.89164799451828 0.08297800272703171
vt 0.8990730047225952 0.07779800146818161
vt 0.28575098514556885 0.5530030131340027
vt 0.2854509949684143 0.5570579767227173
vt 0.2878729999065399 0.5471569895744324
vt 0.9544879794120789 0.5275660157203674
vt 0.9586740136146545 0.5188040137290955
vt 0.3747729957103729 0.8025199770927429
vt 0.3730350136756897 0.7941499948501587
vt 0.37141698598861694 0.7872980237007141
vt 0.38571101427078247 0.8851410150527954
vt 0.38510000705718994 0.8767269849777222
vt 0.3842009902000427 0.8670549988746643
vt 0.3025200068950653 0.8553500175476074
vt 0.30193400382995605 0.8607800006866455
vt 0.30301299691200256 0.8679890036582947
vt 0.4898959994316101 0.8564919829368591
vt 0.4958609938621521 0.8551260232925415
vt 0.9196640253067017 0.12033499777317047
vt 0.9028310179710388 0.1342030018568039
vt 0.8961430191993713 0.12780800461769104
vt 0.9021570086479187 0.11997900158166885
vt 0.8106989860534668 0.8979910016059875
vt 0.9245889782905579 0.20111000537872314
vt 0.9226430058479309 0.19746799767017365
vt 0.2889310121536255 0.5599110126495361
vt 0.29400599002838135 0.5719379782676697
vt 0.3759480118751526 0.8133170008659363
vt 0.37773799896240234 0.8241590261459351
vt 0.3793430030345917 0.8344380259513855
vt 0.3806779980659485 0.8442829847335815
vt 0.38213199377059937 0.855646014213562
vt 0.8763269782066345 0.889743983745575
vt 0.8791159987449646 0.8879600167274475
vt 0.8750180006027222 0.9023060202598572
vt 0.27868300676345825 0.47873198986053467
vt 0.9204840064048767 0.5314689874649048
vt 0.8750600218772888 0.8220030069351196
vt 0.8765680193901062 0.8154540061950684
vt 0.2866530120372772 0.9326180219650269
vt 0.2747400104999542 0.46271800994873047
vt 0.9095110297203064 0.051541998982429504
vt 0.9117019772529602 0.5319240093231201
vt 0.9030759930610657 0.5323699712753296
vt 0.29336899518966675 0.5344870090484619
vt 0.8749809861183167 0.8294469714164734
vt 0.3063479959964752 0.8833789825439453
vt 0.8749150037765503 0.8371139764785767
vt 0.8146560192108154 0.9287269711494446
vt 0.332071989774704 0.4910080134868622
vt 0.923130989074707 0.025499999523162842
vt 0.9252030253410339 0.02360299974679947
vt 0.9207260012626648 0.19478200376033783
vt 0.2897140085697174 0.4989530146121979
vt 0.2974269986152649 0.5816770195960999
vt 0.8744149804115295 0.911046028137207
vt 0.29883500933647156 0.9174879789352417
vt 0.3007909953594208 0.5922679901123047
vt 0.8738430142402649 0.9188770055770874
vt 0.9216470122337341 0.02779800072312355
vt 0.2794249951839447 0.46932700276374817
vt 0.3042440116405487 0.6039389967918396
vt 0.31143900752067566 0.6438320279121399
vt 0.3117609918117523 0.6530879735946655
vt 0.2869679927825928 0.939844012260437
vt 0.2792859971523285 0.9353709816932678
vt 0.34450098872184753 0.6895310282707214
vt 0.3405669927597046 0.6897370219230652
vt 0.8207129836082458 0.9577270150184631
vt 0.3072569966316223 0.6149259805679321
vt 0.30902600288391113 0.6247349977493286
vt 0.3106769919395447 0.6338909864425659
vt 0.9961180090904236 0.26462000608444214
vt 0.9955580234527588 0.2682110071182251
vt 0.9897580146789551 0.26316699385643005
vt 0.9910460114479065 0.25978100299835205
vt 0.8789680004119873 0.6675189733505249
vt 0.8843399882316589 0.6681270003318787
vt 0.8786360025405884 0.6711770296096802
vt 0.30760499835014343 0.8589699864387512
vt 0.30731400847435 0.8540070056915283
vt 0.874176025390625 0.8834530115127563
vt 0.9856989979743958 0.2686319947242737
vt 0.9928979873657227 0.27229300141334534
vt 0.3101060092449188 0.8670549988746643
vt 0.290012001991272 0.48650598526000977
vt 0.2976889908313751 0.5176349878311157
vt 0.9425820112228394 0.5353059768676758
vt 0.9344369769096375 0.5364410281181335
vt 0.9496939778327942 0.5349349975585938
vt 0.3786799907684326 0.8962720036506653
vt 0.3783380091190338 0.8882910013198853
vt 0.3779520094394684 0.9032099843025208
vt 0.30861198902130127 0.9008690118789673
vt 0.2982119917869568 0.928164005279541
vt 0.32596999406814575 0.4883669912815094
vt 0.9030380249023438 0.5402029752731323
vt 0.8900349736213684 0.5408740043640137
vt 0.8922950029373169 0.10456699877977371
vt 0.8884760141372681 0.10009299963712692
vt 0.8846889734268188 0.5375900268554688
vt 0.3647429943084717 0.7951719760894775
vt 0.3636380136013031 0.7876719832420349
vt 0.3665820062160492 0.8042359948158264
vt 0.3678410053253174 0.8149030208587646
vt 0.3770099878311157 0.8791369795799255
vt 0.376010000705719 0.8687710165977478
vt 0.37402498722076416 0.8572329878807068
vt 0.8671000003814697 0.8528580069541931
vt 0.8671560287475586 0.8397960066795349
vt 0.9804900288581848 0.5793600082397461
vt 0.9741320013999939 0.5777860283851624
vt 0.870606005191803 0.8571439981460571
vt 0.9253770112991333 0.5376229882240295
vt 0.9301599860191345 0.5416460037231445
vt 0.2992990016937256 0.5691180229187012
vt 0.8914099931716919 0.6701620221138
vt 0.8807700276374817 0.6814200282096863
vt 0.8740130066871643 0.6815890073776245
vt 0.36963099241256714 0.8257459998130798
vt 0.37115201354026794 0.8361539840698242
vt 0.3725709915161133 0.8458690047264099
vt 0.8686400055885315 0.8982530236244202
vt 0.8664219975471497 0.8780379891395569
vt 0.8636959791183472 0.8921729922294617
vt 0.8687599897384644 0.8201760053634644
vt 0.8645939826965332 0.8183479905128479
vt 0.8695729970932007 0.8131729960441589
vt 0.9782580137252808 0.27751800417900085
vt 0.9861729741096497 0.280707985162735
vt 0.31434398889541626 0.8822479844093323
vt 0.2898310124874115 0.47595399618148804
vt 0.912198007106781 0.5397289991378784
vt 0.9206380248069763 0.5442749857902527
vt 0.3032589852809906 0.5784680247306824
vt 0.867330014705658 0.9063169956207275
vt 0.8672149777412415 0.831233024597168
vt 0.8623669743537903 0.8262479901313782
vt 0.2974570095539093 0.936493992805481
vt 0.3255319893360138 0.5633620023727417
vt 0.32224899530410767 0.5637909770011902
vt 0.32843801379203796 0.5629820227622986
vt 0.28406500816345215 0.45333999395370483
vt 0.2862200140953064 0.4578160047531128
vt 0.8407629728317261 0.41486799716949463
vt 0.8442800045013428 0.41369399428367615
vt 0.8440459966659546 0.4196310043334961
vt 0.8397809863090515 0.4215500056743622
vt 0.975255012512207 0.5416499972343445
vt 0.9740779995918274 0.5345399975776672
vt 0.9782170057296753 0.538366973400116
vt 0.975255012512207 0.5482400059700012
vt 0.3066219985485077 0.5890589952468872
vt 0.8667579889297485 0.9141489863395691
vt 0.8296459913253784 0.4197179973125458
vt 0.8294820189476013 0.41377899050712585
vt 0.8331530094146729 0.4148780107498169
vt 0.8340409994125366 0.4215500056743622
vt 0.8678179979324341 0.8708480000495911
vt 0.870648980140686 0.8780480027198792
vt 0.3365379869937897 0.479449987411499
vt 0.3401379883289337 0.47938600182533264
vt 0.3313640058040619 0.478877991437912
vt 0.34261998534202576 0.47936299443244934
vt 0.3327479958534241 0.5631340146064758
vt 0.3100750148296356 0.6007300019264221
vt 0.8626220226287842 0.7555029988288879
vt 0.8673250079154968 0.7666469812393188
vt 0.8618209958076477 0.7666940093040466
vt 0.8571180105209351 0.7555500268936157
vt 0.9128730297088623 0.20771899819374084
vt 0.9116830229759216 0.2037840038537979
vt 0.8986849784851074 0.06402800232172012
vt 0.8967080116271973 0.04966599866747856
vt 0.8858399987220764 0.09244000166654587
vt 0.9798769950866699 0.26223599910736084
vt 0.9853739738464355 0.25696098804473877
vt 0.31308799982070923 0.6117169857025146
vt 0.860044002532959 0.7442589998245239
vt 0.854541003704071 0.7443060278892517
vt 0.3157230019569397 0.8647059798240662
vt 0.3116610050201416 0.8569179773330688
vt 0.8919230103492737 0.1184689998626709
vt 0.8958370089530945 0.11219999939203262
vt 0.9049699902534485 0.11552000045776367
vt 0.8072490096092224 0.9129300117492676
vt 0.8016899824142456 0.9264400005340576
vt 0.28893598914146423 0.46599000692367554
vt 0.9135820269584656 0.01854800060391426
vt 0.9152719974517822 0.015720000490546227
vt 0.3005009889602661 0.4987240135669708
vt 0.31500399112701416 0.621753990650177
vt 0.3165090084075928 0.6306819915771484
vt 0.30970001220703125 0.9183819890022278
vt 0.2961840033531189 0.9437500238418579
vt 0.9102820158004761 0.20026199519634247
vt 0.3255380094051361 0.47839200496673584
vt 0.9671059846878052 0.521710991859436
vt 0.9683120250701904 0.5332369804382324
vt 0.9653980135917664 0.5328739881515503
vt 0.9644140005111694 0.5213599801063538
vt 0.898730993270874 0.03640900179743767
vt 0.9123619794845581 0.02019600011408329
vt 0.8860809803009033 0.5474839806556702
vt 0.8813080191612244 0.540611982345581
vt 0.8878250122070312 0.10645999759435654
vt 0.8842710256576538 0.1013370007276535
vt 0.8410050272941589 0.40756601095199585
vt 0.8431000113487244 0.406358003616333
vt 0.8306549787521362 0.4064149856567383
vt 0.8329049944877625 0.4075770080089569
vt 0.8677870035171509 0.8620849847793579
vt 0.8607649803161621 0.8600379824638367
vt 0.9793530106544495 0.58467698097229
vt 0.9728879928588867 0.5832160115242004
vt 0.34433799982070923 0.7009310126304626
vt 0.3405599892139435 0.7011290192604065
vt 0.8097869753837585 0.9626349806785583
vt 0.8003360033035278 0.9403349757194519
vt 0.9444829821586609 0.541612982749939
vt 0.9380279779434204 0.541238009929657
vt 0.35786500573158264 0.7968490123748779
vt 0.35667601227760315 0.7894790172576904
vt 0.3725009858608246 0.8978639841079712
vt 0.37137600779533386 0.890097975730896
vt 0.3701319992542267 0.8808140158653259
vt 0.37226998805999756 0.9033290147781372
vt 0.35900598764419556 0.8059980273246765
vt 0.36026498675346375 0.81666499376297
vt 0.36843401193618774 0.8705329895019531
vt 0.3664489984512329 0.8589940071105957
vt 0.3066369891166687 0.5174700021743774
vt 0.300680011510849 0.5337629914283752
vt 0.8816450238227844 0.08220499753952026
vt 0.9717310070991516 0.27226799726486206
vt 0.9761809706687927 0.25466200709342957
vt 0.9824169874191284 0.25026801228523254
vt 0.9286260008811951 0.5474200248718262
vt 0.8749390244483948 0.6902949810028076
vt 0.868835985660553 0.6904129981994629
vt 0.3620550036430359 0.8275070190429688
vt 0.36365899443626404 0.8377860188484192
vt 0.36499500274658203 0.8476309776306152
vt 0.861670970916748 0.9009130001068115
vt 0.9713630080223083 0.5971819758415222
vt 0.9636340141296387 0.6001369953155518
vt 0.9610419869422913 0.5946140289306641
vt 0.9678869843482971 0.5915570259094238
vt 0.9505689740180969 0.7956039905548096
vt 0.9569000005722046 0.7882969975471497
vt 0.9594870209693909 0.7922769784927368
vt 0.955839991569519 0.7973020076751709
vt 0.32089200615882874 0.8799710273742676
vt 0.8862509727478027 0.12765799462795258
vt 0.3181949853897095 0.8997099995613098
vt 0.8397809863090515 0.40033599734306335
vt 0.9844769835472107 0.2482050061225891
vt 0.9809150099754333 0.24398499727249146
vt 0.9844509959220886 0.24209900200366974
vt 0.9291679859161377 0.2231220006942749
vt 0.9335709810256958 0.21897099912166595
vt 0.9335709810256958 0.23085500299930573
vt 0.9746389985084534 0.24680699408054352
vt 0.9787859916687012 0.2404090017080307
vt 0.9740779995918274 0.5213599801063538
vt 0.9806360006332397 0.527646005153656
vt 0.8340409994125366 0.40032199025154114
vt 0.9739180207252502 0.5872899889945984
vt 0.9669749736785889 0.5894230008125305
vt 0.8586949706077576 0.8723899722099304
vt 0.9782440066337585 0.5920249819755554
vt 0.9003120064735413 0.546750009059906
vt 0.9108579754829407 0.5462049841880798
vt 0.898934006690979 0.552515983581543
vt 0.9174129962921143 0.5515599846839905
vt 0.8705340027809143 0.7005069851875305
vt 0.8643760085105896 0.7006049752235413
vt 0.8734819889068604 0.7665479779243469
vt 0.8787750005722046 0.7762200236320496
vt 0.8726720213890076 0.7763379812240601
vt 0.860817015171051 0.8454040288925171
vt 0.855197012424469 0.8496590256690979
vt 0.8608829975128174 0.8354880213737488
vt 0.8553249835968018 0.8327530026435852
vt 0.33639100193977356 0.896809995174408
vt 0.3316499888896942 0.8964880108833313
vt 0.8881999850273132 0.06392399966716766
vt 0.8875269889831543 0.6812509894371033
vt 0.8992519974708557 0.6735849976539612
vt 0.8942930102348328 0.6824830174446106
vt 0.8675540089607239 0.7120530009269714
vt 0.8606879711151123 0.7121850252151489
vt 0.869488000869751 0.7553709745407104
vt 0.8587509989738464 0.8860920071601868
vt 0.854541003704071 0.8804550170898438
vt 0.48923999071121216 0.8413619995117188
vt 0.4940809905529022 0.8401060104370117
vt 0.7969939708709717 0.9096540212631226
vt 0.30110201239585876 0.48458001017570496
vt 0.8867859840393066 0.07411299645900726
vt 0.8887869715690613 0.06250599771738052
vt 0.8659909963607788 0.7235339879989624
vt 0.859125018119812 0.7236660122871399
vt 0.8669099807739258 0.7441269755363464
vt 0.8906239867210388 0.14835500717163086
vt 0.8900579810142517 0.13577499985694885
vt 0.3093479871749878 0.9302290081977844
vt 0.8802059888839722 0.09319200366735458
vt 0.8657580018043518 0.7342180013656616
vt 0.858892023563385 0.7343500256538391
vt 0.9869089722633362 0.5808659791946411
vt 0.9863240122795105 0.5876659750938416
vt 0.9611489772796631 0.6705139875411987
vt 0.9605399966239929 0.6778489947319031
vt 0.9516689777374268 0.6711270213127136
vt 0.9538750052452087 0.6665850281715393
vt 0.9664790034294128 0.6774010062217712
vt 0.9651370048522949 0.7808160185813904
vt 0.9663800001144409 0.7876840233802795
vt 0.3650299906730652 0.8919500112533569
vt 0.8824040293693542 0.6900929808616638
vt 0.96669602394104 0.6861410140991211
vt 0.9725810289382935 0.6856750249862671
vt 0.8862400054931641 0.7760180234909058
vt 0.8921239972114563 0.7842180132865906
vt 0.8853669762611389 0.7843869924545288
vt 0.363086998462677 0.8827509880065918
vt 0.30011799931526184 0.47353601455688477
vt 0.9673470258712769 0.2660619914531708
vt 0.3519600033760071 0.8079349994659424
vt 0.35082000494003296 0.7987859845161438
vt 0.36138901114463806 0.8724700212478638
vt 0.10375399887561798 0.858269989490509
vt 0.09707000106573105 0.8590610027313232
vt 0.10245099663734436 0.8465520143508911
vt 0.11049900203943253 0.8456979990005493
vt 0.3077169954776764 0.9390259981155396
vt 0.9717869758605957 0.24098600447177887
vt 0.944703996181488 0.6642320156097412
vt 0.9405440092086792 0.6703310012817383
vt 0.35321900248527527 0.8186020255088806
vt 0.3594039976596832 0.8609319925308228
vt 0.9459019899368286 0.7903410196304321
vt 0.8850579857826233 0.04842099919915199
vt 0.3094770014286041 0.49813398718833923
vt 0.8780530095100403 0.7003229856491089
vt 0.3543109893798828 0.8295300006866455
vt 0.35591500997543335 0.8398079872131348
vt 0.35725098848342896 0.8496530055999756
vt 0.8810020089149475 0.7663649916648865
vt 0.31911700963974 0.9181299805641174
vt 0.7900390028953552 0.9241359829902649
vt 0.32600799202919006 0.574774980545044
vt 0.32272499799728394 0.5752040147781372
vt 0.32891398668289185 0.5743950009346008
vt 0.294948011636734 0.4496789872646332
vt 0.29638901352882385 0.45474401116371155
vt 0.3331319987773895 0.5738419890403748
vt 0.2984189987182617 0.46307799220085144
vt 0.8783379793167114 0.07325199991464615
vt 0.9701439738273621 0.2848230004310608
vt 0.9636290073394775 0.2802489995956421
vt 0.9074389934539795 0.5527880191802979
vt 0.9115030169487 0.6716930270195007
vt 0.9042459726333618 0.6792330145835876
vt 0.9093959927558899 0.6659299731254578
vt 0.9220330119132996 0.6690639853477478
vt 0.9166020154953003 0.6722080111503601
vt 0.854541003704071 0.8417710065841675
vt 0.940792977809906 0.7968170046806335
vt 0.9361029863357544 0.7922449707984924
vt 0.3247700035572052 0.8977019786834717
vt 0.8817099928855896 0.13599400222301483
vt 0.3055669963359833 0.9467489719390869
vt 0.3360770046710968 0.46805399656295776
vt 0.33967700600624084 0.4679889976978302
vt 0.3313719928264618 0.4681990146636963
vt 0.3421590030193329 0.4679670035839081
vt 0.9021580219268799 0.21170100569725037
vt 0.9016550183296204 0.20760999619960785
vt 0.9049339890480042 0.013388000428676605
vt 0.9059789776802063 0.01027899980545044
vt 0.875074028968811 0.711870014667511
vt 0.8770080208778381 0.7551869750022888
vt 0.3033120036125183 0.9523950219154358
vt 0.29324600100517273 0.949226975440979
vt 0.9009400010108948 0.2039330005645752
vt 0.9683380126953125 0.5432350039482117
vt 0.9654240012168884 0.5428720116615295
vt 0.9037140011787415 0.015035999938845634
vt 0.8769329786300659 0.08309900015592575
vt 0.9636290073394775 0.2571370005607605
vt 0.8735100030899048 0.7233499884605408
vt 0.8744300007820129 0.7439429759979248
vt 0.1132190003991127 0.857371985912323
vt 0.11913300305604935 0.8461840152740479
vt 0.8819530010223389 0.12708400189876556
vt 0.8867970108985901 0.11832600086927414
vt 0.3444780111312866 0.7108929753303528
vt 0.34070101380348206 0.7110900282859802
vt 0.8000779747962952 0.9651809930801392
vt 0.952422022819519 0.6783769726753235
vt 0.940621018409729 0.6783239841461182
vt 0.8899009823799133 0.6906009912490845
vt 0.8733320236206055 0.7340530157089233
vt 0.8936740159988403 0.7751060128211975
vt 0.8987630009651184 0.7826099991798401
vt 0.9044830203056335 0.7907549738883972
vt 0.9089699983596802 0.7850409746170044
vt 0.9570189714431763 0.7813439965248108
vt 0.945281982421875 0.7827119827270508
vt 0.9013779759407043 0.2404090017080307
vt 0.9073050022125244 0.25089898705482483
vt 0.8959429860115051 0.25130099058151245
vt 0.8932219743728638 0.24508099257946014
vt 0.9592859745025635 0.6866359710693359
vt 0.9631220102310181 0.7725610136985779
vt 0.9705320000648499 0.7720659971237183
vt 0.991083025932312 0.5950369834899902
vt 0.9833189845085144 0.6031829714775085
vt 0.886227011680603 0.7000880241394043
vt 0.9640889763832092 0.6964160203933716
vt 0.970736026763916 0.6959350109100342
vt 0.8891749978065491 0.7661290168762207
vt 0.9670379757881165 0.762457013130188
vt 0.9736850261688232 0.7619770169258118
vt 0.9674850106239319 0.7076640129089355
vt 0.9741320013999939 0.7071830034255981
vt 0.3549579977989197 0.8744530081748962
vt 0.352973997592926 0.8629140257835388
vt 0.3099600076675415 0.4833360016345978
vt 0.8910449743270874 0.2526330053806305
vt 0.9306190013885498 0.6693940162658691
vt 0.929161012172699 0.6760150194168091
vt 0.923911988735199 0.673350989818573
vt 0.9103220105171204 0.6746370196342468
vt 0.9694629907608032 0.7189779877662659
vt 0.9761099815368652 0.7184969782829285
vt 0.35082000494003296 0.8516359925270081
vt 0.9275799989700317 0.7933350205421448
vt 0.9152609705924988 0.7973020076751709
vt 0.9168609976768494 0.7917029857635498
vt 0.9218959808349609 0.7907969951629639
vt 0.9154260158538818 0.7889660000801086
vt 0.9340749979019165 0.786083996295929
vt 0.9290800094604492 0.7891010046005249
vt 0.993619978427887 0.5903139710426331
vt 0.3185720145702362 0.9306129813194275
vt 0.8869420289993286 0.0352340005338192
vt 0.9234409928321838 0.2529909908771515
vt 0.9251599907875061 0.26913899183273315
vt 0.9192339777946472 0.2667190134525299
vt 0.9167649745941162 0.2519719898700714
vt 0.9029780030250549 0.6901149749755859
vt 0.8833010196685791 0.7116529941558838
vt 0.9706469774246216 0.7295960187911987
vt 0.9772940278053284 0.7291160225868225
vt 0.977029025554657 0.7390909790992737
vt 0.9703819751739502 0.7395709753036499
vt 0.8852350115776062 0.7549700140953064
vt 0.9067509770393372 0.7746189832687378
vt 0.10128799825906754 0.8735340237617493
vt 0.09535399824380875 0.8757240176200867
vt 0.7885990142822266 0.9381589889526367
vt 0.15065300464630127 0.8598830103874207
vt 0.1506820023059845 0.8701249957084656
vt 0.14372900128364563 0.8690369725227356
vt 0.14393900334835052 0.8594639897346497
vt 0.6735810041427612 0.9731659889221191
vt 0.6726800203323364 0.9870290160179138
vt 0.6659629940986633 0.9871090054512024
vt 0.6661239862442017 0.9743940234184265
vt 0.8174830079078674 0.38647300004959106
vt 0.8210539817810059 0.3733240067958832
vt 0.8266280293464661 0.3755120038986206
vt 0.8231930136680603 0.3897770047187805
vt 0.881738007068634 0.7231330275535583
vt 0.8826580047607422 0.7437260150909424
vt 0.8532509803771973 0.41368699073791504
vt 0.8526920080184937 0.40670400857925415
vt 0.8642539978027344 0.40669798851013184
vt 0.8640959858894348 0.413442999124527
vt 0.8509929776191711 0.4201489984989166
vt 0.8625349998474121 0.4208190143108368
vt 0.8500199913978577 0.40033599734306335
vt 0.8623319864273071 0.40033599734306335
vt 0.8819199800491333 0.06257700175046921
vt 0.9518219828605652 0.6871129870414734
vt 0.8815060257911682 0.733817994594574
vt 0.9556580185890198 0.7730380296707153
vt 0.8837599754333496 0.1470309942960739
vt 0.3153879940509796 0.4981580078601837
vt 0.312281996011734 0.5166130065917969
vt 0.8354340195655823 0.37786900997161865
vt 0.8338580131530762 0.39458298683166504
vt 0.20012900233268738 0.7106890082359314
vt 0.19240300357341766 0.7125999927520752
vt 0.18815100193023682 0.6980230212211609
vt 0.19778800010681152 0.69309002161026
vt 0.3259109854698181 0.9157559871673584
vt 0.8950570225715637 0.012035000137984753
vt 0.3089759945869446 0.4722909927368164
vt 0.49428901076316833 0.7779080271720886
vt 0.4944419860839844 0.7909809947013855
vt 0.4909360110759735 0.791808009147644
vt 0.48923999071121216 0.7783669829368591
vt 0.8738909959793091 0.07349599897861481
vt 0.6794469952583313 0.9727050065994263
vt 0.6793310046195984 0.9885579943656921
vt 0.9566249847412109 0.6968920230865479
vt 0.8949999809265137 0.6997820138931274
vt 0.8979480266571045 0.7658230066299438
vt 0.959572970867157 0.7629340291023254
vt 0.8037959933280945 0.27211201190948486
vt 0.7992259860038757 0.27135801315307617
vt 0.8050090074539185 0.2526249885559082
vt 0.8081150054931641 0.2550339996814728
vt 0.8775830268859863 0.13609999418258667
vt 0.6495519876480103 0.7883070111274719
vt 0.6460450291633606 0.7874850034713745
vt 0.6462100148200989 0.7743350267410278
vt 0.6512590050697327 0.7747880220413208
vt 0.3169400095939636 0.9394099712371826
vt 0.7908859848976135 0.9654390215873718
vt 0.8797929883003235 0.04777500033378601
vt 0.8851040005683899 0.047791000455617905
vt 0.8851100206375122 0.16314999759197235
vt 0.8797900080680847 0.16219599545001984
vt 0.3071590065956116 0.4611789882183075
vt 0.9105049967765808 0.26495400071144104
vt 0.9600750207901001 0.7081590294837952
vt 0.9620090126991272 0.751475989818573
vt 0.9694179892539978 0.7509809732437134
vt 0.11002399772405624 0.8719469904899597
vt 0.3145979940891266 0.947767972946167
vt 0.3274550139904022 0.5846260190010071
vt 0.32486000657081604 0.5849649906158447
vt 0.3303619921207428 0.5842459797859192
vt 0.30452001094818115 0.44784799218177795
vt 0.305961012840271 0.45291200280189514
vt 0.33389198780059814 0.583782970905304
vt 0.8965409994125366 0.009736999869346619
vt 0.8965380191802979 0.007067000027745962
vt 0.9671059846878052 0.5524110198020935
vt 0.9644140005111694 0.5520600080490112
vt 0.9317259788513184 0.6809599995613098
vt 0.31849101185798645 0.8401150107383728
vt 0.31202399730682373 0.8195170164108276
vt 0.31977200508117676 0.8194440007209778
vt 0.3232859969139099 0.838250994682312
vt 0.9476889967918396 0.6974170207977295
vt 0.9343860149383545 0.6880360245704651
vt 0.93231600522995 0.6881539821624756
vt 0.8921290040016174 0.7113659977912903
vt 0.9627609848976135 0.7194399833679199
vt 0.9636809825897217 0.740032970905304
vt 0.8940629959106445 0.7546830177307129
vt 0.9361960291862488 0.7810869812965393
vt 0.9382219910621643 0.7739610075950623
vt 0.9506369829177856 0.7634580135345459
vt 0.9361519813537598 0.7740790247917175
vt 0.7909240126609802 0.26912298798561096
vt 0.8000940084457397 0.24938300251960754
vt 0.31305399537086487 0.9538530111312866
vt 0.3449600040912628 0.7201250195503235
vt 0.3410260081291199 0.7203310132026672
vt 0.8917999863624573 0.20924100279808044
vt 0.8920130133628845 0.2059510052204132
vt 0.3316279947757721 0.4582520127296448
vt 0.3363330066204071 0.45810699462890625
vt 0.8923730254173279 0.21319399774074554
vt 0.33925700187683105 0.45805299282073975
vt 0.3417389988899231 0.45802998542785645
vt 0.9632369875907898 0.7300909757614136
vt 0.8952149748802185 0.25962498784065247
vt 0.8910470008850098 0.2602649927139282
vt 0.8905659914016724 0.7228459715843201
vt 0.8914849758148193 0.7434390187263489
vt 0.12947599589824677 0.8669739961624146
vt 0.12531200051307678 0.8664339780807495
vt 0.12457899749279022 0.8577319979667664
vt 0.1294730007648468 0.8589609861373901
vt 0.9070690274238586 0.6950309872627258
vt 0.9019550085067749 0.7052749991416931
vt 0.9562209844589233 0.24043500423431396
vt 0.9573000073432922 0.25654301047325134
vt 0.9522820115089417 0.25857099890708923
vt 0.950115978717804 0.24283400177955627
vt 0.8401430249214172 0.3780820071697235
vt 0.8903869986534119 0.7335489988327026
vt 0.9043970108032227 0.7599549889564514
vt 0.910398006439209 0.7695940136909485
vt 0.21047000586986542 0.7071880102157593
vt 0.20500700175762177 0.7097460031509399
vt 0.2042810022830963 0.6900780200958252
vt 0.901278018951416 0.26326000690460205
vt 0.311365008354187 0.8432149887084961
vt 0.3051069974899292 0.8210999965667725
vt 0.7843189835548401 0.2665970027446747
vt 0.7933949828147888 0.2451539933681488
vt 0.11925199627876282 0.870261013507843
vt 0.3158999979496002 0.48293399810791016
vt 0.924140989780426 0.2874099910259247
vt 0.918923020362854 0.2850080132484436
vt 0.9518470168113708 0.7086499929428101
vt 0.953781008720398 0.7519670128822327
vt 0.10159700363874435 0.892204999923706
vt 0.09637100249528885 0.8943729996681213
vt 0.32519999146461487 0.9291449785232544
vt 0.8763319849967957 0.06269899755716324
vt 0.8720219731330872 0.06287399679422379
vt 0.8782989978790283 0.14635400474071503
vt 0.8742420077323914 0.14632199704647064
vt 0.9545890092849731 0.7199500203132629
vt 0.9555079936981201 0.740543007850647
vt 0.937936007976532 0.6979380249977112
vt 0.9305760264396667 0.6932799816131592
vt 0.9008100032806396 0.722491979598999
vt 0.9550639986991882 0.7306010127067566
vt 0.9017289876937866 0.7430850267410278
vt 0.9339690208435059 0.7692630290985107
vt 0.940883994102478 0.7639790177345276
vt 0.4951629936695099 0.8054080009460449
vt 0.49149399995803833 0.8055430054664612
vt 0.15090399980545044 0.8773990273475647
vt 0.14395099878311157 0.8763110041618347
vt 0.8217520117759705 0.3647739887237549
vt 0.8277459740638733 0.3674769997596741
vt 0.3061850070953369 0.8456910252571106
vt 0.29932698607444763 0.8241419792175293
vt 0.9115869998931885 0.6984189748764038
vt 0.9142159819602966 0.7047849893569946
vt 0.9464499950408936 0.2595289945602417
vt 0.9447659850120544 0.24245400726795197
vt 0.9005770087242126 0.7331770062446594
vt 0.9166569709777832 0.7594640254974365
vt 0.9145990014076233 0.7658810019493103
vt 0.21506699919700623 0.7042880058288574
vt 0.20766900479793549 0.6864529848098755
vt 0.7794640064239502 0.2634730041027069
vt 0.7889320254325867 0.24247600138187408
vt 0.19920800626277924 0.8708239793777466
vt 0.19229599833488464 0.8721470236778259
vt 0.19228500127792358 0.8648189902305603
vt 0.19919699430465698 0.8634960055351257
vt 0.20552000403404236 0.8679159879684448
vt 0.20534999668598175 0.8612809777259827
vt 0.6489940285682678 0.8020690083503723
vt 0.6453239917755127 0.8019390106201172
vt 0.3147979974746704 0.4712350070476532
vt 0.8803939819335938 0.03186599910259247
vt 0.8872519731521606 0.03395500034093857
vt 0.15725000202655792 0.8690969944000244
vt 0.15747199952602386 0.8763710260391235
vt 0.942857027053833 0.7091559767723083
vt 0.9447910189628601 0.752472996711731
vt 0.1856909990310669 0.8713610172271729
vt 0.18568100035190582 0.8640329837799072
vt 0.8855019807815552 0.1779250055551529
vt 0.8783940076828003 0.17893600463867188
vt 0.32337599992752075 0.9385780096054077
vt 0.9102349877357483 0.2818230092525482
vt 0.8952810168266296 0.2687230110168457
vt 0.8910599946975708 0.26934099197387695
vt 0.9181889891624451 0.6995959877967834
vt 0.9260039925575256 0.6985390186309814
vt 0.939562976360321 0.26004499197006226
vt 0.9379079937934875 0.24223700165748596
vt 0.9108899831771851 0.7220829725265503
vt 0.9118090271949768 0.7426760196685791
vt 0.9289519786834717 0.764581024646759
vt 0.9210739731788635 0.7642170190811157
vt 0.07084500044584274 0.916841983795166
vt 0.06419699639081955 0.9158759713172913
vt 0.06140200048685074 0.9003829956054688
vt 0.06769400089979172 0.9007139801979065
vt 0.1294659972190857 0.8763880133628845
vt 0.1252480000257492 0.8758289813995361
vt 0.11029200255870819 0.8891969919204712
vt 0.31300899386405945 0.45969799160957336
vt 0.836654007434845 0.36884599924087524
vt 0.9330490231513977 0.7096580266952515
vt 0.3003929853439331 0.8482670187950134
vt 0.2959499955177307 0.8264840245246887
vt 0.944890022277832 0.7204890251159668
vt 0.945809006690979 0.7410820126533508
vt 0.9349830150604248 0.7529749870300293
vt 0.7769250273704529 0.2614409923553467
vt 0.7843639850616455 0.2404090017080307
vt 0.20169200003147125 0.7202600240707397
vt 0.19373199343681335 0.7212569713592529
vt 0.32086700201034546 0.947842001914978
vt 0.48923999071121216 0.8331000208854675
vt 0.4901370108127594 0.8299570083618164
vt 0.49311599135398865 0.8299850225448608
vt 0.49317899346351624 0.8343660235404968
vt 0.8925120234489441 0.012442000210285187
vt 0.4916499853134155 0.8237550258636475
vt 0.8923400044441223 0.013651999644935131
vt 0.311271995306015 0.4518199861049652
vt 0.49462801218032837 0.8237820267677307
vt 0.6503570079803467 0.8265069723129272
vt 0.6488410234451294 0.8203089833259583
vt 0.7885990142822266 0.9626190066337585
vt 0.645861029624939 0.8203420042991638
vt 0.3186649978160858 0.9540280103683472
vt 0.6473780274391174 0.8265399932861328
vt 0.6512590050697327 0.829630970954895
vt 0.6473219990730286 0.8308969736099243
vt 0.8883110284805298 0.20235399901866913
vt 0.3285970091819763 0.5909309983253479
vt 0.3266899883747101 0.5911800265312195
vt 0.3315030038356781 0.5905510187149048
vt 0.31078100204467773 0.44747599959373474
vt 0.8872179985046387 0.008105999790132046
vt 0.8909670114517212 0.0028699999675154686
vt 0.8843579888343811 0.01462200004607439
vt 0.8903070092201233 0.017078999429941177
vt 0.9160929918289185 0.29975900053977966
vt 0.9213110208511353 0.30216100811958313
vt 0.8744680285453796 0.0472479984164238
vt 0.6794469952583313 0.9956110119819641
vt 0.671862006187439 0.9937430024147034
vt 0.9344300031661987 0.25964900851249695
vt 0.930899977684021 0.2404090017080307
vt 0.9460740089416504 0.7311069965362549
vt 0.07686799764633179 0.9165089726448059
vt 0.0753529965877533 0.8991439938545227
vt 0.8024889826774597 0.281372994184494
vt 0.7973359823226929 0.28081798553466797
vt 0.8745009899139404 0.162199005484581
vt 0.10442200303077698 0.9071580171585083
vt 0.09919600188732147 0.9093260169029236
vt 0.886538028717041 0.1965160071849823
vt 0.8802869915962219 0.19805100560188293
vt 0.332643985748291 0.45256200432777405
vt 0.33643901348114014 0.45173200964927673
vt 0.8858510255813599 0.21323099732398987
vt 0.8825029730796814 0.20606699585914612
vt 0.338687002658844 0.4516870081424713
vt 0.34116899967193604 0.451664000749588
vt 0.9230409860610962 0.7215549945831299
vt 0.293844997882843 0.8282309770584106
vt 0.9107120037078857 0.7327859997749329
vt 0.9239599704742432 0.7421489953994751
vt 0.08064000308513641 0.915369987487793
vt 0.9002469778060913 0.28008800745010376
vt 0.9350820183753967 0.7209910154342651
vt 0.9360020160675049 0.7415840029716492
vt 0.12028300017118454 0.887507975101471
vt 0.8758410215377808 0.031039999797940254
vt 0.89376300573349 0.28346699476242065
vt 0.15162000060081482 0.8867509961128235
vt 0.14466799795627594 0.8856629729270935
vt 0.13825500011444092 0.8829460144042969
vt 0.13753899931907654 0.8735939860343933
vt 0.19879600405693054 0.8802409768104553
vt 0.19188299775123596 0.8815640211105347
vt 0.20510800182819366 0.8773329854011536
vt 0.1267630010843277 0.8908640146255493
vt 0.8738920092582703 0.17960099875926971
vt 0.15818899869918823 0.8857240080833435
vt 0.923570990562439 0.7322260141372681
vt 0.9356129765510559 0.7316610217094421
vt 0.1852789968252182 0.8807780146598816
vt 0.9135059714317322 0.31173500418663025
vt 0.9180349707603455 0.3134070038795471
vt 0.8910449743270874 0.28487899899482727
vt 0.8456770181655884 0.36639299988746643
vt 0.2111150026321411 0.7215679883956909
vt 0.12947599589824677 0.8921390175819397
vt 0.10700300335884094 0.9192100167274475
vt 0.10246600210666656 0.9206460118293762
vt 0.907364010810852 0.297995001077652
vt 0.8355709910392761 0.35922300815582275
vt 0.8266630172729492 0.3578540086746216
vt 0.3105430006980896 0.8075690269470215
vt 0.3191460072994232 0.809935986995697
vt 0.7879080176353455 0.28099000453948975
vt 0.20093199610710144 0.7307590246200562
vt 0.19297300279140472 0.7317559719085693
vt 0.11315800249576569 0.9055709838867188
vt 0.910971999168396 0.32373398542404175
vt 0.9148129820823669 0.3246760070323944
vt 0.1095300018787384 0.9312419891357422
vt 0.10568100214004517 0.9319459795951843
vt 0.31491801142692566 0.4505940079689026
vt 0.3165090084075928 0.4582439959049225
vt 0.1627890020608902 0.8727229833602905
vt 0.16300399601459503 0.8829460144042969
vt 0.8028870224952698 0.29207900166511536
vt 0.7980719804763794 0.292275995016098
vt 0.11117099970579147 0.9390149712562561
vt 0.10803099721670151 0.9396960139274597
vt 0.33504000306129456 0.44827398657798767
vt 0.9063730239868164 0.33354300260543823
vt 0.9093239903450012 0.331510990858078
vt 0.9094640016555786 0.33588701486587524
vt 0.9073169827461243 0.33654001355171204
vt 0.3304609954357147 0.594989001750946
vt 0.33586299419403076 0.5957149863243103
vt 0.33746498823165894 0.591920018196106
vt 0.3383930027484894 0.44747599959373474
vt 0.8810070157051086 0.2125360071659088
vt 0.8788589835166931 0.2072570025920868
vt 0.8796669840812683 0.013864999637007713
vt 0.8714500069618225 0.04798400029540062
vt 0.8732249736785889 0.031057000160217285
vt 0.15217100083827972 0.9035050272941589
vt 0.14453299343585968 0.9025989770889282
vt 0.8226220011711121 0.3429909944534302
vt 0.830407977104187 0.3439309895038605
vt 0.8206689953804016 0.3551509976387024
vt 0.13880600035190582 0.8996999859809875
vt 0.9578890204429626 0.2687540054321289
vt 0.9529290199279785 0.2693159878253937
vt 0.21611300110816956 0.7171840071678162
vt 0.19948600232601166 0.8972160220146179
vt 0.19188299775123596 0.8983790278434753
vt 0.20927999913692474 0.8900279998779297
vt 0.20510800182819366 0.8941490054130554
vt 0.8714500069618225 0.17980100214481354
vt 0.8718169927597046 0.16185599565505981
vt 0.8757150173187256 0.198853999376297
vt 0.9054849743843079 0.3099899888038635
vt 0.900189995765686 0.2970460057258606
vt 0.15873999893665314 0.9024770259857178
vt 0.1852789968252182 0.8975930213928223
vt 0.12033399939537048 0.9046800136566162
vt 0.11502999812364578 0.9176449775695801
vt 0.8835750222206116 0.006910999771207571
vt 0.903639018535614 0.3227179944515228
vt 0.8964880108833313 0.30048099160194397
vt 0.8369219899177551 0.34285300970077515
vt 0.20213599503040314 0.749343991279602
vt 0.19550099968910217 0.7489339709281921
vt 0.12403400242328644 0.9081429839134216
vt 0.11686799675226212 0.9304100275039673
vt 0.9049010276794434 0.32988500595092773
vt 0.3328930139541626 0.5968210101127625
vt 0.8416659832000732 0.35763001441955566
vt 0.20719599723815918 0.731719970703125
vt 0.11559999734163284 0.9375399947166443
vt 0.878233015537262 0.20932500064373016
vt 0.11412200331687927 0.9410780072212219
vt 0.16292500495910645 0.8998630046844482
vt 0.3144190013408661 0.7967119812965393
vt 0.3210650086402893 0.7992380261421204
vt 0.3013080060482025 0.8108530044555664
vt 0.9473379850387573 0.26960501074790955
vt 0.22010500729084015 0.7139210104942322
vt 0.7792329788208008 0.276419997215271
vt 0.7905939817428589 0.29294100403785706
vt 0.8062459826469421 0.30958300828933716
vt 0.8007950186729431 0.31028398871421814
vt 0.9004169702529907 0.30981001257896423
vt 0.8994690179824829 0.3197610080242157
vt 0.1200999990105629 0.9175310134887695
vt 0.12104000151157379 0.9274370074272156
vt 0.9021599888801575 0.32840898633003235
vt 0.11834000051021576 0.9360120296478271
vt 0.15233099460601807 0.9210910201072693
vt 0.14469300210475922 0.9201850295066833
vt 0.8201029896736145 0.32743901014328003
vt 0.8276500105857849 0.3282510042190552
vt 0.8168669939041138 0.3404160141944885
vt 0.13809700310230255 0.9167810082435608
vt 0.1999019980430603 0.9148640036582947
vt 0.1922989934682846 0.9160270094871521
vt 0.18894200026988983 0.7489259839057922
vt 0.1926250010728836 0.7670940160751343
vt 0.18601199984550476 0.7673519849777222
vt 0.1852789968252182 0.7492849826812744
vt 0.20637500286102295 0.9112629890441895
vt 0.15895499289035797 0.9200459718704224
vt 0.9404799938201904 0.26938799023628235
vt 0.07155799865722656 0.9255380034446716
vt 0.06526699662208557 0.9252079725265503
vt 0.1856369972229004 0.9152309894561768
vt 0.8402569890022278 0.34203600883483887
vt 0.2957650125026703 0.8148720264434814
vt 0.774649977684021 0.27219200134277344
vt 0.20685699582099915 0.7478880286216736
vt 0.319366991519928 0.7807629704475403
vt 0.32548099756240845 0.7828270196914673
vt 0.793927013874054 0.3105979859828949
vt 0.32951900362968445 0.7659299969673157
vt 0.33351099491119385 0.7677119970321655
vt 0.32971200346946716 0.7855859994888306
vt 0.9347130060195923 0.26875799894332886
vt 0.07824599742889404 0.9250050187110901
vt 0.8081150054931641 0.3288950026035309
vt 0.802935004234314 0.3284919857978821
vt 0.29238900542259216 0.8172140121459961
vt 0.7721099853515625 0.2701599895954132
vt 0.2896850109100342 0.8195279836654663
vt 0.08283200114965439 0.9236189723014832
vt 0.8451610207557678 0.35556599497795105
vt 0.8511620163917542 0.3594299852848053
vt 0.854324996471405 0.36269301176071167
vt 0.8496459722518921 0.36858201026916504
vt 0.22087900340557098 0.7232580184936523
vt 0.2171429991722107 0.7281020283699036
vt 0.21167099475860596 0.73225998878479
vt 0.3013550043106079 0.8013160228729248
vt 0.3068549931049347 0.7943379878997803
vt 0.29496899247169495 0.8033599853515625
vt 0.7829570174217224 0.2945230007171631
vt 0.7782649993896484 0.2864319980144501
vt 0.7722700238227844 0.28355398774147034
vt 0.15213100612163544 0.9343540072441101
vt 0.14449399709701538 0.9334489703178406
vt 0.13808099925518036 0.930732011795044
vt 0.8345839977264404 0.327688992023468
vt 0.199631005525589 0.7669529914855957
vt 0.20052999258041382 0.928184986114502
vt 0.1929280012845993 0.9293479919433594
vt 0.20684300363063812 0.9252769947052002
vt 0.15875500440597534 0.933309018611908
vt 0.7802789807319641 0.9787780046463013
vt 0.7739520072937012 0.9758909940719604
vt 0.7787110209465027 0.9630200266838074
vt 0.7802789807319641 0.9647390246391296
vt 0.9530569911003113 0.27689599990844727
vt 0.9472540020942688 0.27712100744247437
vt 0.2252420037984848 0.719444990158081
vt 0.21087299287319183 0.7452930212020874
vt 0.1862660050392151 0.928551971912384
vt 0.8193070292472839 0.31321901082992554
vt 0.826990008354187 0.3151479959487915
vt 0.3234040141105652 0.7638649940490723
vt 0.7960659861564636 0.3288060128688812
vt 0.19160500168800354 0.7824990153312683
vt 0.1852789968252182 0.7834050059318542
vt 0.3120419979095459 0.7793650031089783
vt 0.9403960108757019 0.2769030034542084
vt 0.07192300260066986 0.932856023311615
vt 0.06563200056552887 0.9325249791145325
vt 0.7865610122680664 0.31107598543167114
vt 0.12312600016593933 0.736615002155304
vt 0.11981499940156937 0.7465739846229553
vt 0.11295100301504135 0.7441189885139465
vt 0.11626199632883072 0.7341600060462952
vt 0.29071199893951416 0.8072490096092224
vt 0.7687140107154846 0.2792679965496063
vt 0.8078200221061707 0.34446001052856445
vt 0.8026400208473206 0.34405800700187683
vt 0.8474310040473938 0.3540619909763336
vt 0.7731429934501648 0.9659079909324646
vt 0.8440030217170715 0.34972500801086426
vt 0.9346280097961426 0.2762739956378937
vt 0.07861000299453735 0.9323220252990723
vt 0.21451300382614136 0.7328929901123047
vt 0.2664709985256195 0.9655910134315491
vt 0.2666639983654022 0.975820004940033
vt 0.2606140077114105 0.9630640149116516
vt 0.9807490110397339 0.43155500292778015
vt 0.9875440001487732 0.4306739866733551
vt 0.9859709739685059 0.43306800723075867
vt 0.018352000042796135 0.9086869955062866
vt 0.01064400002360344 0.9091330170631409
vt 0.013249999843537807 0.9018539786338806
vt 0.01754000037908554 0.8991439938545227
vt 0.025395000353455544 0.9079679846763611
vt 0.02098199911415577 0.9142979979515076
vt 0.8397529721260071 0.3316819965839386
vt 0.28742000460624695 0.8105940222740173
vt 0.766418993473053 0.2762860059738159
vt 0.2096869945526123 0.7566090226173401
vt 0.2062229961156845 0.7598320245742798
vt 0.2073190063238144 0.7675759792327881
vt 0.28480100631713867 0.8139079809188843
vt 0.08355200290679932 0.9315720200538635
vt 0.8336849808692932 0.3144569993019104
vt 0.8565930128097534 0.3487290143966675
vt 0.8595640063285828 0.35444098711013794
vt 0.8622040152549744 0.3581779897212982
vt 0.22822999954223633 0.7283849716186523
vt 0.22509799897670746 0.7335910201072693
vt 0.22301800549030304 0.7390109896659851
vt 0.19866600632667542 0.7820919752120972
vt 0.1516440063714981 0.9440180063247681
vt 0.1441899985074997 0.9437990188598633
vt 0.13753899931907654 0.9404129981994629
vt 0.8547329902648926 0.342972993850708
vt 0.9531229734420776 0.28602200746536255
vt 0.9469259977340698 0.2853449881076813
vt 0.23204299807548523 0.7239429950714111
vt 0.9857900142669678 0.44391098618507385
vt 0.9796950221061707 0.44434401392936707
vt 0.2011670023202896 0.9385849833488464
vt 0.19372400641441345 0.9390550255775452
vt 0.20769700407981873 0.9349939823150635
vt 0.11085899919271469 0.7527750134468079
vt 0.10371799767017365 0.7519869804382324
vt 0.10595399886369705 0.7432690262794495
vt 0.3151859939098358 0.7635489702224731
vt 0.7661150097846985 0.9742980003356934
vt 0.7663140296936035 0.9672359824180603
vt 0.9715650081634521 0.4829860031604767
vt 0.9721369743347168 0.49418801069259644
vt 0.9654840230941772 0.4944469928741455
vt 0.9649040102958679 0.4817250072956085
vt 0.2743310034275055 0.9735739827156067
vt 0.2734319865703583 0.9664369821548462
vt 0.9718449711799622 0.4431670010089874
vt 0.9731379747390747 0.43203601241111755
vt 0.787971019744873 0.3280859887599945
vt 0.18722200393676758 0.9375659823417664
vt 0.3247619867324829 0.7502120137214661
vt 0.33079099655151367 0.7512739896774292
vt 0.775363028049469 0.9858949780464172
vt 0.2606140077114105 0.9791619777679443
vt 0.2662760019302368 0.9862130284309387
vt 0.7960159778594971 0.34342101216316223
vt 0.8197450041770935 0.3029080033302307
vt 0.8271899819374084 0.30470800399780273
vt 0.7564640045166016 0.9654750227928162
vt 0.7565680146217346 0.9712039828300476
vt 0.7517610192298889 0.9715030193328857
vt 0.7513260245323181 0.9621670246124268
vt 0.7590150237083435 0.9848880171775818
vt 0.7539820075035095 0.9873080253601074
vt 0.9857869744300842 0.47526100277900696
vt 0.9801719784736633 0.4933989942073822
vt 0.981033980846405 0.4801259934902191
vt 0.9853000044822693 0.49295899271965027
vt 0.28714698553085327 0.7914980053901672
vt 0.9407029747962952 0.28536099195480347
vt 0.07071399688720703 0.9413920044898987
vt 0.0650859996676445 0.9408609867095947
vt 0.28828901052474976 0.969107985496521
vt 0.2835119962692261 0.9694560170173645
vt 0.2830680012702942 0.9637410044670105
vt 0.2878269851207733 0.9597669839859009
vt 0.777076005935669 0.29145699739456177
vt 0.7664999961853027 0.298660010099411
vt 0.7636129856109619 0.2954539954662323
vt 0.287651002407074 0.9853600263595581
vt 0.2824479937553406 0.9836180210113525
vt 0.19199900329113007 0.7939890027046204
vt 0.1856199949979782 0.7951599955558777
vt 0.1177230030298233 0.7552300095558167
vt 0.7675780057907104 0.9843279719352722
vt 0.934453010559082 0.28606900572776794
vt 0.07781200110912323 0.9422199726104736
vt 0.9644140005111694 0.44211000204086304
vt 0.9644449949264526 0.4288409948348999
vt 0.2738859951496124 0.9839569926261902
vt 0.8059710264205933 0.3559280037879944
vt 0.8007910251617432 0.35552600026130676
vt 0.8375549912452698 0.31363800168037415
vt 0.8394690155982971 0.3198240101337433
vt 0.02658800035715103 0.9169350266456604
vt 0.20486299693584442 0.7748550176620483
vt 0.20280000567436218 0.7822510004043579
vt 0.2814379930496216 0.7999939918518066
vt 0.2844789922237396 0.7952079772949219
vt 0.2766759991645813 0.8085780143737793
vt 0.2787629961967468 0.8048020005226135
vt 0.08295899629592896 0.9421499967575073
vt 0.761135995388031 0.290803998708725
vt 0.7588260173797607 0.2856610119342804
vt 0.8336020112037659 0.3046180009841919
vt 0.7573860287666321 0.28137698769569397
vt 0.19840200245380402 0.7934849858283997
vt 0.15090100467205048 0.9522709846496582
vt 0.14344699680805206 0.9520530104637146
vt 0.813854992389679 0.29921698570251465
vt 0.8166990280151367 0.2885169982910156
vt 0.8220670223236084 0.2926810085773468
vt 0.3073129951953888 0.7688030004501343
vt 0.3070569932460785 0.7798579931259155
vt 0.01371300034224987 0.9148589968681335
vt 0.4529919922351837 0.9224399924278259
vt 0.44699499011039734 0.9227610230445862
vt 0.4457319974899292 0.9178799986839294
vt 0.45250600576400757 0.9172130227088928
vt 0.781603991985321 0.32287201285362244
vt 0.7824779748916626 0.3111569881439209
vt 0.2349189966917038 0.8711580038070679
vt 0.22756800055503845 0.8699049949645996
vt 0.22892199456691742 0.8612809777259827
vt 0.23627200722694397 0.8625329732894897
vt 0.2087559998035431 0.9433050155639648
vt 0.2021690011024475 0.9468860030174255
vt 0.1094760000705719 0.762673020362854
vt 0.10233499854803085 0.7618860006332397
vt 0.3171429932117462 0.7493299841880798
vt 0.7883120179176331 0.34314700961112976
vt 0.22077900171279907 0.8717179894447327
vt 0.22213199734687805 0.8630930185317993
vt 0.8289899826049805 0.29495400190353394
vt 0.870701014995575 0.3510400056838989
vt 0.8730000257492065 0.35563600063323975
vt 0.8687750101089478 0.34438198804855347
vt 0.9540010094642639 0.29625898599624634
vt 0.9474110007286072 0.29468101263046265
vt 0.23750899732112885 0.7324680089950562
vt 0.23455600440502167 0.7388529777526855
vt 0.24077199399471283 0.7273970246315002
vt 0.2336840033531189 0.7449970245361328
vt 0.19368700683116913 0.8050040006637573
vt 0.1879110038280487 0.8065379858016968
vt 0.32359200716018677 0.7397779822349548
vt 0.3300679922103882 0.7402989864349365
vt 0.006157999858260155 0.9145709872245789
vt 0.0028699999675154686 0.9088079929351807
vt 0.2726449966430664 0.9901710152626038
vt 0.26489201188087463 0.9917309880256653
vt 0.79380202293396 0.3542900085449219
vt 0.7694399952888489 0.9900910258293152
vt 0.7611050009727478 0.9942049980163574
vt 0.8670169711112976 0.3376390039920807
vt 0.9403120279312134 0.29513201117515564
vt 0.06864999979734421 0.9516729712486267
vt 0.06215300038456917 0.9506620168685913
vt 0.9874929785728455 0.4571320116519928
vt 0.9808989763259888 0.4581330120563507
vt 0.2813360095024109 0.9934769868850708
vt 0.11620199680328369 0.7644129991531372
vt 0.8025370240211487 0.36750099062919617
vt 0.7976019978523254 0.3661479949951172
vt 0.837414026260376 0.3040579855442047
vt 0.026151999831199646 0.9219430088996887
vt 0.021330000832676888 0.9209200143814087
vt 0.015093999914824963 0.920976996421814
vt 0.9338210225105286 0.2965100109577179
vt 0.07595399767160416 0.9531819820404053
vt 0.21190600097179413 0.772471010684967
vt 0.20903800427913666 0.7776579856872559
vt 0.45382601022720337 0.9282919764518738
vt 0.4486069977283478 0.9290469884872437
vt 0.203015998005867 0.7925609946250916
vt 0.8354799747467041 0.2962389886379242
vt 0.9717220067977905 0.5088109970092773
vt 0.9644140005111694 0.5077980160713196
vt 0.9726729989051819 0.4583339989185333
vt 0.2002819925546646 0.8027700185775757
vt 0.8413469791412354 0.3114449977874756
vt 0.8433629870414734 0.31664299964904785
vt 0.20674200356006622 0.7841399908065796
vt 0.3032430112361908 0.7626649737358093
vt 0.30758100748062134 0.758213996887207
vt 0.31021401286125183 0.7504469752311707
vt 0.008259999565780163 0.9215720295906067
vt 0.46117401123046875 0.9273689985275269
vt 0.4605430066585541 0.9206500053405762
vt 0.7804440259933472 0.3335300087928772
vt 0.7773920297622681 0.32950299978256226
vt 0.7819929718971252 0.3416779935359955
vt 0.3170369863510132 0.7398179769515991
vt 0.9802650213241577 0.5093500018119812
vt 0.26607999205589294 0.8049740195274353
vt 0.2665709853172302 0.799813985824585
vt 0.08171799778938293 0.9551550149917603
vt 0.9646599888801575 0.4585750102996826
vt 0.7873169779777527 0.35331299901008606
vt 0.10194999724626541 0.7729020118713379
vt 0.09545200318098068 0.7741590142250061
vt 0.09611999988555908 0.7637959718704224
vt 0.8213239908218384 0.278890997171402
vt 0.8266929984092712 0.28305500745773315
vt 0.8410320281982422 0.3026379942893982
vt 0.30303600430488586 0.7733250260353088
vt 0.29942500591278076 0.7671110033988953
vt 0.46754100918769836 0.925324022769928
vt 0.4688119888305664 0.9177619814872742
vt 0.20839500427246094 0.7912020087242126
vt 0.2405730038881302 0.8830609917640686
vt 0.23402999341487885 0.8806089758872986
vt 0.24146200716495514 0.8736100196838379
vt 0.22649399936199188 0.8800430297851562
vt 0.1088080033659935 0.773036003112793
vt 0.8325710296630859 0.2862739861011505
vt 0.3215300142765045 0.7304239869117737
vt 0.32791998982429504 0.7299439907073975
vt 0.2684760093688965 0.7935680150985718
vt 0.7455970048904419 0.2910209894180298
vt 0.7450370192527771 0.2852810025215149
vt 0.7908579707145691 0.36396199464797974
vt 0.1970919966697693 0.8147289752960205
vt 0.1925249993801117 0.8169869780540466
vt 0.21988999843597412 0.8811690211296082
vt 0.9857869744300842 0.507997989654541
vt 0.7519980072975159 0.3050279915332794
vt 0.7497469782829285 0.3013170063495636
vt 0.8584409952163696 0.15692800283432007
vt 0.859857976436615 0.16466499865055084
vt 0.8554530143737793 0.16650700569152832
vt 0.854843020439148 0.15916000306606293
vt 0.27098599076271057 0.788320004940033
vt 0.8778979778289795 0.3482440114021301
vt 0.8792549967765808 0.3527970016002655
vt 0.9533089995384216 0.3028489947319031
vt 0.9473249912261963 0.30223700404167175
vt 0.24696899950504303 0.7315340042114258
vt 0.24352699518203735 0.7354239821434021
vt 0.24154900014400482 0.7416210174560547
vt 0.747298002243042 0.29651498794555664
vt 0.20532000064849854 0.8010290265083313
vt 0.026000000536441803 0.9277589917182922
vt 0.021239999681711197 0.9274669885635376
vt 0.8466020226478577 0.3088209927082062
vt 0.8484370112419128 0.3136320114135742
vt 0.015159999951720238 0.9268310070037842
vt 0.2735010087490082 0.7846360206604004
vt 0.8758689761161804 0.34257400035858154
vt 0.9404670000076294 0.30201900005340576
vt 0.06769400089979172 0.9586480259895325
vt 0.06140200048685074 0.9583179950714111
vt 0.24044500291347504 0.7468519806861877
vt 0.2172349989414215 0.776265025138855
vt 0.21413399279117584 0.780538022518158
vt 0.45486199855804443 0.934054970741272
vt 0.4499320089817047 0.9354599714279175
vt 0.21226400136947632 0.7862030267715454
vt 0.11567900329828262 0.7747129797935486
vt 0.8389580249786377 0.28854700922966003
vt 0.8445730209350586 0.3031519949436188
vt 0.009202999994158745 0.9276160001754761
vt 0.4617210030555725 0.9333490133285522
vt 0.21116000413894653 0.7914329767227173
vt 0.20345400273799896 0.811581015586853
vt 0.7973989844322205 0.37762901186943054
vt 0.7920989990234375 0.37567800283432007
vt 0.31161800026893616 0.7413169741630554
vt 0.8505610227584839 0.16728100180625916
vt 0.8491179943084717 0.16112199425697327
vt 0.8745309710502625 0.33634498715400696
vt 0.9348509907722473 0.30296099185943604
vt 0.07412800192832947 0.9596760272979736
vt 0.9875440001487732 0.4641309976577759
vt 0.9811570048332214 0.46521300077438354
vt 0.2091200053691864 0.7994970083236694
vt 0.7825829982757568 0.35173800587654114
vt 0.3155910074710846 0.7319269776344299
vt 0.2951579988002777 0.7629560232162476
vt 0.2978450059890747 0.7586140036582947
vt 0.46759700775146484 0.932299017906189
vt 0.7852280139923096 0.3616819977760315
vt 0.3008129894733429 0.7532899975776672
vt 0.30316999554634094 0.7480679750442505
vt 0.7735790014266968 0.33831700682640076
vt 0.7717999815940857 0.333281010389328
vt 0.7752529978752136 0.34396401047706604
vt 0.31804201006889343 0.7216910123825073
vt 0.32336801290512085 0.7202879786491394
vt 0.8611570000648499 0.17316700518131256
vt 0.8559439778327942 0.17461900413036346
vt 0.025913000106811523 0.9343460202217102
vt 0.020806999877095222 0.932515025138855
vt 0.8539350032806396 0.3071419894695282
vt 0.8551120162010193 0.31130799651145935
vt 0.9570630192756653 0.30563199520111084
vt 0.9536809921264648 0.3097200095653534
vt 0.9512280225753784 0.3066299855709076
vt 0.9466950297355652 0.3072800040245056
vt 0.25040099024772644 0.7354390025138855
vt 0.24720600247383118 0.7373329997062683
vt 0.24662800133228302 0.7425249814987183
vt 0.2224700003862381 0.777679979801178
vt 0.22052299976348877 0.7829440236091614
vt 0.21897000074386597 0.7883239984512329
vt 0.2089180052280426 0.8090230226516724
vt 0.7865740060806274 0.3727869987487793
vt 0.8273109793663025 0.26982200145721436
vt 0.8319190144538879 0.2743310034275055
vt 0.10185199975967407 0.7837920188903809
vt 0.09535399824380875 0.7850499749183655
vt 0.015448000282049179 0.9327620267868042
vt 0.9721519947052002 0.5154970288276672
vt 0.965490996837616 0.5142369866371155
vt 0.2606140077114105 0.8019499778747559
vt 0.261106014251709 0.7967900037765503
vt 0.07989200204610825 0.9616490006446838
vt 0.973546028137207 0.46569299697875977
vt 0.45497798919677734 0.9402269721031189
vt 0.4502499997615814 0.9407650232315063
vt 0.23946699500083923 0.892425000667572
vt 0.2333890050649643 0.8908389806747437
vt 0.22585399448871613 0.8902729749679565
vt 0.837693989276886 0.27853700518608093
vt 0.8414739966392517 0.29748299717903137
vt 0.8431320190429688 0.29791098833084106
vt 0.8436599969863892 0.1670210063457489
vt 0.8442149758338928 0.1633950024843216
vt 0.8483039736747742 0.9765769839286804
vt 0.8487370014190674 0.9789569973945618
vt 0.843828022480011 0.9801719784736633
vt 0.843828022480011 0.9711790084838867
vt 0.9805579781532288 0.6089230179786682
vt 0.9793260097503662 0.6162059903144836
vt 0.9755859971046448 0.6183540225028992
vt 0.9752079844474792 0.6147029995918274
vt 0.8521900177001953 0.30087000131607056
vt 0.009646999649703503 0.9328529834747314
vt 0.8803060054779053 0.3405520021915436
vt 0.8819149732589722 0.3457069993019104
vt 0.9413189888000488 0.3075929880142212
vt 0.06759200245141983 0.9638770222663879
vt 0.062477998435497284 0.9631919860839844
vt 0.24589499831199646 0.7472040057182312
vt 0.46154800057411194 0.9388710260391235
vt 0.2185239940881729 0.7936509847640991
vt 0.8913350105285645 0.2281849980354309
vt 0.8863959908485413 0.22741100192070007
vt 0.8866040110588074 0.22488699853420258
vt 0.8905869722366333 0.21897099912166595
vt 0.7763370275497437 0.34807300567626953
vt 0.7805330157279968 0.347804993391037
vt 0.4945180118083954 0.9243209958076477
vt 0.4886370003223419 0.9249169826507568
vt 0.48685500025749207 0.9233729839324951
vt 0.49288299679756165 0.9213169813156128
vt 0.7641289830207825 0.4206950068473816
vt 0.7579219937324524 0.4230189919471741
vt 0.7579219937324524 0.41624000668525696
vt 0.7629240155220032 0.4172300100326538
vt 0.20226900279521942 0.8228970170021057
vt 0.19793500006198883 0.8260679841041565
vt 0.1088550016283989 0.7838640213012695
vt 0.21946600079536438 0.8914459943771362
vt 0.30987799167633057 0.7339419722557068
vt 0.7801550030708313 0.35935500264167786
vt 0.843559980392456 0.28128400444984436
vt 0.8502449989318848 0.17500300705432892
vt 0.8503289818763733 0.29511499404907227
vt 0.29008299112319946 0.7608829736709595
vt 0.29170599579811096 0.7556189894676208
vt 0.878117024898529 0.33612900972366333
vt 0.9359729886054993 0.3071320056915283
vt 0.07346499711275101 0.9635900259017944
vt 0.9848960041999817 0.46835198998451233
vt 0.9812279939651489 0.46832799911499023
vt 0.46800100803375244 0.9391220211982727
vt 0.4943870007991791 0.93197101354599
vt 0.4882979989051819 0.9324910044670105
vt 0.2131430059671402 0.8066740036010742
vt 0.20802800357341766 0.8193860054016113
vt 0.9797919988632202 0.5156199932098389
vt 0.2624109983444214 0.7911099791526794
vt 0.9482730031013489 0.310806006193161
vt 0.2504819929599762 0.7407259941101074
vt 0.7398309707641602 0.29355400800704956
vt 0.7396630048751831 0.28826001286506653
vt 0.9664390087127686 0.4655660092830658
vt 0.11544299870729446 0.7848880290985107
vt 0.3118090033531189 0.7237100005149841
vt 0.8383769989013672 0.16045600175857544
vt 0.8372349739074707 0.16224099695682526
vt 0.8335239887237549 0.1595740020275116
vt 0.8326489925384521 0.15679199993610382
vt 0.969694972038269 0.6197829842567444
vt 0.968953013420105 0.6177830100059509
vt 0.2935430109500885 0.7504000067710876
vt 0.766281008720398 0.3406499922275543
vt 0.7655029892921448 0.33570799231529236
vt 0.05008900165557861 0.901453971862793
vt 0.045527998358011246 0.9036499857902527
vt 0.04392100125551224 0.9019219875335693
vt 0.05031599849462509 0.8991439938545227
vt 0.4796130061149597 0.9225389957427979
vt 0.4750030040740967 0.9212509989738464
vt 0.4745520055294037 0.9172130227088928
vt 0.48045799136161804 0.9205809831619263
vt 0.7806050181388855 0.3697560131549835
vt 0.790556013584137 0.38631299138069153
vt 0.7858660221099854 0.38400998711586
vt 0.3078500032424927 0.7427070140838623
vt 0.306196004152298 0.7363349795341492
vt 0.9610419869422913 0.6214759945869446
vt 0.9625980257987976 0.6201410293579102
vt 0.025169000029563904 0.9408220052719116
vt 0.020282000303268433 0.9390280246734619
vt 0.014421000145375729 0.9384289979934692
vt 0.22960199415683746 0.778984010219574
vt 0.22802600264549255 0.7836959958076477
vt 0.45529600977897644 0.9463099837303162
vt 0.450221985578537 0.9477789998054504
vt 0.03898800164461136 0.9072200059890747
vt 0.03716199845075607 0.9040709733963013
vt 0.8913350105285645 0.23386900126934052
vt 0.8860369920730591 0.2324559986591339
vt 0.8436579704284668 0.1741040050983429
vt 0.9701110124588013 0.6279720067977905
vt 0.962007999420166 0.6287019848823547
vt 0.2953679859638214 0.7447159886360168
vt 0.8624929785728455 0.3049030005931854
vt 0.8630449771881104 0.31053099036216736
vt 0.8325629830360413 0.9905279874801636
vt 0.8369219899177551 0.9882959723472595
vt 0.8372129797935486 0.9932720065116882
vt 0.8325110077857971 0.9949449896812439
vt 0.9420199990272522 0.31155499815940857
vt 0.9345890283584595 0.30959799885749817
vt 0.930899977684021 0.3052290081977844
vt 0.07621700316667557 0.9657289981842041
vt 0.7134730219841003 0.9829270243644714
vt 0.7155860066413879 0.9884600043296814
vt 0.7110710144042969 0.9884009957313538
vt 0.7091320157051086 0.983610987663269
vt 0.7187119722366333 0.9922599792480469
vt 0.7204260230064392 0.9869679808616638
vt 0.7233629822731018 0.9901400208473206
vt 0.22731100022792816 0.7903519868850708
vt 0.7673450112342834 0.3466489911079407
vt 0.47940200567245483 0.9309589862823486
vt 0.03969300165772438 0.9137089848518372
vt 0.03324799984693527 0.913519024848938
vt 0.03232799842953682 0.9063509702682495
vt 0.8611299991607666 0.18182900547981262
vt 0.8560280203819275 0.18255500495433807
vt 0.7910259962081909 0.6546239852905273
vt 0.7911819815635681 0.6578789949417114
vt 0.7864310145378113 0.6575319766998291
vt 0.7864310145378113 0.6527400016784668
vt 0.008464000187814236 0.9392139911651611
vt 0.8737350106239319 0.3312770128250122
vt 0.8790119886398315 0.3335939943790436
vt 0.26447299122810364 0.7864019870758057
vt 0.7411670088768005 0.29844900965690613
vt 0.9769880175590515 0.4695209860801697
vt 0.4621550142765045 0.9456049799919128
vt 0.049851998686790466 0.9067500233650208
vt 0.04543700069189072 0.9081540107727051
vt 0.21325799822807312 0.8159149885177612
vt 0.8379740118980408 0.1673250049352646
vt 0.9760019779205322 0.6265429854393005
vt 0.979889988899231 0.6243389844894409
vt 0.8615090250968933 0.2982870042324066
vt 0.9851679801940918 0.5143250226974487
vt 0.7267959713935852 0.9719880223274231
vt 0.7227820158004761 0.9678540229797363
vt 0.7245709896087646 0.9641630053520203
vt 0.7292720079421997 0.9681159853935242
vt 0.22741499543190002 0.7963079810142517
vt 0.7687940001487732 0.35135701298713684
vt 0.4747929871082306 0.9296720027923584
vt 0.30715999007225037 0.7266470193862915
vt 0.2827579975128174 0.7594850063323975
vt 0.2836959958076477 0.7537840008735657
vt 0.2666949927806854 0.7832340002059937
vt 0.8259379863739014 0.991786003112793
vt 0.8277310132980347 0.99509197473526
vt 0.8346909880638123 0.9827920198440552
vt 0.8314300179481506 0.9756109714508057
vt 0.8346390128135681 0.9756649732589722
vt 0.8380889892578125 0.9803529977798462
vt 0.7083809971809387 0.977832019329071
vt 0.7107939720153809 0.9755100011825562
vt 0.7260749936103821 0.9832299947738647
vt 0.7269560098648071 0.9868860244750977
vt 0.7432780265808105 0.30250099301338196
vt 0.4682610034942627 0.9467859864234924
vt 0.7767519950866699 0.36672601103782654
vt 0.3128350079059601 0.714093029499054
vt 0.31792300939559937 0.7117140293121338
vt 0.8386020064353943 0.1731339991092682
vt 0.8303329944610596 0.985023021697998
vt 0.7183120250701904 0.9814350008964539
vt 0.04571099951863289 0.9132890105247498
vt 0.7806119918823242 0.3800159990787506
vt 0.8269860148429871 0.9762600064277649
vt 0.824554979801178 0.9721789956092834
vt 0.829617977142334 0.9711790084838867
vt 0.7132850289344788 0.9682589769363403
vt 0.7145829796791077 0.9728279709815979
vt 0.7088090181350708 0.9711220264434814
vt 0.8343179821968079 0.2621710002422333
vt 0.8386420011520386 0.2672800123691559
vt 0.10218700021505356 0.7944939732551575
vt 0.09632500261068344 0.7954769730567932
vt 0.8438950181007385 0.27195999026298523
vt 0.8497239947319031 0.18263700604438782
vt 0.8596479892730713 0.2925319969654083
vt 0.8175619840621948 0.9842519760131836
vt 0.8243250250816345 0.9859309792518616
vt 0.8204960227012634 0.9909870028495789
vt 0.7232739925384521 0.9778779745101929
vt 0.7292720079421997 0.9788910150527954
vt 0.4945180118083954 0.9412760138511658
vt 0.4884290099143982 0.9417949914932251
vt 0.21753700077533722 0.8133000135421753
vt 0.23966200649738312 0.9021090269088745
vt 0.23274800181388855 0.9010289907455444
vt 0.2081349939107895 0.8302279710769653
vt 0.20440499484539032 0.8337630033493042
vt 0.2258639931678772 0.900642991065979
vt 0.3037160038948059 0.7300170063972473
vt 0.2850010097026825 0.748104989528656
vt 0.757669985294342 0.34198498725891113
vt 0.7575010061264038 0.3366909921169281
vt 0.054545000195503235 0.9112240076065063
vt 0.050342001020908356 0.9125620126724243
vt 0.054350998252630234 0.9045720100402832
vt 0.1091890037059784 0.7945659756660461
vt 0.8494189977645874 0.2755660116672516
vt 0.835273027420044 0.17221899330615997
vt 0.8349599838256836 0.16577200591564178
vt 0.02483700029551983 0.9496080279350281
vt 0.019447999075055122 0.9469689726829529
vt 0.01271000038832426 0.946179986000061
vt 0.455269992351532 0.9548810124397278
vt 0.44970598816871643 0.9565669894218445
vt 0.23900200426578522 0.7796249985694885
vt 0.23797699809074402 0.7849649786949158
vt 0.21371500194072723 0.8255379796028137
vt 0.21947599947452545 0.9018160104751587
vt 0.30766600370407104 0.7170349955558777
vt 0.8733100295066833 0.30399399995803833
vt 0.8738620281219482 0.30962198972702026
vt 0.00659599993377924 0.9476590156555176
vt 0.8225659728050232 0.9770799875259399
vt 0.8202130198478699 0.974524974822998
vt 0.7181119918823242 0.9668809771537781
vt 0.7183520197868347 0.970317006111145
vt 0.46241700649261475 0.9548249840736389
vt 0.23726099729537964 0.7916210293769836
vt 0.775862991809845 0.3762809932231903
vt 0.8431379795074463 0.1817380040884018
vt 0.971464991569519 0.6373289823532104
vt 0.9631140232086182 0.637391984462738
vt 0.2861410081386566 0.7419840097427368
vt 0.8175619840621948 0.9784799814224243
vt 0.822737991809845 0.9802460074424744
vt 0.7204530239105225 0.9726979732513428
vt 0.7580980062484741 0.3484880030155182
vt 0.4792509973049164 0.9409170150756836
vt 0.040463998913764954 0.9209250211715698
vt 0.03401799872517586 0.9207339882850647
vt 0.11613199859857559 0.7946630120277405
vt 0.8604919910430908 0.19022800028324127
vt 0.8557040095329285 0.19031700491905212
vt 0.27189698815345764 0.7588909864425659
vt 0.2723039984703064 0.7527289986610413
vt 0.4688119888305664 0.9566569924354553
vt 0.21834200620651245 0.8217049837112427
vt 0.7829830050468445 0.3937999904155731
vt 0.7789289951324463 0.3909919857978821
vt 0.8384820222854614 0.18098300695419312
vt 0.9773550033569336 0.6359000205993652
vt 0.28699299693107605 0.7379429936408997
vt 0.296752005815506 0.7411360144615173
vt 0.8728470206260681 0.2969059944152832
vt 0.23796899616718292 0.7979390025138855
vt 0.7589370012283325 0.35354799032211304
vt 0.4746420085430145 0.9396290183067322
vt 0.0456710010766983 0.9207620024681091
vt 0.3030169904232025 0.7199720144271851
vt 0.772009015083313 0.3732509911060333
vt 0.8353570103645325 0.18015499413013458
vt 0.05045099928975105 0.9199879765510559
vt 0.2995719909667969 0.7233409881591797
vt 0.8491969704627991 0.19031000137329102
vt 0.05465500056743622 0.9186499714851379
vt 0.22299200296401978 0.818539023399353
vt 0.3071810007095337 0.707036018371582
vt 0.3117380142211914 0.7041950225830078
vt 0.27299201488494873 0.7455859780311584
vt 0.7455250024795532 0.34292998909950256
vt 0.7462109923362732 0.3363339900970459
vt 0.7742850184440613 0.38664600253105164
vt 0.8720309734344482 0.2902050018310547
vt 0.49560999870300293 0.9517359733581543
vt 0.4889569878578186 0.953561007976532
vt 0.8419830203056335 0.2551639974117279
vt 0.8455460071563721 0.2606169879436493
vt 0.8506969809532166 0.2662850022315979
vt 0.018482999876141548 0.9533669948577881
vt 0.012621999718248844 0.952767014503479
vt 0.023213999345898628 0.9558539986610413
vt 0.45552998781204224 0.9617670178413391
vt 0.45045599341392517 0.9632359743118286
vt 0.24581700563430786 0.7812129855155945
vt 0.24484500288963318 0.7862889766693115
vt 0.2147980034351349 0.8361909985542297
vt 0.21130000054836273 0.8406389951705933
vt 0.239423006772995 0.9116590023040771
vt 0.23297500610351562 0.9114459753036499
vt 0.10266599804162979 0.8051339983940125
vt 0.09680499881505966 0.806115984916687
vt 0.8559370040893555 0.2704930007457733
vt 0.8426100015640259 0.18941199779510498
vt 0.006508999969810247 0.9542459845542908
vt 0.4626759886741638 0.9617120027542114
vt 0.04012399911880493 0.9284949898719788
vt 0.03367900103330612 0.9283040165901184
vt 0.21971899271011353 0.831404983997345
vt 0.22609099745750427 0.9110599756240845
vt 0.3025439977645874 0.7104390263557434
vt 0.27413201332092285 0.7394660115242004
vt 0.8803460001945496 0.3024440109729767
vt 0.880478024482727 0.30755600333213806
vt 0.24449999630451202 0.7923930287361145
vt 0.7459530234336853 0.3494339883327484
vt 0.7701449990272522 0.38255900144577026
vt 0.11002299934625626 0.8042780160903931
vt 0.9733520150184631 0.6487619876861572
vt 0.9647539854049683 0.6481590270996094
vt 0.4794969856739044 0.9533349871635437
vt 0.21923699975013733 0.9113659858703613
vt 0.8602539896965027 0.19884100556373596
vt 0.8546590209007263 0.19854000210762024
vt 0.8375539779663086 0.18844099342823029
vt 0.04614200070500374 0.9280740022659302
vt 0.22477099299430847 0.8267549872398376
vt 0.298132985830307 0.7143530249595642
vt 0.26531198620796204 0.7564370036125183
vt 0.2658039927482605 0.7512770295143127
vt 0.468639999628067 0.9629570245742798
vt 0.7665629982948303 0.3784250020980835
vt 0.29739999771118164 0.7261160016059875
vt 0.2925170063972473 0.7204970121383667
vt 0.29468899965286255 0.7177219986915588
vt 0.27483099699020386 0.735450029373169
vt 0.8803039789199829 0.29587000608444214
vt 0.24558000266551971 0.7981600165367126
vt 0.7467659711837769 0.3546459972858429
vt 0.05092199891805649 0.9272990226745605
vt 0.11632899940013885 0.8046489953994751
vt 0.8484659790992737 0.19789600372314453
vt 0.9796450138092041 0.6464250087738037
vt 0.4745520055294037 0.9511229991912842
vt 0.05512600019574165 0.9259610176086426
vt 0.22881700098514557 0.8232259750366211
vt 0.7756810188293457 0.40018200874328613
vt 0.7716010212898254 0.3975270092487335
vt 0.017545999959111214 0.9575279951095581
vt 0.012688999995589256 0.9586210250854492
vt 0.02020999975502491 0.9610239863395691
vt 0.4565669894218445 0.9675300121307373
vt 0.4521850049495697 0.9671369791030884
vt 0.249440997838974 0.7833880186080933
vt 0.2505280077457428 0.7875540256500244
vt 0.008049000054597855 0.9597110152244568
vt 0.4621570110321045 0.96738600730896
vt 0.30108100175857544 0.7005199790000916
vt 0.304953008890152 0.6972429752349854
vt 0.8418790102005005 0.1969980001449585
vt 0.26589199900627136 0.7446990013122559
vt 0.02609499916434288 0.9593470096588135
vt 0.022871000692248344 0.9644790291786194
vt 0.25055500864982605 0.7931079864501953
vt 0.7387170195579529 0.3433620035648346
vt 0.7397940158843994 0.337211012840271
vt 0.03963499888777733 0.9361119866371155
vt 0.03318899869918823 0.9359210133552551
vt 0.7675930261611938 0.3926759958267212
vt 0.8789650201797485 0.28964200615882874
vt 0.4949379861354828 0.9583449959754944
vt 0.4885680079460144 0.9595170021057129
vt 0.8535280227661133 0.25511398911476135
vt 0.8586789965629578 0.26078200340270996
vt 0.84996497631073 0.24966000020503998
vt 0.8636800050735474 0.26486000418663025
vt 0.22238199412822723 0.8422319889068604
vt 0.21888400614261627 0.8466799855232239
vt 0.22735700011253357 0.8371800184249878
vt 0.2402690052986145 0.9214820265769958
vt 0.23382100462913513 0.9212689995765686
vt 0.29614999890327454 0.7044379711151123
vt 0.8368229866027832 0.1960269957780838
vt 0.004503000061959028 0.9610270261764526
vt 0.0028699999675154686 0.9569870233535767
vt 0.4674000144004822 0.967395007610321
vt 0.045653000473976135 0.9356909990310669
vt 0.7631139755249023 0.3878380060195923
vt 0.10407000035047531 0.8153730034828186
vt 0.09729000180959702 0.8159779906272888
vt 0.8585789799690247 0.20834000408649445
vt 0.8539019823074341 0.20770299434661865
vt 0.8839349746704102 0.2949239909648895
vt 0.8853049874305725 0.2999489903450012
vt 0.015258999541401863 0.9635409712791443
vt 0.4563330113887787 0.9722989797592163
vt 0.451231986284256 0.9706689715385437
vt 0.24976800382137299 0.7980530261993408
vt 0.2317509949207306 0.8324329853057861
vt 0.22609999775886536 0.9213899970054626
vt 0.2922709882259369 0.7088140249252319
vt 0.8327789902687073 0.19553500413894653
vt 0.8344290256500244 0.18761399388313293
vt 0.05130999907851219 0.9353839755058289
vt 0.7601420283317566 0.38335299491882324
vt 0.11079099774360657 0.8147919774055481
vt 0.2883799970149994 0.712723970413208
vt 0.2665860056877136 0.7391189932823181
vt 0.7387800216674805 0.349265992641449
vt 0.05566199868917465 0.9339990019798279
vt 0.21989800035953522 0.9218760132789612
vt 0.846900999546051 0.20667000114917755
vt 0.9750620126724243 0.6541929841041565
vt 0.966966986656189 0.6534029841423035
vt 0.009584999643266201 0.9651349782943726
vt 0.4627020061016083 0.9725880026817322
vt 0.4799349904060364 0.9596400260925293
vt 0.23622199892997742 0.8280869722366333
vt 0.26208600401878357 0.7496110200881958
vt 0.2606140077114105 0.7457079887390137
vt 0.017765000462532043 0.9676910042762756
vt 0.25424298644065857 0.7872210144996643
vt 0.25487399101257324 0.7931370139122009
vt 0.7342950105667114 0.34269100427627563
vt 0.7362750172615051 0.3389829993247986
vt 0.11745099723339081 0.8142359852790833
vt 0.21521399915218353 0.9227280020713806
vt 0.21502000093460083 0.9130849838256836
vt 0.8403149843215942 0.20577099919319153
vt 0.26743799448013306 0.7350789904594421
vt 0.8846489787101746 0.29200199246406555
vt 0.005036000162363052 0.9647600054740906
vt 0.46863800287246704 0.9707350134849548
vt 0.49353399872779846 0.9615679979324341
vt 0.48972201347351074 0.9630159735679626
vt 0.7396190166473389 0.354326993227005
vt 0.039427001029253006 0.9451329708099365
vt 0.03298100084066391 0.9449419975280762
vt 0.9805579781532288 0.6521520018577576
vt 0.9407960176467896 0.3336000144481659
vt 0.9464139938354492 0.33029499650001526
vt 0.9470720291137695 0.33489900827407837
vt 0.9423589706420898 0.3362950086593628
vt 0.07893600314855576 0.9923549890518188
vt 0.07440800219774246 0.9914590120315552
vt 0.07774899899959564 0.9858080148696899
vt 0.08038999885320663 0.9875280261039734
vt 0.07190100103616714 0.9763389825820923
vt 0.06606700271368027 0.9758890271186829
vt 0.065761998295784 0.971468985080719
vt 0.07249599695205688 0.971468985080719
vt 0.12122999876737595 0.8040779829025269
vt 0.1223519966006279 0.8136640191078186
vt 0.8352590203285217 0.20480099320411682
vt 0.949770987033844 0.32722100615501404
vt 0.9432759881019592 0.3251340091228485
vt 0.9473069906234741 0.3218350112438202
vt 0.06930399686098099 0.9881669878959656
vt 0.0712520033121109 0.9950129985809326
vt 0.06592100113630295 0.992393970489502
vt 0.045444998890161514 0.9447119832038879
vt 0.7635689973831177 0.40271198749542236
vt 0.7595599889755249 0.3978610038757324
vt 0.2613080143928528 0.7401279807090759
vt 0.734358012676239 0.3485960066318512
vt 0.86211097240448 0.2505120038986206
vt 0.8668419718742371 0.25566399097442627
vt 0.8585469722747803 0.24505800008773804
vt 0.2891559898853302 0.6990029811859131
vt 0.29355499148368835 0.6946240067481995
vt 0.872081995010376 0.2598719894886017
vt 0.2865869998931885 0.7159850001335144
vt 0.2791469991207123 0.7110900282859802
vt 0.28138598799705505 0.7072889804840088
vt 0.9313520193099976 0.3277139961719513
vt 0.9381070137023926 0.3275420069694519
vt 0.9351620078086853 0.3349500000476837
vt 0.07174599915742874 0.9829649925231934
vt 0.07906699925661087 0.9803410172462463
vt 0.05125100165605545 0.9443569779396057
vt 0.2303909957408905 0.8474550247192383
vt 0.22726500034332275 0.8513529896736145
vt 0.23531199991703033 0.8426690101623535
vt 0.7556920051574707 0.39267098903656006
vt 0.24089699983596802 0.9312180280685425
vt 0.23444899916648865 0.9310060143470764
vt 0.10484399646520615 0.8251090049743652
vt 0.09870000183582306 0.8254389762878418
vt 0.28527700901031494 0.7033780217170715
vt 0.8573039770126343 0.21805299818515778
vt 0.8526269793510437 0.21741700172424316
vt 0.9385510087013245 0.3199779987335205
vt 0.9428110122680664 0.31729501485824585
vt 0.06415700167417526 0.9834499955177307
vt 0.06140200048685074 0.9878649711608887
vt 0.0556039996445179 0.9429709911346436
vt 0.7527199983596802 0.3881860077381134
vt 0.23970699310302734 0.8379219770431519
vt 0.2273789942264557 0.931306004524231
vt 0.9338160157203674 0.31729501485824585
vt 0.9349570274353027 0.322611004114151
vt 0.930899977684021 0.32188698649406433
vt 0.0668179988861084 0.9798210263252258
vt 0.06143200024962425 0.9788820147514343
vt 0.8456259965896606 0.21638299524784088
vt 0.24417799711227417 0.8335769772529602
vt 0.111565001308918 0.8245279788970947
vt 0.22117699682712555 0.9317920207977295
vt 0.8388360142707825 0.21539700031280518
vt 0.03862300142645836 0.9550889730453491
vt 0.03232799842953682 0.9548500180244446
vt 0.11822500079870224 0.8239719867706299
vt 0.21649399399757385 0.9326440095901489
vt 0.8331760168075562 0.21412399411201477
vt 0.045301999896764755 0.9544579982757568
vt 0.12312600016593933 0.8234000205993652
vt 0.7547810077667236 0.40685200691223145
vt 0.7507719993591309 0.4020020067691803
vt 0.2707279920578003 0.7062749862670898
vt 0.27296799421310425 0.7024739980697632
vt 0.05110799893736839 0.9541040062904358
vt 0.8698300123214722 0.2472420036792755
vt 0.8739020228385925 0.25175100564956665
vt 0.8666859865188599 0.2423039972782135
vt 0.281031996011734 0.6936730146408081
vt 0.2849839925765991 0.6898339986801147
vt 0.8777819871902466 0.25540000200271606
vt 0.23767100274562836 0.8508719801902771
vt 0.23486199975013733 0.8544830083847046
vt 0.24124599993228912 0.8468250036239624
vt 0.7472689747810364 0.39741000533103943
vt 0.24146200716495514 0.9394479990005493
vt 0.2352299988269806 0.9392820000648499
vt 0.27715298533439636 0.6980479955673218
vt 0.7442960143089294 0.3929249942302704
vt 0.7412710189819336 0.3887450098991394
vt 0.7500330209732056 0.38475799560546875
vt 0.10597900301218033 0.8331390023231506
vt 0.10047200322151184 0.8331940174102783
vt 0.8553640246391296 0.22503399848937988
vt 0.8503730297088623 0.22503499686717987
vt 0.24624399840831757 0.8424400091171265
vt 0.22881199419498444 0.9397619962692261
vt 0.8444949984550476 0.22375400364398956
vt 0.24968600273132324 0.838549017906189
vt 0.1126990020275116 0.8325589895248413
vt 0.2226099967956543 0.9402490258216858
vt 0.8385130167007446 0.22315800189971924
vt 0.038433000445365906 0.9626100063323975
vt 0.032648999243974686 0.9622099995613098
vt 0.11829700320959091 0.8316869735717773
vt 0.2185470014810562 0.9405480027198792
vt 0.8326489925384521 0.22179800271987915
vt 0.04496200010180473 0.9620280265808105
vt 0.12241700291633606 0.8314530253410339
vt 0.8762080073356628 0.24504700303077698
vt 0.8779780268669128 0.24895599484443665
vt 0.8744829893112183 0.2404090017080307
vt 0.8813009858131409 0.2509729862213135
vt 0.24227100610733032 0.8528580069541931
vt 0.241784006357193 0.8555409908294678
vt 0.24576100707054138 0.8500099778175354
vt 0.24065999686717987 0.9458119869232178
vt 0.23576200008392334 0.9467390179634094
vt 0.7474570274353027 0.40933799743652344
vt 0.7437869906425476 0.4052389860153198
vt 0.8850880265235901 0.25277599692344666
vt 0.8817499876022339 0.2575890123844147
vt 0.2652449905872345 0.7012220025062561
vt 0.2678639888763428 0.6979069709777832
vt 0.04989200085401535 0.961205005645752
vt 0.2503339946269989 0.8464419841766357
vt 0.10747399926185608 0.8394629955291748
vt 0.10274200141429901 0.8399580121040344
vt 0.27434900403022766 0.6897510290145874
vt 0.2778550088405609 0.6864529848098755
vt 0.7406489849090576 0.40124601125717163
vt 0.2303979992866516 0.9467589855194092
vt 0.27062299847602844 0.6941019892692566
vt 0.7377020120620728 0.39660799503326416
vt 0.7360169887542725 0.3932740092277527
vt 0.8482620120048523 0.23031100630760193
vt 0.8435069918632507 0.22878199815750122
vt 0.2527469992637634 0.8430060148239136
vt 0.11327499896287918 0.8385050296783447
vt 0.2250330001115799 0.9467390179634094
vt 0.8384439945220947 0.227852001786232
vt 0.0388530008494854 0.9669529795646667
vt 0.033945001661777496 0.9670199751853943
vt 0.8820400238037109 0.2456890046596527
vt 0.24806199967861176 0.8535919785499573
vt 0.11781000345945358 0.8373180031776428
vt 0.808197021484375 0.9807440042495728
vt 0.8053780198097229 0.976855993270874
vt 0.8081910014152527 0.9731569886207581
vt 0.8118219971656799 0.9776790142059326
vt 0.8804510235786438 0.24216699600219727
vt 0.8853049874305725 0.24796399474143982
vt 0.8339920043945312 0.227183997631073
vt 0.044210001826286316 0.9667419791221619
vt 0.25203099846839905 0.8496609926223755
vt 0.8063449859619141 0.9958329796791077
vt 0.8013889789581299 0.9956369996070862
vt 0.8037269711494446 0.9922490119934082
vt 0.8092740178108215 0.9915689826011658
vt 0.47973600029945374 0.9692080020904541
vt 0.48037299513816833 0.9718739986419678
vt 0.47805699706077576 0.9752280116081238
vt 0.4745520055294037 0.9718350172042847
vt 0.7412319779396057 0.40957000851631165
vt 0.7408779859542847 0.40665799379348755
vt 0.26322901248931885 0.6963919997215271
vt 0.26504001021385193 0.6951599717140198
vt 0.048475999385118484 0.9653859734535217
vt 0.48101601004600525 0.9859619736671448
vt 0.4814220070838928 0.9903579950332642
vt 0.47562500834465027 0.9902660250663757
vt 0.4745520055294037 0.9851179718971252
vt 0.48476898670196533 0.9687560200691223
vt 0.484593003988266 0.9734500050544739
vt 0.49177300930023193 0.9941120147705078
vt 0.4891839921474457 0.9915509819984436
vt 0.4929009974002838 0.9889400005340576
vt 0.4948900043964386 0.9899899959564209
vt 0.2663620114326477 0.6915090084075928
vt 0.7932479977607727 0.9773920178413391
vt 0.7898430228233337 0.9788039922714233
vt 0.7885990142822266 0.9764130115509033
vt 0.7923269867897034 0.9728400111198425
vt 0.7921540141105652 0.9920780062675476
vt 0.7961429953575134 0.9942709803581238
vt 0.7936469912528992 0.9971299767494202
vt 0.7901269793510437 0.9933630228042603
vt 0.7374160289764404 0.4040740132331848
vt 0.8037220239639282 0.987824022769928
vt 0.8098469972610474 0.9863250255584717
vt 0.4904020130634308 0.9698169827461243
vt 0.49025100469589233 0.9744589924812317
vt 0.8422539830207825 0.2312929928302765
vt 0.8386960029602051 0.23186799883842468
vt 0.7885990142822266 0.9884809851646423
vt 0.7929810285568237 0.9881749749183655
vt 0.7987189888954163 0.9757869839668274
vt 0.7978100180625916 0.9711790084838867
vt 0.47564899921417236 0.9793959856033325
vt 0.4820469915866852 0.9809989929199219
vt 0.8021810054779053 0.9829980134963989
vt 0.48527899384498596 0.9868299961090088
vt 0.4840419888496399 0.9934700131416321
vt 0.4917669892311096 0.9851559996604919
vt 0.4906870126724243 0.9794049859046936
vt 0.49487200379371643 0.9798269867897034
vt 0.495945006608963 0.9849740266799927
vt 0.7891719937324524 0.9832370281219482
vt 0.7934100031852722 0.9823459982872009
vt 0.7996630072593689 0.9891319870948792
vt 0.4829680025577545 0.9775040149688721
vt 0.8008729815483093 0.9796249866485596
vt 0.8026570081710815 0.9737809896469116
vt 0.49370700120925903 0.9754909873008728
f 3/1 5/2 1/3 2/4
f 4/5 8/6 2/4 1/3
f 6/7 4/5 1/3 5/2
f 2/4 8/6 7/8 3/1
f 9/9 10/10 11/11
f 9/12 14/13 12/14 10/15
f 13/16 14/17 9/9 11/11
f 15/18 24/19 11/11
f 15/18 11/11 10/10
f 10/10 12/20 16/21 15/18
f 17/22 5/2 3/1
f 17/22 20/23 18/24
f 17/25 18/26 5/27
f 19/28 20/23 17/22 3/1
f 18/26 32/29 6/30 5/27
f 7/8 22/31 19/28 3/1
f 21/32 29/33 20/23 19/28
f 22/31 50/34 21/32 19/28
f 24/19 25/35 23/36 11/11
f 23/36 27/37 13/16 11/11
f 25/35 68/38 26/39 23/36
f 26/39 69/40 27/37 23/36
f 28/41 25/35 24/19
f 28/42 24/43 15/44
f 16/45 81/46 28/42 15/44
f 29/33 84/47 30/48 20/23
f 30/49 87/50 18/51 20/52
f 31/53 34/54 4/55 6/30
f 6/30 32/29 31/53
f 4/55 34/54 33/56 8/57
f 37/58 39/59 35/60 36/61
f 35/60 41/62 38/63 36/61
f 40/64 41/62 35/60
f 40/64 35/60 39/59
f 42/65 46/66 7/67 8/68
f 8/68 33/69 42/65
f 43/70 47/71 44/72
f 43/70 44/72 36/61
f 45/73 47/71 43/70
f 45/73 43/70 36/61
f 44/72 51/74 37/58
f 44/72 37/58 36/61
f 38/75 127/76 45/77 36/78
f 46/66 97/79 22/80 7/67
f 21/32 49/81 48/82 29/33
f 50/34 96/83 49/81 21/32
f 44/72 47/71 51/74
f 37/58 53/84 52/85 39/59
f 37/58 51/74 53/84
f 52/85 55/86 54/87 39/59
f 52/88 53/89 55/90
f 56/91 59/92 57/93 58/94
f 60/95 61/96 56/91 58/94
f 56/97 61/98 59/99
f 57/93 64/100 62/101
f 57/93 62/101 63/102
f 65/103 58/94 57/93 63/102
f 57/93 59/92 64/100
f 62/101 67/104 66/105
f 62/101 66/105 63/102
f 62/101 64/100 67/104
f 26/39 68/38 70/106 71/107
f 71/107 105/108 69/40 26/39
f 66/105 67/104 72/109
f 66/105 72/109 63/102
f 13/110 74/111 73/112 14/13
f 27/113 103/114 74/115 13/116
f 75/117 78/118 65/103 63/102
f 72/119 156/120 75/121 63/122
f 76/123 80/124 12/14 14/13
f 14/13 73/112 76/123
f 65/103 78/118 77/125
f 65/103 77/125 58/94
f 12/14 80/124 79/126 16/127
f 16/45 79/128 81/46
f 28/42 113/129 82/130 25/131
f 82/132 116/133 68/38 25/35
f 83/134 84/135 29/136
f 83/134 29/136 48/137
f 85/138 86/139 48/137
f 85/140 48/82 49/81
f 86/139 172/141 83/134 48/137
f 18/26 87/142 32/29
f 88/143 90/144 39/59 54/87
f 39/59 89/145 40/64
f 91/146 92/147 39/59
f 91/146 39/59 90/144
f 92/148 174/149 89/150 39/151
f 93/152 118/153 85/140 49/81
f 49/81 95/154 94/155
f 49/81 94/155 93/152
f 49/81 96/83 95/154
f 97/79 136/156 50/157 22/80
f 98/158 142/159 88/160
f 98/161 88/143 54/87
f 99/162 98/158 54/163
f 99/164 54/87 55/86
f 58/94 109/165 100/166 60/95
f 60/167 102/168 101/169
f 60/95 101/170 61/96
f 100/171 148/172 102/168
f 100/166 102/173 60/95
f 69/174 154/175 103/114 27/113
f 70/106 115/176 104/177
f 70/106 104/177 71/107
f 107/178 108/179 71/107
f 107/178 71/107 106/180
f 104/177 167/181 106/180 71/107
f 71/107 108/179 105/108
f 58/94 112/182 110/183
f 58/94 110/183 109/165
f 58/94 77/125 111/184
f 111/185 195/186 112/187 58/188
f 28/42 81/46 113/129
f 68/189 116/190 114/191
f 68/189 114/191 70/192
f 114/191 200/193 115/194 70/192
f 84/135 171/195 117/196 30/49
f 30/49 117/196 87/50
f 118/153 173/197 119/198 85/140
f 85/138 119/199 86/139
f 120/200 121/201 93/202
f 120/203 93/152 94/155
f 122/204 173/205 118/206 93/202
f 121/201 204/207 122/204 93/202
f 40/208 124/209 123/210 41/211
f 89/150 175/212 124/213 40/214
f 120/200 94/215 125/216
f 125/217 208/218 121/219 120/220
f 41/211 123/210 126/221 38/75
f 38/75 126/221 127/76
f 94/155 95/154 128/222
f 128/223 206/224 125/216 94/215
f 129/225 130/226 90/144
f 129/225 90/144 88/143
f 90/144 132/227 131/228 91/146
f 90/229 130/230 133/231
f 90/232 133/233 132/234
f 134/235 135/236 47/237 45/77
f 45/77 127/76 134/235
f 135/236 137/238 51/239 47/237
f 136/156 181/240 96/241 50/157
f 137/242 141/243 53/89 51/244
f 88/160 142/159 138/245
f 88/143 138/246 129/225
f 129/247 140/248 139/249
f 129/247 139/249 130/250
f 138/251 211/252 140/248 129/247
f 141/243 143/253 55/90 53/89
f 143/253 184/254 99/162 55/90
f 61/98 145/255 144/256 59/99
f 101/169 186/257 145/258 61/259
f 109/165 151/260 146/261
f 109/165 146/261 100/166
f 147/262 148/172 100/171
f 147/263 100/166 146/261
f 59/99 144/256 149/264 64/265
f 64/265 149/264 150/266 67/267
f 152/268 153/269 146/270
f 152/271 146/261 151/260
f 153/272 215/273 147/262 146/274
f 105/275 188/276 154/175 69/174
f 67/267 150/266 155/277 72/119
f 72/119 155/277 156/120
f 109/278 159/279 157/280
f 109/281 157/282 151/283
f 109/165 110/183 158/284 159/285
f 106/286 165/287 160/288
f 106/180 160/289 107/178
f 107/290 160/288 161/291
f 107/292 162/293 108/294
f 161/291 218/295 162/296 107/290
f 163/297 164/298 78/299 75/300
f 75/300 156/301 163/297
f 164/298 166/302 77/303 78/299
f 165/287 221/304 161/291 160/288
f 166/302 197/305 111/185 77/303
f 167/306 198/307 168/308 106/286
f 168/309 224/310 165/311 106/312
f 169/313 198/314 167/181 104/177
f 104/177 115/176 169/313
f 170/315 199/316 116/190 82/130
f 82/130 113/129 170/315
f 83/134 172/141 171/195 84/135
f 89/150 174/149 175/212
f 91/317 178/318 176/319
f 91/146 176/320 92/147
f 176/319 205/321 177/322 92/148
f 92/148 177/322 174/149
f 131/323 180/324 178/318 91/317
f 179/325 180/326 131/327 132/234
f 133/233 229/328 179/325 132/234
f 181/240 182/329 95/330 96/241
f 182/331 209/332 128/223 95/333
f 139/249 210/334 183/335 130/250
f 130/230 183/336 133/231
f 184/254 185/337 98/158 99/162
f 185/337 212/338 142/159 98/158
f 102/168 187/339 186/257 101/169
f 148/172 214/340 187/339 102/168
f 108/294 190/341 188/276 105/275
f 189/342 217/343 152/268 151/344
f 151/345 157/346 189/347
f 162/293 219/348 190/341 108/294
f 158/349 193/350 191/351 159/352
f 191/353 233/354 157/280 159/279
f 192/355 193/350 158/349 110/356
f 194/357 192/355 110/356
f 194/358 110/183 112/182
f 196/359 222/360 194/361 112/187
f 112/187 195/186 196/359
f 111/185 197/305 195/186
f 199/316 200/193 114/191 116/190
f 119/199 202/362 201/363 86/139
f 86/139 201/363 172/141
f 173/205 203/364 202/365 119/366
f 122/204 204/207 203/364
f 122/204 203/364 173/205
f 178/318 227/367 205/321 176/319
f 207/368 208/369 125/216 206/224
f 128/223 209/332 206/224
f 140/248 211/252 210/334 139/249
f 212/338 213/370 138/245 142/159
f 138/251 213/371 211/252
f 147/262 216/372 214/340 148/172
f 147/262 215/273 216/372
f 217/343 215/373 153/269 152/268
f 162/293 218/374 219/348
f 161/291 221/304 220/375 218/295
f 222/376 234/377 192/355 194/357
f 223/378 224/379 168/308
f 223/378 168/308 198/307
f 225/380 226/381 169/382 115/383
f 226/381 223/378 198/307 169/382
f 115/194 200/193 225/384
f 180/324 228/385 227/367 178/318
f 179/325 229/328 228/386
f 179/325 228/386 180/326
f 230/387 133/231 183/336
f 230/388 183/335 210/334
f 189/342 157/389 231/390
f 189/342 231/390 217/343
f 232/391 233/392 191/351
f 232/391 191/351 193/350
f 234/377 232/391 193/350 192/355
f 235/393 238/394 34/54 31/53
f 32/29 249/395 236/396 31/53
f 31/53 236/396 235/393
f 34/54 238/394 237/397 33/56
f 33/69 237/398 239/399 42/65
f 240/400 241/401 46/66 42/65
f 42/65 239/399 240/400
f 241/401 256/402 97/79 46/66
f 74/111 243/403 242/404 73/112
f 103/114 264/405 243/406 74/115
f 244/407 245/408 76/123 73/112
f 73/112 242/404 244/407
f 245/408 247/409 80/124 76/123
f 80/124 247/409 246/410 79/126
f 248/411 250/412 81/46 79/128
f 79/128 246/413 248/411
f 87/142 251/414 249/395 32/29
f 250/412 268/415 113/129 81/46
f 117/196 269/416 251/417 87/50
f 126/221 253/418 252/419 127/76
f 123/210 270/420 253/418 126/221
f 254/421 255/422 134/235 127/76
f 127/76 252/419 254/421
f 255/422 257/423 135/236 134/235
f 256/402 272/424 136/156 97/79
f 257/423 258/425 137/238 135/236
f 258/426 259/427 141/243 137/242
f 259/427 273/428 143/253 141/243
f 144/256 261/429 260/430 149/264
f 145/255 274/431 261/429 144/256
f 149/264 260/430 262/432 150/266
f 150/266 262/432 263/433 155/277
f 154/175 275/434 264/405 103/114
f 155/277 263/433 265/435 156/120
f 266/436 267/437 163/297 156/301
f 156/120 265/435 266/438
f 267/437 276/439 164/298 163/297
f 268/415 278/440 170/315 113/129
f 171/195 279/441 269/416 117/196
f 124/213 271/442 270/443 123/444
f 175/212 281/445 271/442 124/213
f 272/424 283/446 181/240 136/156
f 273/428 284/447 184/254 143/253
f 186/257 287/448 274/449 145/258
f 188/276 290/450 275/434 154/175
f 276/439 277/451 166/302 164/298
f 277/451 291/452 197/305 166/302
f 278/440 293/453 199/316 170/315
f 172/141 280/454 279/441 171/195
f 201/363 295/455 280/454 172/141
f 174/149 282/456 281/445 175/212
f 177/322 297/457 282/456 174/149
f 283/446 300/458 182/329 181/240
f 284/447 286/459 185/337 184/254
f 285/460 303/461 212/338 185/337
f 286/459 449/462 285/460 185/337
f 187/339 289/463 287/448 186/257
f 214/340 304/464 288/465 187/339
f 288/465 450/466 289/463 187/339
f 190/341 307/467 290/450 188/276
f 291/452 292/468 195/186 197/305
f 292/468 309/469 196/359 195/186
f 293/453 294/470 200/193 199/316
f 294/471 312/472 225/380 200/473
f 202/362 296/474 295/455 201/363
f 203/364 204/207 296/475 202/365
f 205/321 298/476 297/457 177/322
f 227/367 313/477 298/476 205/321
f 299/478 207/368 206/224 209/332
f 300/479 299/478 209/332 182/331
f 301/480 230/388 210/334 211/252
f 302/481 301/480 211/252 213/371
f 303/482 302/481 213/371 212/483
f 216/372 305/484 304/464 214/340
f 215/273 306/485 305/484 216/372
f 217/343 231/390 306/486 215/373
f 219/348 308/487 307/467 190/341
f 218/295 220/375 308/488 219/489
f 309/490 310/491 222/376 196/492
f 310/491 314/493 234/377 222/376
f 311/494 224/379 223/378 226/381
f 312/472 311/494 226/381 225/380
f 228/386 229/328 313/495 227/496
f 314/493 233/392 232/391 234/377
f 315/497 316/498 237/397 238/394
f 235/393 319/499 315/497 238/394
f 316/500 320/501 239/399 237/398
f 245/408 318/502 317/503 247/409
f 244/407 321/504 318/502 245/408
f 317/503 322/505 246/410 247/409
f 236/396 323/506 319/499 235/393
f 320/501 326/507 240/400 239/399
f 242/404 332/508 321/504 244/407
f 322/509 334/510 248/411 246/413
f 249/395 337/511 323/506 236/396
f 324/512 325/513 255/422 254/421
f 252/419 335/514 324/512 254/421
f 325/513 327/515 257/423 255/422
f 326/507 338/516 241/401 240/400
f 327/517 328/518 258/426 257/519
f 328/518 339/520 259/427 258/426
f 260/430 330/521 329/522 262/432
f 261/429 340/523 330/521 260/430
f 262/432 329/522 331/524 263/433
f 243/403 341/525 332/508 242/404
f 263/433 331/524 333/526 265/435
f 333/527 336/528 266/436 265/529
f 334/510 342/530 250/412 248/411
f 253/418 344/531 335/514 252/419
f 336/528 348/532 267/437 266/436
f 249/533 251/417 337/534
f 241/401 338/516 256/402
f 339/520 353/535 273/428 259/427
f 274/431 354/536 340/523 261/429
f 243/406 264/405 341/537
f 250/412 342/530 268/415
f 343/538 345/539 316/498 315/497
f 319/499 349/540 343/538 315/497
f 270/420 370/541 344/531 253/418
f 345/539 350/542 320/543 316/498
f 318/502 347/544 346/545 317/503
f 321/504 357/546 347/544 318/502
f 348/532 381/547 276/439 267/437
f 346/545 358/548 322/505 317/503
f 323/506 359/549 349/540 319/499
f 350/550 361/551 326/507 320/501
f 351/552 352/553 327/515 325/513
f 324/512 360/554 351/552 325/513
f 352/555 363/556 328/518 327/517
f 353/535 403/557 284/447 273/428
f 287/448 404/558 354/559 274/449
f 329/522 356/560 355/561 331/524
f 330/521 364/562 356/560 329/522
f 355/561 367/563 333/526 331/524
f 332/508 366/564 357/546 321/504
f 358/565 368/566 334/510 322/509
f 337/511 395/567 359/549 323/506
f 335/514 374/568 360/554 324/512
f 361/551 400/569 338/516 326/507
f 338/516 400/569 362/570 256/402
f 256/402 362/570 272/424
f 363/556 388/571 339/520 328/518
f 340/523 389/572 364/562 330/521
f 365/573 406/574 341/537 264/405
f 264/405 275/434 365/573
f 341/525 406/575 366/564 332/508
f 367/576 378/577 336/528 333/527
f 368/566 411/578 342/530 334/510
f 369/579 395/580 337/534 251/417
f 269/416 425/581 369/579 251/417
f 271/442 413/582 370/583 270/443
f 343/584 373/585 371/586 345/587
f 372/588 373/589 343/538 349/540
f 344/531 397/590 374/568 335/514
f 345/587 371/586 375/591 350/592
f 376/593 380/594 346/595 347/596
f 377/597 376/593 347/596 357/598
f 378/577 410/599 348/532 336/528
f 346/595 380/594 379/600 358/601
f 381/547 420/602 277/451 276/439
f 342/530 411/578 382/603 268/415
f 382/603 444/604 278/440 268/415
f 383/605 372/588 349/540 359/549
f 350/592 375/591 384/606 361/607
f 351/552 386/608 385/609 352/553
f 360/554 399/610 386/608 351/552
f 352/611 385/612 387/613 363/614
f 388/571 415/615 353/535 339/520
f 354/536 417/616 389/572 340/523
f 390/617 392/618 355/561 356/560
f 391/619 390/617 356/560 364/562
f 392/618 409/620 367/563 355/561
f 393/621 377/622 357/546 366/564
f 358/601 379/600 394/623 368/624
f 396/625 383/605 359/549 395/567
f 370/541 426/626 397/590 344/531
f 398/627 399/610 360/554 374/568
f 401/628 432/629 400/569 361/551
f 361/551 384/630 401/628
f 363/614 387/613 402/631 388/632
f 403/557 449/462 286/459 284/447
f 289/463 450/466 404/558 287/448
f 405/633 391/619 364/562 389/572
f 406/574 438/634 407/635 366/636
f 366/636 407/635 393/637
f 367/638 409/639 408/640 378/641
f 410/599 442/642 381/547 348/532
f 368/566 394/643 412/644 411/578
f 271/442 281/445 413/582
f 414/645 398/627 374/568 397/590
f 362/570 447/646 283/446 272/424
f 388/571 402/647 416/648 415/615
f 415/615 433/649 403/557 353/535
f 404/558 435/650 417/651 354/559
f 418/652 405/653 389/654 417/651
f 290/450 453/655 365/573 275/434
f 378/577 408/656 419/657 410/599
f 277/451 420/602 291/452
f 395/580 369/579 421/658
f 422/659 396/660 395/580 421/658
f 411/578 423/661 382/603
f 411/578 412/644 424/662 423/661
f 279/441 477/663 425/581 269/416
f 413/582 459/664 426/665 370/583
f 427/666 429/667 371/668 373/589
f 372/588 445/669 427/666 373/589
f 428/670 414/671 397/672 426/665
f 429/667 430/673 375/674 371/668
f 430/675 462/676 384/630 375/677
f 400/569 431/678 362/570
f 432/629 464/679 431/678 400/569
f 415/615 416/648 434/680 433/649
f 436/681 418/652 417/651 435/650
f 406/574 365/573 437/682
f 437/682 468/683 438/634 406/574
f 377/622 440/684 439/685 376/686
f 393/621 469/687 440/684 377/622
f 376/686 439/685 441/688 380/689
f 410/599 419/657 443/690 442/642
f 441/688 454/691 379/692 380/689
f 442/642 471/693 420/602 381/547
f 444/604 486/694 293/453 278/440
f 425/581 455/695 421/658 369/579
f 383/605 457/696 445/669 372/588
f 446/697 448/698 385/609 386/608
f 399/610 461/699 446/697 386/608
f 431/678 463/700 447/646 362/570
f 448/698 465/701 387/702 385/609
f 433/649 480/703 449/462 403/557
f 450/466 482/704 435/650 404/558
f 390/617 452/705 451/706 392/618
f 391/619 466/707 452/705 390/617
f 453/655 467/708 437/682 365/573
f 451/706 470/709 409/620 392/618
f 454/710 474/711 394/643 379/712
f 423/661 475/713 444/604 382/603
f 456/714 422/659 421/658 455/695
f 396/625 491/715 457/696 383/605
f 458/716 459/664 413/582 281/445
f 281/445 282/456 458/716
f 460/717 428/670 426/665 459/664
f 398/627 478/718 461/699 399/610
f 462/676 487/719 401/628 384/630
f 447/646 496/720 300/458 283/446
f 464/679 514/721 463/700 431/678
f 465/722 479/723 402/647 387/724
f 405/633 484/725 466/707 391/619
f 467/708 520/726 468/683 437/682
f 307/467 501/727 453/655 290/450
f 407/728 488/729 469/687 393/621
f 470/730 485/731 408/656 409/732
f 442/642 443/690 472/733 471/693
f 420/602 471/693 473/734 291/452
f 291/452 473/734 292/468
f 474/711 506/735 412/644 394/643
f 423/661 424/662 476/736 475/713
f 279/441 280/454 477/663
f 414/645 495/737 478/718 398/627
f 479/723 498/738 416/648 402/647
f 433/649 434/680 481/739 480/703
f 449/462 497/740 303/461 285/460
f 483/741 436/681 435/650 482/704
f 304/464 500/742 450/466 288/465
f 418/743 499/744 484/725 405/633
f 485/731 502/745 419/657 408/656
f 293/453 486/694 294/470
f 477/663 489/746 455/695 425/581
f 487/719 532/747 432/629 401/628
f 438/634 537/748 488/749 407/635
f 475/713 507/750 486/694 444/604
f 489/746 562/751 490/752 455/695
f 455/695 490/752 456/714
f 422/659 525/753 491/754 396/660
f 295/455 526/755 477/663 280/454
f 459/664 458/716 492/756
f 493/757 460/717 459/664 492/756
f 494/758 492/756 458/716 282/456
f 282/456 297/457 494/758
f 428/759 528/760 495/737 414/645
f 496/761 546/762 299/478 300/479
f 463/763 513/764 496/761 447/765
f 497/766 533/767 302/481 303/482
f 498/738 534/768 434/680 416/648
f 480/703 515/769 497/740 449/462
f 436/681 535/770 499/771 418/652
f 500/742 517/772 482/704 450/466
f 305/484 536/773 500/742 304/464
f 501/727 519/774 467/708 453/655
f 308/487 559/775 501/727 307/467
f 502/745 539/776 443/690 419/657
f 471/693 503/777 473/734
f 471/693 472/733 504/778 503/777
f 473/734 503/777 505/779 292/468
f 292/468 505/779 309/469
f 486/780 543/781 312/472 294/471
f 506/735 544/782 424/662 412/644
f 508/783 578/784 507/750 475/713
f 475/713 476/736 508/783
f 509/785 511/786 429/667 427/666
f 510/787 509/785 427/666 445/669
f 511/786 512/788 430/673 429/667
f 512/789 549/790 462/676 430/675
f 514/791 569/792 513/764 463/763
f 516/793 586/794 515/769 480/703
f 480/703 481/739 516/793
f 482/704 518/795 483/741
f 517/772 592/796 518/795 482/704
f 519/774 572/797 520/726 467/708
f 440/684 522/798 521/799 439/685
f 469/687 557/800 522/798 440/684
f 439/685 521/799 523/801 441/688
f 441/688 523/801 524/802 454/691
f 456/714 599/803 525/753 422/659
f 296/804 564/805 526/806 295/807
f 527/808 510/787 445/669 457/696
f 460/717 579/809 528/810 428/670
f 492/756 494/758 529/811
f 530/812 493/757 492/756 529/811
f 208/369 565/813 204/207
f 208/814 204/815 121/816
f 297/457 298/476 531/817
f 531/817 529/811 494/758
f 531/817 494/758 297/457
f 230/388 566/818 229/328
f 230/819 229/820 133/821
f 532/747 584/822 464/679 432/629
f 302/481 533/767 301/480
f 534/768 588/823 481/739 434/680
f 483/741 589/824 535/770 436/681
f 305/825 306/486 536/826
f 468/683 593/827 537/748 438/634
f 233/392 570/828 231/390
f 233/829 231/830 157/831
f 309/490 538/832 310/491
f 505/833 540/834 538/835
f 505/836 538/832 309/490
f 224/379 574/837 221/304
f 224/838 221/839 165/840
f 539/776 598/841 472/733 443/690
f 503/777 540/842 505/779
f 503/777 504/778 541/843 540/842
f 454/710 524/844 542/845 474/711
f 543/781 575/846 311/494 312/472
f 544/782 608/847 476/736 424/662
f 526/755 561/848 489/746
f 526/849 489/850 477/851
f 545/852 531/817 298/476 313/477
f 546/762 565/813 207/368
f 546/762 207/368 299/478
f 513/764 568/853 546/762 496/761
f 547/854 550/855 448/698 446/697
f 548/856 547/854 446/697 461/699
f 549/790 583/857 487/719 462/676
f 550/855 552/858 465/701 448/698
f 301/480 551/859 230/388
f 533/767 585/860 551/859
f 533/767 551/859 301/480
f 552/861 587/862 479/723 465/722
f 515/863 585/860 533/767 497/766
f 536/773 591/864 517/772 500/742
f 466/707 554/865 553/866 452/705
f 484/725 590/867 554/865 466/707
f 306/486 231/390 555/868
f 555/868 591/869 536/826
f 555/868 536/826 306/486
f 452/705 553/866 556/870 451/706
f 488/729 594/871 557/800 469/687
f 451/706 556/870 558/872 470/709
f 559/775 571/873 519/774 501/727
f 220/375 574/837 559/874
f 220/375 559/874 308/488
f 310/491 538/832 560/875 314/493
f 507/876 577/877 543/781
f 507/878 543/879 486/880
f 561/848 610/881 562/751 489/746
f 563/882 527/808 457/696 491/715
f 204/207 565/813 564/883 296/475
f 208/369 207/368 565/813
f 313/495 229/328 566/818
f 566/818 613/884 545/885 313/495
f 567/886 548/856 461/699 478/718
f 569/792 602/887 568/853 513/764
f 551/859 614/888 566/818 230/388
f 570/828 618/889 555/868 231/390
f 571/873 606/890 572/797 519/774
f 233/392 314/493 570/828
f 470/730 558/891 573/892 485/731
f 560/875 620/893 570/828 314/493
f 220/375 221/304 574/837
f 575/846 574/837 224/379 311/494
f 474/711 542/845 576/894 506/735
f 578/895 624/896 577/877 507/876
f 564/883 600/897 561/898 526/899
f 493/757 626/900 579/809 460/717
f 529/811 531/817 580/901
f 581/902 530/812 529/811 580/901
f 582/903 567/886 478/718 495/737
f 568/853 601/904 565/813 546/762
f 583/857 628/905 532/747 487/719
f 584/822 627/906 514/721 464/679
f 586/907 615/908 585/860 515/863
f 587/862 603/909 498/738 479/723
f 588/823 629/910 516/793 481/739
f 518/795 630/911 589/824 483/741
f 499/744 604/912 590/867 484/725
f 591/864 617/913 592/796 517/772
f 520/726 632/914 593/827 468/683
f 537/748 631/915 594/916 488/749
f 574/837 605/917 571/918 559/874
f 485/731 573/892 595/919 502/745
f 540/920 596/921 538/922
f 540/923 541/924 597/925 596/926
f 598/841 634/927 504/778 472/733
f 577/877 607/928 575/846 543/781
f 490/752 635/929 599/803 456/714
f 525/753 636/930 563/931 491/754
f 565/813 601/904 600/897 564/883
f 545/852 612/932 580/901 531/817
f 602/887 625/933 601/904 568/853
f 603/909 638/934 534/768 498/738
f 535/770 639/935 604/936 499/771
f 605/917 633/937 606/938 571/918
f 596/926 621/939 560/875 538/832
f 607/928 605/917 574/837 575/846
f 576/894 641/940 544/782 506/735
f 608/847 642/941 508/783 476/736
f 609/942 610/943 561/898 600/897
f 611/944 582/903 495/737 528/760
f 580/901 612/932 581/902
f 545/885 613/884 612/945
f 566/818 614/888 613/884
f 615/908 616/946 551/859 585/860
f 551/859 616/946 614/888
f 555/868 619/947 617/948 591/869
f 555/868 618/889 619/947
f 570/828 620/893 618/889
f 560/875 621/939 620/893
f 596/926 597/925 621/939
f 502/745 595/919 622/949 539/776
f 577/877 624/896 623/950 607/928
f 625/933 609/942 600/897 601/904
f 530/812 643/951 626/900 493/757
f 627/952 645/953 569/792 514/791
f 628/905 646/954 584/822 532/747
f 629/910 647/955 586/794 516/793
f 592/796 650/956 630/911 518/795
f 593/827 651/957 631/915 537/748
f 572/797 652/958 632/914 520/726
f 607/928 623/950 633/937 605/917
f 634/927 644/959 541/843 504/778
f 562/751 654/960 635/929 490/752
f 599/803 653/961 636/930 525/753
f 637/962 611/963 528/810 579/809
f 638/934 648/964 588/823 534/768
f 589/824 649/965 639/935 535/770
f 539/776 622/949 640/966 598/841
f 641/940 660/967 608/847 544/782
f 642/941 659/968 578/784 508/783
f 581/902 656/969 643/951 530/812
f 644/959 657/970 597/971 541/843
f 645/953 661/972 602/887 569/792
f 646/954 667/973 627/906 584/822
f 647/974 662/975 615/908 586/907
f 648/964 669/976 629/910 588/823
f 630/911 670/977 649/965 589/824
f 617/913 663/978 650/956 592/796
f 632/914 672/979 651/957 593/827
f 606/890 664/980 652/958 572/797
f 635/929 675/981 653/961 599/803
f 610/881 676/982 654/960 562/751
f 655/983 637/962 579/809 626/900
f 612/932 666/984 656/969 581/902
f 657/985 673/986 621/939 597/925
f 598/841 640/966 658/987 634/927
f 659/988 685/989 624/896 578/895
f 660/967 686/990 642/941 608/847
f 661/972 678/991 625/933 602/887
f 662/975 668/992 616/946 615/908
f 619/947 671/993 663/994 617/948
f 633/937 684/995 664/996 606/938
f 665/997 655/983 626/900 643/951
f 613/884 680/998 666/999 612/945
f 667/973 688/1000 645/1001 627/906
f 668/992 679/1002 614/888 616/946
f 669/976 689/1003 647/955 629/910
f 650/956 690/1004 670/977 630/911
f 618/889 681/1005 671/993 619/947
f 652/958 691/1006 672/979 632/914
f 673/986 682/1007 620/893 621/939
f 634/927 658/987 674/1008 644/959
f 654/960 693/1009 675/981 635/929
f 609/942 677/1010 676/1011 610/943
f 625/933 678/991 677/1010 609/942
f 679/1002 680/998 613/884 614/888
f 620/893 682/1007 681/1005 618/889
f 683/1012 684/995 633/937 623/950
f 685/989 683/1012 623/950 624/896
f 686/990 694/1013 659/968 642/941
f 687/1014 665/997 643/951 656/969
f 688/1015 696/1016 661/972 645/953
f 689/1017 697/1018 662/975 647/974
f 663/978 698/1019 690/1004 650/956
f 664/980 699/1020 691/1006 652/958
f 644/959 674/1008 692/1021 657/970
f 676/982 701/1022 693/1009 654/960
f 694/1023 706/1024 685/989 659/988
f 695/1025 687/1014 656/969 666/984
f 696/1016 710/1026 678/991 661/972
f 697/1018 703/1027 668/992 662/975
f 671/993 704/1028 698/1029 663/994
f 684/995 717/1030 699/1031 664/996
f 657/985 692/1032 700/1033 673/986
f 677/1010 707/1034 701/1035 676/1011
f 702/1036 695/1037 666/999 680/998
f 703/1027 712/1038 679/1002 668/992
f 681/1005 713/1039 704/1028 671/993
f 673/986 700/1033 705/1040 682/1007
f 706/1024 716/1041 683/1012 685/989
f 678/991 710/1026 707/1034 677/1010
f 708/1042 711/1043 511/786 509/785
f 709/1044 708/1042 509/785 510/787
f 711/1043 720/1045 512/788 511/786
f 712/1038 702/1036 680/998 679/1002
f 682/1007 705/1040 713/1039 681/1005
f 521/799 715/1046 714/1047 523/801
f 522/798 721/1048 715/1046 521/799
f 716/1041 717/1030 684/995 683/1012
f 523/801 714/1047 718/1049 524/802
f 719/1050 709/1044 510/787 527/808
f 720/1051 723/1052 549/790 512/789
f 557/800 724/1053 721/1048 522/798
f 524/844 718/1054 722/1055 542/845
f 723/1052 727/1056 583/857 549/790
f 594/916 728/1057 724/1058 557/1059
f 725/1060 719/1050 527/808 563/882
f 542/845 722/1055 726/1061 576/894
f 636/930 731/1062 725/1063 563/931
f 727/1056 729/1064 628/905 583/857
f 631/915 730/1065 728/1057 594/916
f 726/1061 732/1066 641/940 576/894
f 729/1064 733/1067 646/954 628/905
f 651/957 734/1068 730/1065 631/915
f 653/961 735/1069 731/1062 636/930
f 732/1066 736/1070 660/967 641/940
f 733/1067 746/1071 667/973 646/954
f 672/979 749/1072 734/1068 651/957
f 675/981 751/1073 735/1069 653/961
f 736/1070 756/1074 686/990 660/967
f 737/1075 739/1076 550/855 547/854
f 738/1077 737/1075 547/854 548/856
f 739/1076 740/1078 552/858 550/855
f 740/1079 747/1080 587/862 552/861
f 554/865 742/1081 741/1082 553/866
f 590/867 748/1083 742/1081 554/865
f 553/866 741/1082 743/1084 556/870
f 556/870 743/1084 744/1085 558/872
f 745/1086 738/1077 548/856 567/886
f 746/1087 759/1088 688/1015 667/1089
f 747/1080 753/1090 603/909 587/862
f 604/912 754/1091 748/1083 590/867
f 691/1006 762/1092 749/1072 672/979
f 558/891 744/1093 750/1094 573/892
f 693/1009 763/1095 751/1073 675/981
f 752/1096 745/1086 567/886 582/903
f 753/1090 760/1097 638/934 603/909
f 639/935 761/1098 754/1099 604/936
f 573/892 750/1094 755/1100 595/919
f 756/1074 766/1101 694/1013 686/990
f 757/1102 752/1096 582/903 611/944
f 595/919 755/1100 758/1103 622/949
f 759/1088 767/1104 696/1016 688/1015
f 760/1097 768/1105 648/964 638/934
f 649/965 769/1106 761/1098 639/935
f 699/1020 770/1107 762/1092 691/1006
f 701/1022 771/1108 763/1095 693/1009
f 764/1109 757/1110 611/963 637/962
f 622/949 758/1103 765/1111 640/966
f 766/1112 774/1113 706/1024 694/1023
f 767/1104 778/1114 710/1026 696/1016
f 768/1105 781/1115 669/976 648/964
f 670/977 782/1116 769/1106 649/965
f 717/1030 787/1117 770/1118 699/1031
f 707/1034 775/1119 771/1120 701/1035
f 772/1121 764/1109 637/962 655/983
f 640/966 765/1111 773/1122 658/987
f 774/1113 786/1123 716/1041 706/1024
f 710/1026 778/1114 775/1119 707/1034
f 776/1124 779/1125 711/1043 708/1042
f 777/1126 776/1124 708/1042 709/1044
f 779/1125 780/1127 720/1045 711/1043
f 780/1128 793/1129 723/1052 720/1051
f 781/1115 794/1130 689/1003 669/976
f 690/1004 795/1131 782/1116 670/977
f 721/1048 784/1132 783/1133 715/1046
f 724/1053 796/1134 784/1132 721/1048
f 715/1046 783/1133 785/1135 714/1047
f 786/1123 787/1117 717/1030 716/1041
f 714/1047 785/1135 788/1136 718/1049
f 789/1137 777/1126 709/1044 719/1050
f 790/1138 772/1121 655/983 665/997
f 658/987 773/1122 791/1139 674/1008
f 718/1054 788/1140 792/1141 722/1055
f 793/1129 802/1142 727/1056 723/1052
f 794/1143 803/1144 697/1018 689/1017
f 698/1019 804/1145 795/1131 690/1004
f 728/1146 805/1147 796/1134 724/1053
f 797/1148 789/1137 719/1050 725/1060
f 798/1149 790/1138 665/997 687/1014
f 674/1008 791/1139 799/1150 692/1021
f 722/1055 792/1141 800/1151 726/1061
f 801/1152 798/1149 687/1014 695/1025
f 802/1142 812/1153 729/1064 727/1056
f 803/1144 808/1154 703/1027 697/1018
f 704/1028 809/1155 804/1156 698/1029
f 730/1065 813/1157 805/1158 728/1057
f 692/1032 799/1159 806/1160 700/1033
f 731/1062 815/1161 797/1162 725/1063
f 807/1163 801/1164 695/1037 702/1036
f 808/1154 811/1165 712/1038 703/1027
f 713/1039 814/1166 809/1155 704/1028
f 700/1033 806/1160 810/1167 705/1040
f 800/1151 816/1168 732/1066 726/1061
f 811/1165 807/1163 702/1036 712/1038
f 812/1153 817/1169 733/1067 729/1064
f 734/1068 818/1170 813/1157 730/1065
f 705/1040 810/1167 814/1166 713/1039
f 735/1069 819/1171 815/1161 731/1062
f 816/1168 820/1172 736/1070 732/1066
f 817/1169 821/1173 746/1071 733/1067
f 749/1072 822/1174 818/1170 734/1068
f 751/1073 823/1175 819/1171 735/1069
f 820/1172 824/1176 756/1074 736/1070
f 821/1177 825/1178 759/1088 746/1087
f 762/1092 826/1179 822/1174 749/1072
f 763/1095 827/1180 823/1175 751/1073
f 824/1176 836/1181 766/1101 756/1074
f 825/1178 837/1182 767/1104 759/1088
f 770/1107 842/1183 826/1179 762/1092
f 771/1108 843/1184 827/1180 763/1095
f 828/1185 830/1186 739/1076 737/1075
f 829/1187 828/1185 737/1075 738/1077
f 830/1188 831/1189 740/1079 739/1190
f 831/1189 839/1191 747/1080 740/1079
f 742/1081 833/1192 832/1193 741/1082
f 748/1083 840/1194 833/1192 742/1081
f 741/1082 832/1193 834/1195 743/1084
f 743/1084 834/1195 835/1196 744/1085
f 836/1197 848/1198 774/1113 766/1112
f 837/1182 851/1199 778/1114 767/1104
f 838/1200 829/1187 738/1077 745/1086
f 839/1191 845/1201 753/1090 747/1080
f 754/1091 846/1202 840/1194 748/1083
f 744/1093 835/1203 841/1204 750/1094
f 787/1117 853/1205 842/1206 770/1118
f 775/1119 849/1207 843/1208 771/1120
f 844/1209 838/1200 745/1086 752/1096
f 845/1201 855/1210 760/1097 753/1090
f 761/1098 856/1211 846/1212 754/1099
f 750/1094 841/1204 847/1213 755/1100
f 848/1198 852/1214 786/1123 774/1113
f 778/1114 851/1199 849/1207 775/1119
f 850/1215 844/1209 752/1096 757/1102
f 852/1214 853/1205 787/1117 786/1123
f 755/1100 847/1213 854/1216 758/1103
f 855/1210 869/1217 768/1105 760/1097
f 769/1106 870/1218 856/1211 761/1098
f 857/1219 850/1220 757/1110 764/1109
f 858/1221 860/1222 779/1125 776/1124
f 859/1223 858/1221 776/1124 777/1126
f 860/1222 861/1224 780/1127 779/1125
f 861/1225 874/1226 793/1129 780/1128
f 784/1132 863/1227 862/1228 783/1133
f 796/1134 875/1229 863/1227 784/1132
f 783/1133 862/1228 864/1230 785/1135
f 785/1135 864/1230 865/1231 788/1136
f 758/1103 854/1216 866/1232 765/1111
f 867/1233 859/1223 777/1126 789/1137
f 868/1234 857/1219 764/1109 772/1121
f 869/1217 878/1235 781/1115 768/1105
f 782/1116 879/1236 870/1218 769/1106
f 765/1111 866/1232 871/1237 773/1122
f 788/1140 865/1238 872/1239 792/1141
f 873/1240 867/1233 789/1137 797/1148
f 874/1226 881/1241 802/1142 793/1129
f 805/1147 882/1242 875/1229 796/1134
f 792/1141 872/1239 876/1243 800/1151
f 877/1244 868/1234 772/1121 790/1138
f 878/1245 884/1246 794/1143 781/1247
f 795/1131 885/1248 879/1236 782/1116
f 773/1122 871/1237 880/1249 791/1139
f 881/1241 888/1250 812/1153 802/1142
f 813/1157 891/1251 882/1252 805/1158
f 815/1161 897/1253 873/1254 797/1162
f 883/1255 877/1244 790/1138 798/1149
f 884/1246 889/1256 803/1144 794/1143
f 804/1145 890/1257 885/1248 795/1131
f 791/1258 880/1259 886/1260 799/1159
f 876/1243 900/1261 816/1168 800/1151
f 887/1262 883/1255 798/1149 801/1152
f 888/1250 901/1263 817/1169 812/1153
f 889/1256 894/1264 808/1154 803/1144
f 809/1155 895/1265 890/1266 804/1156
f 818/1170 902/1267 891/1251 813/1157
f 799/1159 886/1260 892/1268 806/1160
f 893/1269 887/1270 801/1164 807/1163
f 894/1264 898/1271 811/1165 808/1154
f 814/1166 899/1272 895/1265 809/1155
f 806/1160 892/1268 896/1273 810/1167
f 819/1171 903/1274 897/1253 815/1161
f 898/1271 893/1269 807/1163 811/1165
f 810/1167 896/1273 899/1272 814/1166
f 900/1261 904/1275 820/1172 816/1168
f 901/1263 905/1276 821/1173 817/1169
f 822/1174 906/1277 902/1267 818/1170
f 823/1175 907/1278 903/1274 819/1171
f 904/1275 908/1279 824/1176 820/1172
f 905/1280 909/1281 825/1178 821/1177
f 826/1179 910/1282 906/1277 822/1174
f 827/1180 911/1283 907/1278 823/1175
f 908/1279 912/1284 836/1181 824/1176
f 909/1281 913/1285 837/1182 825/1178
f 842/1183 914/1286 910/1282 826/1179
f 843/1184 915/1287 911/1283 827/1180
f 912/1288 920/1289 848/1198 836/1197
f 913/1285 917/1290 851/1199 837/1182
f 853/1205 919/1291 914/1292 842/1206
f 849/1207 916/1293 915/1294 843/1208
f 851/1199 917/1290 916/1293 849/1207
f 918/1295 919/1291 853/1205 852/1214
f 920/1289 918/1295 852/1214 848/1198
f 921/1296 923/1297 860/1222 858/1221
f 922/1298 921/1296 858/1221 859/1223
f 923/1297 928/1299 861/1224 860/1222
f 862/1228 925/1300 924/1301 864/1230
f 863/1227 929/1302 925/1300 862/1228
f 864/1230 924/1301 926/1303 865/1231
f 927/1304 922/1298 859/1223 867/1233
f 928/1305 931/1306 874/1226 861/1225
f 875/1229 932/1307 929/1302 863/1227
f 865/1238 926/1308 930/1309 872/1239
f 931/1306 935/1310 881/1241 874/1226
f 882/1252 936/1311 932/1312 875/1313
f 933/1314 927/1304 867/1233 873/1240
f 872/1239 930/1309 934/1315 876/1243
f 935/1310 940/1316 888/1250 881/1241
f 891/1251 944/1317 936/1311 882/1252
f 897/1253 947/1318 933/1319 873/1254
f 934/1315 952/1320 900/1261 876/1243
f 937/1321 939/1322 830/1186 828/1185
f 938/1323 937/1321 828/1185 829/1187
f 939/1324 941/1325 831/1189 830/1188
f 940/1316 958/1326 901/1263 888/1250
f 941/1325 949/1327 839/1191 831/1189
f 833/1192 943/1328 942/1329 832/1193
f 840/1194 950/1330 943/1328 833/1192
f 902/1267 959/1331 944/1317 891/1251
f 832/1193 942/1329 945/1332 834/1195
f 834/1195 945/1332 946/1333 835/1196
f 903/1274 961/1334 947/1318 897/1253
f 948/1335 938/1323 829/1187 838/1200
f 949/1327 954/1336 845/1201 839/1191
f 846/1202 955/1337 950/1330 840/1194
f 835/1203 946/1338 951/1339 841/1204
f 952/1320 964/1340 904/1275 900/1261
f 953/1341 948/1335 838/1200 844/1209
f 954/1336 962/1342 855/1210 845/1201
f 856/1211 963/1343 955/1344 846/1212
f 841/1204 951/1339 956/1345 847/1213
f 957/1346 953/1341 844/1209 850/1215
f 958/1326 970/1347 905/1276 901/1263
f 906/1277 971/1348 959/1331 902/1267
f 847/1213 956/1345 960/1349 854/1216
f 907/1278 973/1350 961/1334 903/1274
f 962/1342 966/1351 869/1217 855/1210
f 870/1218 967/1352 963/1343 856/1211
f 964/1340 974/1353 908/1279 904/1275
f 965/1354 957/1355 850/1220 857/1219
f 966/1351 976/1356 878/1235 869/1217
f 879/1236 977/1357 967/1352 870/1218
f 854/1216 960/1349 968/1358 866/1232
f 969/1359 965/1354 857/1219 868/1234
f 970/1360 979/1361 909/1281 905/1280
f 910/1282 982/1362 971/1348 906/1277
f 866/1232 968/1358 972/1363 871/1237
f 911/1283 983/1364 973/1350 907/1278
f 974/1353 986/1365 912/1284 908/1279
f 975/1366 969/1359 868/1234 877/1244
f 976/1367 980/1368 884/1246 878/1245
f 885/1248 981/1369 977/1357 879/1236
f 871/1237 972/1363 978/1370 880/1249
f 979/1361 988/1371 913/1285 909/1281
f 980/1368 989/1372 889/1256 884/1246
f 890/1257 990/1373 981/1369 885/1248
f 914/1286 991/1374 982/1362 910/1282
f 915/1287 993/1375 983/1364 911/1283
f 984/1376 975/1366 877/1244 883/1255
f 880/1249 978/1370 985/1377 886/1378
f 986/1379 1004/1380 920/1289 912/1288
f 987/1381 984/1376 883/1255 887/1262
f 988/1371 996/1382 917/1290 913/1285
f 989/1372 998/1383 894/1264 889/1256
f 895/1265 999/1384 990/1385 890/1266
f 919/1291 1003/1386 991/1387 914/1292
f 886/1260 985/1388 992/1389 892/1268
f 916/1293 995/1390 993/1391 915/1294
f 994/1392 987/1393 887/1270 893/1269
f 917/1290 996/1382 995/1390 916/1293
f 997/1394 994/1392 893/1269 898/1271
f 998/1383 997/1394 898/1271 894/1264
f 899/1272 1000/1395 999/1384 895/1265
f 896/1273 1001/1396 1000/1395 899/1272
f 892/1268 992/1389 1001/1396 896/1273
f 1002/1397 1003/1386 919/1291 918/1295
f 1004/1380 1002/1397 918/1295 920/1289
f 1005/1398 1007/1399 923/1297 921/1296
f 1006/1400 1005/1398 921/1296 922/1298
f 1007/1399 1008/1401 928/1299 923/1297
f 1008/1402 1025/1403 931/1306 928/1305
f 1009/1404 1010/1405 939/1322 937/1321
f 1010/1406 1020/1407 941/1325 939/1324
f 943/1328 1021/1408 1011/1409 942/1329
f 942/1329 1011/1409 1012/1410 945/1332
f 929/1302 1014/1411 1013/1412 925/1300
f 932/1307 1028/1413 1014/1411 929/1302
f 925/1300 1013/1412 1015/1414 924/1301
f 924/1301 1015/1414 1016/1415 926/1303
f 1017/1416 1006/1400 922/1298 927/1304
f 1018/1417 1009/1404 937/1321 938/1323
f 1019/1418 1018/1417 938/1323 948/1335
f 1020/1407 1026/1419 949/1327 941/1325
f 950/1330 1027/1420 1021/1408 943/1328
f 945/1332 1012/1410 1022/1421 946/1333
f 946/1338 1022/1422 1023/1423 951/1339
f 926/1308 1016/1424 1024/1425 930/1309
f 1025/1403 1036/1426 935/1310 931/1306
f 1026/1419 1031/1427 954/1336 949/1327
f 955/1337 1032/1428 1027/1420 950/1330
f 936/1429 1037/1430 1028/1413 932/1307
f 1029/1431 1017/1416 927/1304 933/1314
f 1030/1432 1019/1418 948/1335 953/1341
f 1031/1427 1040/1433 962/1342 954/1336
f 963/1343 1041/1434 1032/1435 955/1344
f 951/1339 1023/1423 1033/1436 956/1345
f 930/1309 1024/1425 1034/1437 934/1315
f 1035/1438 1030/1439 953/1440 957/1355
f 1036/1426 1044/1441 940/1316
f 1036/1426 940/1316 935/1310
f 944/1442 1045/1443 1037/1444
f 944/1317 1037/1445 936/1311
f 956/1345 1033/1436 1038/1446 960/1349
f 1039/1447 1029/1448 933/1319 947/1318
f 1040/1433 1047/1449 966/1351 962/1342
f 967/1352 1048/1450 1041/1434 963/1343
f 934/1315 1034/1437 1042/1451 952/1320
f 1043/1452 1035/1438 957/1355 965/1354
f 1044/1441 1053/1453 958/1326 940/1316
f 959/1331 1056/1454 1045/1455 944/1317
f 960/1349 1038/1446 1046/1456 968/1358
f 1047/1449 1054/1457 976/1356 966/1351
f 977/1357 1055/1458 1048/1450 967/1352
f 1049/1459 1039/1447 947/1318 961/1334
f 1050/1460 1043/1452 965/1354 969/1359
f 968/1358 1046/1456 1051/1461 972/1363
f 952/1320 1042/1451 1052/1462 964/1340
f 1053/1453 1065/1463 970/1347 958/1326
f 1054/1464 1062/1465 980/1368 976/1367
f 981/1369 1063/1466 1055/1458 977/1357
f 971/1348 1068/1467 1056/1454 959/1331
f 1057/1468 1049/1459 961/1334 973/1350
f 1058/1469 1050/1460 969/1359 975/1366
f 972/1363 1051/1461 1059/1470 978/1370
f 964/1340 1052/1462 1060/1471 974/1353
f 1061/1472 1058/1469 975/1366 984/1376
f 1062/1465 1066/1473 989/1372 980/1368
f 990/1373 1067/1474 1063/1466 981/1369
f 978/1370 1059/1470 1064/1475 985/1377
f 1065/1476 1077/1477 979/1361 970/1360
f 1066/1473 1071/1478 998/1383 989/1372
f 999/1384 1072/1479 1067/1480 990/1385
f 982/1362 1078/1481 1068/1467 971/1348
f 1069/1482 1057/1468 973/1350 983/1364
f 1070/1483 1061/1472 984/1376 987/1381
f 1071/1478 1076/1484 997/1394 998/1383
f 1000/1395 1079/1485 1072/1479 999/1384
f 985/1388 1064/1486 1073/1487 992/1389
f 974/1353 1060/1471 1074/1488 986/1365
f 1075/1489 1070/1490 987/1393 994/1392
f 1076/1484 1075/1489 994/1392 997/1394
f 1077/1477 1081/1491 988/1371 979/1361
f 991/1374 1082/1492 1078/1481 982/1362
f 1001/1396 1080/1493 1079/1485 1000/1395
f 992/1389 1073/1487 1080/1493 1001/1396
f 993/1375 1083/1494 1069/1482 983/1364
f 1074/1495 1084/1496 1004/1380 986/1379
f 1081/1491 1086/1497 996/1382 988/1371
f 1003/1386 1088/1498 1082/1499 991/1387
f 995/1390 1085/1500 1083/1501 993/1391
f 1084/1496 1087/1502 1002/1397 1004/1380
f 996/1382 1086/1497 1085/1500 995/1390
f 1087/1502 1088/1498 1003/1386 1002/1397
f 1089/1503 1091/1504 1010/1405 1009/1404
f 1090/1505 1089/1503 1009/1404 1018/1417
f 1091/1506 1092/1507 1020/1407 1010/1406
f 1092/1507 1098/1508 1026/1419 1020/1407
f 1021/1408 1094/1509 1093/1510 1011/1409
f 1027/1420 1099/1511 1094/1509 1021/1408
f 1011/1409 1093/1510 1095/1512 1012/1410
f 1012/1410 1095/1512 1096/1513 1022/1421
f 1097/1514 1090/1505 1018/1417 1019/1418
f 1098/1508 1103/1515 1031/1427 1026/1419
f 1032/1428 1104/1516 1099/1511 1027/1420
f 1022/1422 1096/1517 1100/1518 1023/1423
f 1101/1519 1097/1514 1019/1418 1030/1432
f 1023/1423 1100/1518 1102/1520 1033/1436
f 1103/1515 1115/1521 1040/1433 1031/1427
f 1041/1434 1116/1522 1104/1523 1032/1435
f 1105/1524 1101/1525 1030/1439 1035/1438
f 1106/1526 1111/1527 1081/1491 1077/1477
f 1107/1528 1106/1526 1077/1477 1065/1476
f 1078/1481 1109/1529 1108/1530 1068/1467
f 1082/1492 1118/1531 1109/1529 1078/1481
f 1033/1436 1102/1520 1110/1532 1038/1446
f 1111/1527 1113/1533 1086/1497 1081/1491
f 1086/1497 1113/1533 1112/1534 1085/1500
f 1114/1535 1107/1536 1065/1463 1053/1453
f 1115/1521 1128/1537 1047/1449 1040/1433
f 1048/1450 1129/1538 1116/1522 1041/1434
f 1068/1467 1108/1530 1117/1539 1056/1454
f 1088/1498 1120/1540 1118/1541 1082/1499
f 1119/1542 1120/1540 1088/1498 1087/1502
f 1085/1500 1112/1534 1121/1543 1083/1501
f 1083/1494 1121/1544 1122/1545 1069/1482
f 1123/1546 1105/1524 1035/1438 1043/1452
f 1124/1547 1119/1542 1087/1502 1084/1496
f 1038/1446 1110/1532 1125/1548 1046/1456
f 1126/1549 1124/1547 1084/1496 1074/1495
f 1122/1545 1131/1550 1057/1468 1069/1482
f 1127/1551 1114/1535 1053/1453 1044/1441
f 1128/1537 1136/1552 1054/1457 1047/1449
f 1055/1458 1137/1553 1129/1538 1048/1450
f 1056/1454 1117/1539 1130/1554 1045/1455
f 1060/1471 1134/1555 1126/1556 1074/1488
f 1131/1550 1135/1557 1049/1459 1057/1468
f 1132/1558 1123/1546 1043/1452 1050/1460
f 1046/1456 1125/1548 1133/1559 1051/1461
f 1052/1462 1138/1560 1134/1555 1060/1471
f 1135/1557 1143/1561 1039/1447 1049/1459
f 1136/1552 1144/1562 1062/1563 1054/1457
f 1063/1466 1145/1564 1137/1553 1055/1458
f 1042/1451 1146/1565 1138/1560 1052/1462
f 1139/1566 1132/1558 1050/1460 1058/1469
f 1140/1567 1127/1551 1044/1441 1036/1426
f 1045/1455 1130/1554 1141/1568 1037/1445
f 1051/1461 1133/1559 1142/1569 1059/1470
f 1143/1561 1190/1570 1029/1448 1039/1447
f 1144/1571 1153/1572 1066/1473 1062/1465
f 1067/1474 1154/1573 1145/1564 1063/1466
f 1034/1437 1199/1574 1146/1565 1042/1451
f 1147/1575 1139/1566 1058/1469 1061/1472
f 1059/1470 1142/1569 1148/1576 1064/1475
f 1149/1577 1151/1578 1113/1533 1111/1527
f 1113/1533 1151/1578 1150/1579 1112/1534
f 1152/1580 1149/1577 1111/1527 1106/1526
f 1153/1572 1161/1581 1071/1478 1066/1473
f 1072/1479 1164/1582 1154/1583 1067/1480
f 1120/1540 1158/1584 1155/1585 1118/1541
f 1118/1531 1155/1586 1156/1587 1109/1529
f 1157/1588 1158/1584 1120/1540 1119/1542
f 1159/1589 1147/1575 1061/1472 1070/1483
f 1112/1534 1150/1579 1160/1590 1121/1543
f 1161/1581 1168/1591 1076/1484 1071/1478
f 1162/1592 1152/1593 1106/1594 1107/1536
f 1109/1529 1156/1587 1163/1595 1108/1530
f 1079/1485 1169/1596 1164/1582 1072/1479
f 1165/1597 1157/1588 1119/1542 1124/1547
f 1064/1486 1148/1598 1166/1599 1073/1487
f 1167/1600 1159/1601 1070/1490 1075/1489
f 1168/1591 1167/1600 1075/1489 1076/1484
f 1080/1493 1170/1602 1169/1596 1079/1485
f 1073/1487 1166/1599 1170/1602 1080/1493
f 1121/1544 1160/1603 1171/1604 1122/1545
f 1172/1605 1162/1592 1107/1536 1114/1535
f 1108/1530 1163/1595 1173/1606 1117/1539
f 1174/1607 1165/1597 1124/1547 1126/1549
f 1171/1604 1189/1608 1131/1550 1122/1545
f 1134/1555 1200/1609 1174/1610 1126/1556
f 1175/1611 1177/1612 1007/1399 1005/1398
f 1176/1613 1175/1611 1005/1398 1006/1400
f 1177/1612 1178/1614 1008/1401 1007/1399
f 1178/1615 1186/1616 1025/1403 1008/1402
f 1179/1617 1172/1605 1114/1535 1127/1551
f 1117/1539 1173/1606 1180/1618 1130/1554
f 1014/1411 1182/1619 1181/1620 1013/1412
f 1028/1413 1187/1621 1182/1619 1014/1411
f 1013/1412 1181/1620 1183/1622 1015/1414
f 1015/1414 1183/1622 1184/1623 1016/1415
f 1185/1624 1176/1613 1006/1400 1017/1416
f 1186/1616 1140/1567 1036/1426 1025/1403
f 1037/1445 1141/1568 1187/1625 1028/1626
f 1016/1424 1184/1627 1188/1628 1024/1425
f 1189/1608 1217/1629 1135/1557 1131/1550
f 1190/1630 1185/1624 1017/1416 1029/1431
f 1191/1631 1193/1632 1151/1633 1149/1634
f 1151/1633 1193/1632 1192/1635 1150/1636
f 1194/1637 1191/1631 1149/1634 1152/1638
f 1158/1639 1198/1640 1195/1641 1155/1642
f 1155/1642 1195/1641 1196/1643 1156/1644
f 1197/1645 1198/1640 1158/1639 1157/1646
f 1024/1425 1188/1628 1199/1574 1034/1437
f 1138/1560 1224/1647 1200/1609 1134/1555
f 1150/1636 1192/1635 1201/1648 1160/1649
f 1202/1650 1204/1651 1091/1504 1089/1503
f 1203/1652 1202/1650 1089/1503 1090/1505
f 1204/1651 1206/1653 1092/1654 1091/1504
f 1205/1655 1194/1656 1152/1593 1162/1592
f 1206/1657 1214/1658 1098/1508 1092/1507
f 1094/1509 1208/1659 1207/1660 1093/1510
f 1099/1511 1215/1661 1208/1659 1094/1509
f 1156/1587 1196/1662 1209/1663 1163/1595
f 1093/1510 1207/1660 1210/1664 1095/1512
f 1095/1512 1210/1664 1211/1665 1096/1513
f 1212/1666 1197/1667 1157/1588 1165/1597
f 1213/1668 1203/1652 1090/1505 1097/1514
f 1214/1658 1225/1669 1103/1515 1098/1508
f 1104/1516 1226/1670 1215/1661 1099/1511
f 1096/1517 1211/1671 1216/1672 1100/1518
f 1217/1629 1234/1673 1143/1561 1135/1557
f 1160/1603 1201/1674 1218/1675 1171/1604
f 1219/1676 1213/1668 1097/1514 1101/1519
f 1220/1677 1179/1617 1127/1551 1140/1567
f 1130/1554 1180/1618 1221/1678 1141/1568
f 1100/1518 1216/1672 1222/1679 1102/1520
f 1223/1680 1212/1666 1165/1597 1174/1607
f 1146/1565 1246/1681 1224/1647 1138/1560
f 1225/1669 1231/1682 1115/1521 1103/1515
f 1116/1522 1232/1683 1226/1684 1104/1523
f 1227/1685 1219/1676 1101/1519 1105/1686
f 1228/1687 1205/1655 1162/1592 1172/1605
f 1163/1595 1209/1663 1229/1688 1173/1606
f 1102/1520 1222/1679 1230/1689 1110/1532
f 1231/1682 1248/1690 1128/1537 1115/1521
f 1129/1538 1249/1691 1232/1683 1116/1522
f 1233/1692 1262/1693 1190/1570 1143/1561
f 1143/1561 1234/1673 1233/1692
f 1218/1675 1261/1694 1189/1608 1171/1604
f 1235/1695 1227/1696 1105/1524 1123/1546
f 1236/1697 1238/1698 1193/1632 1191/1631
f 1193/1632 1238/1698 1237/1699 1192/1635
f 1239/1700 1236/1697 1191/1631 1194/1637
f 1198/1640 1243/1701 1240/1702 1195/1641
f 1195/1641 1240/1702 1241/1703 1196/1643
f 1242/1704 1243/1701 1198/1640 1197/1645
f 1110/1532 1230/1689 1244/1705 1125/1548
f 1200/1609 1278/1706 1223/1707 1174/1610
f 1199/1574 1277/1708 1245/1709 1146/1565
f 1146/1565 1245/1709 1246/1681
f 1192/1635 1237/1699 1247/1710 1201/1648
f 1248/1690 1269/1711 1136/1552 1128/1537
f 1137/1553 1270/1712 1249/1691 1129/1538
f 1250/1713 1242/1704 1197/1645 1212/1714
f 1251/1715 1239/1716 1194/1656 1205/1655
f 1252/1717 1253/1718 1140/1567 1186/1616
f 1140/1567 1253/1718 1220/1677
f 1141/1568 1255/1719 1254/1720 1187/1625
f 1141/1568 1221/1678 1255/1719
f 1196/1662 1241/1721 1256/1722 1209/1663
f 1257/1723 1235/1695 1123/1546 1132/1558
f 1258/1724 1228/1687 1172/1605 1179/1617
f 1173/1606 1229/1688 1259/1725 1180/1618
f 1125/1548 1244/1705 1260/1726 1133/1559
f 1261/1694 1299/1727 1217/1629 1189/1608
f 1262/1728 1265/1729 1185/1624 1190/1630
f 1201/1674 1247/1730 1263/1731 1218/1675
f 1264/1732 1266/1733 1175/1611 1176/1613
f 1265/1729 1264/1732 1176/1613 1185/1624
f 1266/1733 1267/1734 1177/1612 1175/1611
f 1267/1734 1268/1735 1178/1614 1177/1612
f 1268/1736 1252/1717 1186/1616 1178/1615
f 1269/1711 1281/1737 1144/1562 1136/1552
f 1145/1564 1282/1738 1270/1712 1137/1553
f 1187/1621 1254/1739 1271/1740 1182/1619
f 1182/1619 1271/1740 1272/1741 1181/1620
f 1181/1620 1272/1741 1273/1742 1183/1622
f 1183/1622 1273/1742 1274/1743 1184/1623
f 1184/1627 1274/1744 1275/1745 1188/1628
f 1276/1746 1250/1713 1212/1714 1223/1747
f 1188/1628 1275/1745 1277/1708 1199/1574
f 1224/1647 1306/1748 1278/1706 1200/1609
f 1279/1749 1257/1723 1132/1558 1139/1566
f 1133/1559 1260/1726 1280/1750 1142/1569
f 1281/1751 1295/1752 1153/1572 1144/1571
f 1154/1573 1296/1753 1282/1738 1145/1564
f 1283/1754 1279/1749 1139/1566 1147/1575
f 1238/1698 1286/1755 1284/1756 1237/1699
f 1285/1757 1286/1755 1238/1698 1236/1697
f 1287/1758 1251/1715 1205/1655 1228/1687
f 1209/1663 1256/1722 1288/1759 1229/1688
f 1243/1701 1291/1760 1289/1761 1240/1702
f 1290/1762 1291/1760 1243/1701 1242/1704
f 1142/1569 1280/1750 1292/1763 1148/1576
f 1263/1731 1330/1764 1261/1694 1218/1675
f 1237/1699 1284/1756 1293/1765 1247/1710
f 1294/1766 1285/1757 1236/1697 1239/1700
f 1295/1752 1301/1767 1161/1581 1153/1572
f 1164/1582 1304/1768 1296/1769 1154/1583
f 1240/1702 1289/1761 1297/1770 1241/1703
f 1298/1771 1290/1762 1242/1704 1250/1713
f 1278/1706 1331/1772 1276/1773 1223/1707
f 1299/1727 1329/1774 1234/1673 1217/1629
f 1300/1775 1283/1754 1147/1575 1159/1589
f 1301/1767 1308/1776 1168/1591 1161/1581
f 1302/1777 1258/1724 1179/1617 1220/1677
f 1180/1618 1259/1725 1303/1778 1221/1678
f 1169/1596 1309/1779 1304/1768 1164/1582
f 1148/1598 1292/1780 1305/1781 1166/1599
f 1246/1681 1332/1782 1306/1748 1224/1647
f 1307/1783 1300/1775 1159/1589 1167/1784
f 1308/1776 1307/1785 1167/1600 1168/1591
f 1170/1602 1310/1786 1309/1779 1169/1596
f 1166/1599 1305/1781 1310/1786 1170/1602
f 1311/1787 1294/1766 1239/1700 1251/1788
f 1241/1721 1297/1789 1312/1790 1256/1722
f 1247/1730 1293/1791 1313/1792 1263/1731
f 1314/1793 1316/1794 1204/1651 1202/1650
f 1315/1795 1314/1793 1202/1650 1203/1652
f 1316/1794 1317/1796 1206/1653 1204/1651
f 1317/1797 1324/1798 1214/1658 1206/1657
f 1208/1659 1319/1799 1318/1800 1207/1660
f 1215/1661 1327/1801 1319/1799 1208/1659
f 1207/1660 1318/1800 1320/1802 1210/1664
f 1210/1664 1320/1802 1321/1803 1211/1665
f 1322/1804 1298/1771 1250/1713 1276/1746
f 1323/1805 1315/1795 1203/1652 1213/1668
f 1324/1798 1338/1806 1225/1669 1214/1658
f 1325/1807 1287/1758 1228/1687 1258/1724
f 1229/1688 1288/1759 1326/1808 1259/1725
f 1226/1670 1339/1809 1327/1801 1215/1661
f 1211/1671 1321/1810 1328/1811 1216/1672
f 1329/1774 1346/1812 1233/1692 1234/1673
f 1330/1764 1381/1813 1299/1727 1261/1694
f 1306/1748 1384/1814 1331/1772 1278/1706
f 1245/1709 1358/1815 1332/1782 1246/1681
f 1333/1816 1323/1805 1213/1668 1219/1676
f 1286/1755 1336/1817 1334/1818 1284/1756
f 1335/1819 1336/1817 1286/1755 1285/1757
f 1337/1820 1302/1777 1220/1677 1253/1718
f 1338/1806 1364/1821 1231/1682 1225/1669
f 1232/1683 1365/1822 1339/1823 1226/1684
f 1221/1678 1303/1778 1340/1824 1255/1719
f 1291/1760 1343/1825 1341/1826 1289/1761
f 1342/1827 1343/1825 1291/1760 1290/1762
f 1216/1672 1328/1811 1344/1828 1222/1679
f 1233/1692 1345/1829 1262/1693
f 1346/1812 1399/1830 1345/1829 1233/1692
f 1345/1831 1359/1832 1265/1729 1262/1728
f 1284/1756 1334/1818 1347/1833 1293/1765
f 1348/1834 1335/1819 1285/1757 1294/1766
f 1349/1835 1350/1836 1252/1717 1268/1736
f 1252/1717 1350/1836 1253/1718
f 1351/1837 1311/1838 1251/1715 1287/1758
f 1256/1722 1312/1790 1352/1839 1288/1759
f 1254/1739 1354/1840 1353/1841 1271/1740
f 1254/1720 1255/1719 1354/1842
f 1289/1761 1341/1826 1355/1843 1297/1770
f 1356/1844 1342/1827 1290/1762 1298/1771
f 1277/1708 1357/1845 1245/1709
f 1275/1745 1369/1846 1357/1845 1277/1708
f 1357/1845 1402/1847 1358/1815 1245/1709
f 1313/1792 1391/1848 1330/1764 1263/1731
f 1359/1832 1361/1849 1264/1732 1265/1729
f 1360/1850 1333/1816 1219/1676 1227/1685
f 1361/1849 1362/1851 1266/1733 1264/1732
f 1362/1851 1363/1852 1267/1734 1266/1733
f 1363/1853 1349/1835 1268/1736 1267/1854
f 1364/1821 1376/1855 1248/1690 1231/1682
f 1249/1691 1377/1856 1365/1822 1232/1683
f 1271/1740 1353/1841 1366/1857 1272/1741
f 1272/1741 1366/1857 1367/1858 1273/1742
f 1273/1742 1367/1858 1368/1859 1274/1743
f 1274/1744 1368/1860 1369/1846 1275/1745
f 1222/1679 1344/1828 1370/1861 1230/1689
f 1331/1772 1394/1862 1322/1863 1276/1773
f 1371/1864 1360/1865 1227/1696 1235/1695
f 1230/1689 1370/1861 1372/1866 1244/1705
f 1293/1791 1347/1867 1373/1868 1313/1792
f 1311/1838 1395/1869 1374/1870 1294/1871
f 1294/1766 1374/1872 1348/1834
f 1375/1873 1325/1807 1258/1724 1302/1777
f 1376/1855 1388/1874 1269/1711 1248/1690
f 1270/1712 1389/1875 1377/1856 1249/1691
f 1259/1725 1326/1808 1378/1876 1303/1778
f 1379/1877 1398/1878 1312/1790 1297/1789
f 1297/1789 1355/1879 1379/1877
f 1380/1880 1356/1844 1298/1771 1322/1804
f 1381/1813 1411/1881 1329/1774 1299/1727
f 1382/1882 1337/1820 1253/1718 1350/1836
f 1255/1719 1340/1824 1383/1883 1354/1842
f 1332/1782 1424/1884 1384/1814 1306/1748
f 1385/1885 1371/1864 1235/1695 1257/1723
f 1244/1705 1372/1866 1386/1886 1260/1726
f 1387/1887 1351/1837 1287/1758 1325/1807
f 1388/1874 1396/1888 1281/1737 1269/1711
f 1282/1738 1397/1889 1389/1875 1270/1712
f 1288/1759 1352/1839 1390/1890 1326/1808
f 1391/1848 1437/1891 1381/1813 1330/1764
f 1392/1892 1385/1885 1257/1723 1279/1749
f 1260/1726 1386/1886 1393/1893 1280/1750
f 1384/1814 1440/1894 1394/1862 1331/1772
f 1311/1838 1351/1837 1395/1869
f 1396/1895 1406/1896 1295/1752 1281/1751
f 1296/1753 1407/1897 1397/1889 1282/1738
f 1312/1790 1398/1878 1352/1839
f 1373/1868 1441/1898 1391/1848 1313/1792
f 1399/1899 1404/1900 1359/1832 1345/1831
f 1400/1901 1382/1882 1350/1836 1349/1835
f 1354/1840 1383/1902 1401/1903 1353/1841
f 1369/1846 1409/1904 1402/1847 1357/1845
f 1394/1862 1448/1905 1380/1906 1322/1863
f 1403/1907 1392/1892 1279/1749 1283/1754
f 1404/1900 1412/1908 1361/1849 1359/1832
f 1405/1909 1400/1910 1349/1911 1363/1912
f 1406/1896 1428/1913 1301/1767 1295/1752
f 1304/1768 1429/1914 1407/1915 1296/1769
f 1353/1841 1401/1903 1408/1916 1366/1857
f 1368/1860 1423/1917 1409/1904 1369/1846
f 1280/1750 1393/1893 1410/1918 1292/1763
f 1411/1881 1451/1919 1346/1812 1329/1774
f 1412/1908 1413/1920 1362/1851 1361/1849
f 1413/1921 1405/1909 1363/1912 1362/1922
f 1336/1817 1416/1923 1414/1924 1334/1818
f 1415/1925 1416/1923 1336/1817 1335/1819
f 1417/1926 1375/1873 1302/1777 1337/1820
f 1303/1778 1378/1876 1418/1927 1340/1824
f 1366/1857 1408/1916 1419/1928 1367/1858
f 1343/1825 1422/1929 1420/1930 1341/1826
f 1421/1931 1422/1929 1343/1825 1342/1827
f 1367/1932 1419/1933 1423/1934 1368/1935
f 1358/1815 1452/1936 1424/1884 1332/1782
f 1425/1937 1403/1907 1283/1754 1300/1775
f 1334/1818 1414/1924 1426/1938 1347/1833
f 1427/1939 1415/1925 1335/1819 1348/1834
f 1428/1913 1434/1940 1308/1776 1301/1767
f 1309/1779 1435/1941 1429/1914 1304/1768
f 1341/1826 1420/1930 1430/1942 1355/1843
f 1431/1943 1421/1931 1342/1827 1356/1844
f 1292/1780 1410/1944 1432/1945 1305/1781
f 1433/1946 1425/1947 1300/1948 1307/1785
f 1434/1940 1433/1946 1307/1785 1308/1776
f 1310/1786 1436/1949 1435/1941 1309/1779
f 1305/1781 1432/1945 1436/1949 1310/1786
f 1437/1891 1453/1950 1411/1881 1381/1813
f 1438/1951 1387/1887 1325/1807 1375/1873
f 1326/1808 1390/1890 1439/1952 1378/1876
f 1424/1884 1458/1953 1440/1894 1384/1814
f 1441/1898 1471/1954 1437/1891 1391/1848
f 1347/1867 1426/1955 1442/1956 1373/1868
f 1443/1957 1427/1939 1348/1834 1374/1872
f 1444/1958 1395/1869 1351/1837 1387/1887
f 1352/1839 1398/1878 1445/1959 1390/1890
f 1355/1879 1430/1960 1446/1961 1379/1877
f 1447/1962 1431/1943 1356/1844 1380/1880
f 1440/1894 1476/1963 1448/1905 1394/1862
f 1449/1964 1417/1926 1337/1820 1382/1882
f 1340/1824 1418/1927 1450/1965 1383/1883
f 1451/1919 1461/1966 1399/1830 1346/1812
f 1402/1847 1470/1967 1452/1936 1358/1815
f 1453/1950 1486/1968 1451/1919 1411/1881
f 1442/1956 1485/1969 1441/1898 1373/1868
f 1454/1970 1443/1971 1374/1870 1395/1869
f 1455/1972 1438/1951 1375/1873 1417/1926
f 1378/1876 1439/1952 1456/1973 1418/1927
f 1379/1877 1446/1961 1457/1974 1398/1878
f 1448/1905 1496/1975 1447/1976 1380/1906
f 1452/1936 1495/1977 1458/1953 1424/1884
f 1459/1978 1449/1964 1382/1882 1400/1901
f 1383/1902 1450/1979 1460/1980 1401/1903
f 1461/1981 1479/1982 1404/1900 1399/1899
f 1416/1923 1464/1983 1462/1984 1414/1924
f 1463/1985 1464/1983 1416/1923 1415/1925
f 1465/1986 1444/1958 1387/1887 1438/1951
f 1390/1890 1445/1959 1466/1987 1439/1952
f 1422/1929 1469/1988 1467/1989 1420/1930
f 1468/1990 1469/1988 1422/1929 1421/1931
f 1409/1904 1480/1991 1470/1967 1402/1847
f 1471/1954 1507/1992 1453/1950 1437/1891
f 1414/1924 1462/1984 1472/1993 1426/1938
f 1473/1994 1463/1985 1415/1925 1427/1939
f 1420/1930 1467/1989 1474/1995 1430/1942
f 1475/1996 1468/1990 1421/1931 1431/1943
f 1458/1953 1513/1997 1476/1963 1440/1894
f 1477/1998 1459/1978 1400/1901 1405/1999
f 1401/1903 1460/1980 1478/2000 1408/1916
f 1479/1982 1487/2001 1412/1908 1404/1900
f 1423/1917 1494/2002 1480/1991 1409/1904
f 1426/1955 1472/2003 1481/2004 1442/1956
f 1482/2005 1473/1994 1427/1939 1443/1957
f 1430/1960 1474/2006 1483/2007 1446/1961
f 1484/2008 1475/1996 1431/1943 1447/1962
f 1485/1969 1551/2009 1471/1954 1441/1898
f 1486/1968 1539/2010 1461/1966 1451/1919
f 1487/2011 1488/2012 1413/1921 1412/2013
f 1488/2012 1477/2014 1405/1909 1413/1921
f 1489/2015 1455/1972 1417/1926 1449/1964
f 1490/2016 1454/1970 1395/1869 1444/1958
f 1398/1878 1457/1974 1491/2017 1445/1959
f 1418/1927 1456/1973 1492/2018 1450/1965
f 1408/2019 1478/2020 1493/2021 1419/1933
f 1419/1933 1493/2021 1494/2022 1423/1934
f 1470/1967 1546/2023 1495/1977 1452/1936
f 1476/1963 1554/2024 1496/1975 1448/1905
f 1497/2025 1498/2026 1433/1946 1434/1940
f 1433/2027 1498/2028 1425/1937
f 1499/2029 1497/2025 1434/1940 1428/1913
f 1500/2030 1499/2029 1428/1913 1406/1896
f 1435/1941 1503/2031 1501/2032 1429/1914
f 1429/1914 1501/2032 1502/2033 1407/1915
f 1436/1949 1504/2034 1503/2031 1435/1941
f 1436/1949 1432/1945 1504/2034
f 1505/2035 1500/2030 1406/1896 1396/1895
f 1407/1897 1502/2036 1506/2037 1397/1889
f 1453/1950 1508/2038 1486/1968
f 1507/1992 1585/2039 1508/2038 1453/1950
f 1509/2040 1505/2041 1396/1888 1388/1874
f 1438/1951 1455/1972 1510/2042
f 1510/2042 1592/2043 1465/1986 1438/1951
f 1439/1952 1511/2044 1456/1973
f 1466/1987 1595/2045 1511/2044 1439/1952
f 1397/1889 1506/2037 1512/2046 1389/1875
f 1458/1953 1495/1977 1514/2047
f 1514/2047 1603/2048 1513/1997 1458/1953
f 1515/2049 1517/2050 1317/1797 1316/2051
f 1516/2052 1515/2053 1316/1794 1314/1793
f 1517/2050 1522/2054 1324/1798 1317/1797
f 1319/1799 1519/2055 1518/2056 1318/1800
f 1327/1801 1523/2057 1519/2055 1319/1799
f 1318/1800 1518/2056 1520/2058 1320/1802
f 1521/2059 1516/2052 1314/1793 1315/1795
f 1522/2054 1531/2060 1338/1806 1324/1798
f 1339/1809 1532/2061 1523/2057 1327/1801
f 1320/1802 1520/2058 1524/2062 1321/1803
f 1442/1956 1481/2004 1525/2063 1485/1969
f 1526/2064 1521/2059 1315/1795 1323/1805
f 1464/1983 1529/2065 1527/2066 1462/1984
f 1528/2067 1529/2065 1464/1983 1463/1985
f 1530/2068 1482/2069 1443/1971 1454/1970
f 1531/2060 1548/2070 1364/1821 1338/1806
f 1365/1822 1549/2071 1532/2072 1339/1823
f 1446/1961 1483/2007 1533/2073 1457/1974
f 1469/1988 1536/2074 1534/2075 1467/1989
f 1535/2076 1536/2074 1469/1988 1468/1990
f 1321/1810 1524/2077 1537/2078 1328/1811
f 1538/2079 1484/2080 1447/1976 1496/1975
f 1539/2081 1565/2082 1479/1982 1461/1981
f 1462/1984 1527/2066 1540/2083 1472/1993
f 1541/2084 1528/2067 1463/1985 1473/1994
f 1542/2085 1489/2015 1449/1964 1459/1978
f 1450/1979 1492/2086 1543/2087 1460/1980
f 1467/1989 1534/2075 1544/2088 1474/1995
f 1545/2089 1535/2076 1468/1990 1475/1996
f 1480/1991 1570/2090 1546/2023 1470/1967
f 1547/2091 1526/2064 1323/1805 1333/1816
f 1548/2070 1555/2092 1376/1855 1364/1821
f 1377/1856 1556/2093 1549/2071 1365/1822
f 1328/1811 1537/2078 1550/2094 1344/1828
f 1551/2009 1605/2095 1507/1992 1471/1954
f 1552/2096 1490/2016 1444/1958 1465/1986
f 1445/1959 1491/2017 1553/2097 1466/1987
f 1513/1997 1612/2098 1554/2024 1476/1963
f 1555/2092 1509/2040 1388/1874 1376/1855
f 1389/1875 1512/2046 1556/2093 1377/1856
f 1557/2099 1547/2091 1333/1816 1360/1850
f 1472/2003 1540/2100 1558/2101 1481/2004
f 1559/2102 1541/2084 1473/1994 1482/2005
f 1560/2103 1510/2042 1455/1972 1489/2015
f 1561/2104 1492/2018 1456/1973 1511/2044
f 1474/2006 1544/2105 1562/2106 1483/2007
f 1563/2107 1545/2089 1475/1996 1484/2008
f 1344/1828 1550/2094 1564/2108 1370/1861
f 1508/2038 1586/2109 1539/2010 1486/1968
f 1565/2082 1577/2110 1487/2001 1479/1982
f 1566/2111 1403/1907 1425/1937 1498/2028
f 1567/2112 1542/2085 1459/1978 1477/1998
f 1460/1980 1543/2087 1568/2113 1478/2000
f 1432/1945 1410/1944 1569/2114 1504/2034
f 1494/2002 1580/2115 1570/2090 1480/1991
f 1546/2023 1602/2116 1514/2047 1495/1977
f 1485/1969 1525/2063 1571/2117 1551/2009
f 1572/2118 1557/2119 1360/1865 1371/1864
f 1573/2120 1530/2068 1454/1970 1490/2016
f 1457/1974 1533/2073 1574/2121 1491/2017
f 1370/1861 1564/2108 1575/2122 1372/1866
f 1576/2123 1538/2079 1496/1975 1554/2024
f 1577/2110 1578/2124 1488/2125 1487/2001
f 1578/2126 1567/2127 1477/2014 1488/2012
f 1478/2000 1568/2113 1579/2128 1493/2129
f 1493/2021 1579/2130 1580/2131 1494/2022
f 1581/2132 1572/2118 1371/1864 1385/1885
f 1481/2004 1558/2101 1582/2133 1525/2063
f 1482/2069 1530/2068 1559/2134
f 1483/2007 1562/2106 1533/2073
f 1583/2135 1563/2136 1484/2080 1538/2079
f 1372/1866 1575/2122 1584/2137 1386/1886
f 1587/2138 1652/2139 1586/2109 1508/2038
f 1508/2038 1585/2039 1587/2138
f 1529/2065 1590/2140 1588/2141 1527/2066
f 1589/2142 1590/2140 1529/2065 1528/2067
f 1591/2143 1560/2103 1489/2015 1542/2085
f 1593/2144 1592/2043 1510/2042 1560/2103
f 1594/2145 1552/2096 1465/1986 1592/2043
f 1466/1987 1553/2097 1596/2146 1595/2045
f 1511/2044 1595/2045 1597/2147 1561/2104
f 1492/2086 1561/2148 1598/2149 1543/2087
f 1536/2074 1601/2150 1599/2151 1534/2075
f 1600/2152 1601/2150 1536/2074 1535/2076
f 1602/2116 1657/2153 1604/2154 1514/2047
f 1514/2047 1604/2154 1603/2048
f 1605/2095 1668/2155 1585/2039 1507/1992
f 1586/2156 1649/2157 1565/2082 1539/2081
f 1606/2158 1607/2159 1497/2025 1499/2029
f 1607/2159 1615/2160 1498/2026 1497/2025
f 1608/2161 1606/2158 1499/2029 1500/2030
f 1503/2031 1611/2162 1609/2163 1501/2032
f 1501/2032 1609/2163 1610/2164 1502/2033
f 1504/2034 1620/2165 1611/2162 1503/2031
f 1570/2090 1650/2166 1602/2116 1546/2023
f 1603/2048 1673/2167 1612/2098 1513/1997
f 1613/2168 1581/2132 1385/1885 1392/1892
f 1527/2066 1588/2141 1614/2169 1540/2083
f 1498/2026 1615/2160 1566/2170
f 1616/2171 1589/2142 1528/2067 1541/2084
f 1617/2172 1608/2161 1500/2030 1505/2035
f 1502/2036 1610/2173 1618/2174 1506/2037
f 1534/2075 1599/2151 1619/2175 1544/2088
f 1504/2034 1569/2114 1620/2165
f 1621/2176 1600/2152 1535/2076 1545/2089
f 1386/1886 1584/2137 1622/2177 1393/1893
f 1623/2178 1617/2179 1505/2041 1509/2040
f 1506/2037 1618/2174 1624/2180 1512/2046
f 1625/2181 1613/2168 1392/1892 1403/1907
f 1393/1893 1622/2177 1626/2182 1410/1918
f 1627/2183 1629/2184 1517/2050 1515/2049
f 1628/2185 1627/2186 1515/2053 1516/2052
f 1629/2184 1630/2187 1522/2054 1517/2050
f 1630/2187 1685/2188 1531/2060 1522/2054
f 1631/2189 1623/2178 1509/2040
f 1631/2189 1509/2040 1555/2092
f 1512/2046 1624/2180 1632/2190
f 1512/2046 1632/2190 1556/2093
f 1523/2057 1634/2191 1633/2192 1519/2055
f 1532/2061 1686/2193 1634/2191 1523/2057
f 1519/2055 1633/2192 1635/2194 1518/2056
f 1518/2056 1635/2194 1636/2195 1520/2058
f 1551/2009 1571/2117 1637/2196 1605/2095
f 1566/2111 1713/2197 1638/2198 1403/1907
f 1403/1907 1638/2198 1625/2181
f 1540/2100 1614/2199 1639/2200 1558/2101
f 1640/2201 1628/2185 1516/2052 1521/2059
f 1641/2202 1591/2143 1542/2085 1567/2112
f 1559/2203 1705/2204 1616/2205
f 1559/2206 1616/2207 1541/2208
f 1490/2016 1552/2096 1642/2209
f 1642/2210 1708/2211 1573/2212
f 1642/2209 1573/2120 1490/2016
f 1491/2017 1643/2213 1553/2097
f 1574/2214 1708/2211 1643/2215
f 1574/2121 1643/2213 1491/2017
f 1619/2175 1710/2216 1562/2217
f 1619/2218 1562/2106 1544/2105
f 1543/2087 1598/2149 1644/2219 1568/2113
f 1520/2058 1636/2195 1645/2220 1524/2062
f 1646/2221 1621/2176 1545/2089 1563/2107
f 1647/2222 1727/2223 1569/2114 1410/1944
f 1410/1918 1626/2182 1647/2224
f 1648/2225 1576/2123 1554/2024 1612/2098
f 1649/2157 1662/2226 1577/2110 1565/2082
f 1580/2115 1663/2227 1650/2166 1570/2090
f 1525/2063 1582/2133 1651/2228 1571/2117
f 1652/2229 1677/2230 1649/2157 1586/2156
f 1653/2231 1640/2201 1521/2059 1526/2064
f 1591/2143 1678/2232 1654/2233 1560/2103
f 1654/2233 1692/2234 1593/2144 1560/2103
f 1655/2235 1681/2236 1598/2149 1561/2148
f 1597/2237 1699/2238 1655/2235 1561/2148
f 1524/2062 1645/2220 1656/2239 1537/2240
f 1650/2166 1682/2241 1657/2153 1602/2116
f 1658/2242 1583/2135 1538/2079 1576/2123
f 1659/2243 1641/2244 1567/2245 1578/2124
f 1568/2113 1644/2219 1660/2246 1579/2128
f 1661/2247 1653/2231 1526/2064 1547/2091
f 1662/2226 1659/2243 1578/2124 1577/2110
f 1579/2128 1660/2246 1663/2248 1580/2249
f 1537/2078 1656/2250 1664/2251 1550/2094
f 1592/2043 1593/2144 1665/2252
f 1665/2252 1760/2253 1594/2145 1592/2043
f 1595/2045 1666/2254 1597/2147
f 1596/2146 1763/2255 1666/2254 1595/2045
f 1585/2039 1669/2256 1667/2257 1587/2138
f 1585/2039 1668/2155 1669/2256
f 1558/2101 1639/2200 1670/2258 1582/2133
f 1671/2259 1646/2260 1563/2136 1583/2135
f 1672/2261 1674/2262 1603/2048 1604/2154
f 1603/2048 1674/2262 1673/2167
f 1675/2263 1661/2247 1547/2091 1557/2099
f 1550/2094 1664/2251 1676/2264 1564/2108
f 1677/2230 1714/2265 1662/2226 1649/2157
f 1641/2202 1715/2266 1678/2232 1591/2143
f 1552/2096 1594/2145 1679/2267
f 1679/2268 1745/2269 1642/2210
f 1679/2267 1642/2209 1552/2096
f 1553/2097 1680/2270 1596/2146
f 1643/2215 1745/2269 1680/2271
f 1643/2213 1680/2270 1553/2097
f 1681/2236 1725/2272 1644/2219 1598/2149
f 1663/2227 1726/2273 1682/2241 1650/2166
f 1667/2274 1729/2275 1652/2229 1587/2276
f 1590/2277 1684/2278 1683/2279 1588/2280
f 1589/2281 1691/2282 1684/2278 1590/2277
f 1531/2283 1685/2284 1548/2285
f 1532/2286 1549/2287 1686/2288
f 1687/2289 1700/2290 1599/2291 1601/2292
f 1688/2293 1687/2289 1601/2292 1600/2294
f 1657/2153 1736/2295 1672/2261 1604/2154
f 1605/2095 1637/2196 1689/2296 1668/2155
f 1588/2141 1683/2297 1690/2298 1614/2169
f 1616/2205 1705/2204 1691/2299
f 1616/2300 1691/2282 1589/2281
f 1692/2234 1796/2301 1665/2252 1593/2144
f 1530/2302 1694/2303 1693/2304 1559/2203
f 1573/2212 1708/2211 1694/2303 1530/2302
f 1695/2305 1697/2306 1555/2307 1548/2285
f 1548/2285 1685/2284 1696/2308 1695/2305
f 1697/2306 1698/2309 1631/2310 1555/2307
f 1695/2305 1549/2287 1556/2311 1697/2306
f 1696/2308 1686/2288 1549/2287 1695/2305
f 1632/2312 1698/2309 1697/2306 1556/2311
f 1533/2313 1562/2217 1693/2304 1694/2303
f 1694/2303 1708/2211 1574/2214 1533/2313
f 1666/2254 1798/2314 1699/2315 1597/2147
f 1700/2316 1710/2216 1619/2175
f 1700/2316 1619/2175 1599/2151
f 1701/2317 1688/2293 1600/2294 1621/2318
f 1702/2319 1648/2225 1612/2098 1673/2167
f 1703/2320 1675/2321 1557/2119 1572/2118
f 1704/2322 1705/2204 1559/2203 1693/2304
f 1685/2284 1707/2323 1706/2324 1696/2308
f 1630/2325 1629/2326 1707/2323
f 1630/2325 1707/2323 1685/2284
f 1562/2217 1710/2216 1704/2322 1693/2304
f 1706/2324 1709/2327 1686/2288 1696/2308
f 1709/2327 1633/2328 1634/2329
f 1709/2327 1634/2329 1686/2288
f 1564/2108 1676/2264 1711/2330 1575/2122
f 1571/2117 1651/2228 1712/2331 1637/2196
f 1615/2160 1754/2332 1713/2333 1566/2170
f 1714/2265 1730/2334 1659/2243 1662/2226
f 1659/2243 1730/2334 1715/2335 1641/2244
f 1716/2336 1717/2337 1606/2158 1608/2161
f 1717/2337 1731/2338 1607/2159 1606/2158
f 1718/2339 1716/2336 1608/2161 1617/2172
f 1623/2340 1770/2341 1718/2342
f 1623/2178 1718/2343 1617/2179
f 1707/2323 1720/2344 1719/2345 1706/2324
f 1629/2326 1744/2346 1720/2344 1707/2323
f 1719/2345 1721/2347 1709/2327 1706/2324
f 1721/2347 1749/2348 1633/2328 1709/2327
f 1610/2173 1723/2349 1722/2350 1618/2174
f 1722/2351 1771/2352 1624/2353
f 1722/2350 1624/2180 1618/2174
f 1609/2163 1724/2354 1723/2355 1610/2164
f 1611/2162 1734/2356 1724/2354 1609/2163
f 1725/2272 1735/2357 1660/2246 1644/2219
f 1660/2246 1735/2357 1726/2358 1663/2248
f 1727/2223 1766/2359 1620/2165 1569/2114
f 1576/2123 1648/2225 1728/2360 1658/2242
f 1729/2275 1775/2361 1677/2230 1652/2229
f 1731/2338 1754/2332 1615/2160 1607/2159
f 1698/2309 1733/2362 1623/2340 1631/2310
f 1720/2344 1743/2363 1732/2364 1719/2345
f 1732/2364 1746/2365 1721/2347 1719/2345
f 1624/2353 1733/2362 1698/2309 1632/2312
f 1620/2165 1766/2359 1734/2356 1611/2162
f 1682/2241 1778/2366 1736/2295 1657/2153
f 1582/2133 1670/2258 1737/2367 1651/2228
f 1738/2368 1703/2320 1572/2118 1581/2132
f 1614/2199 1690/2369 1739/2370 1639/2200
f 1654/2233 1678/2232 1740/2371
f 1740/2371 1819/2372 1692/2234 1654/2233
f 1741/2373 1742/2374 1705/2204 1704/2322
f 1742/2374 1757/2375 1691/2299 1705/2204
f 1744/2346 1759/2376 1743/2363 1720/2344
f 1745/2269 1643/2215 1708/2211 1642/2210
f 1710/2216 1748/2377 1741/2373 1704/2322
f 1743/2363 1758/2378 1747/2379 1732/2364
f 1747/2379 1761/2380 1746/2365 1732/2364
f 1700/2316 1764/2381 1748/2377 1710/2216
f 1746/2365 1765/2382 1749/2348 1721/2347
f 1655/2235 1750/2383 1681/2236
f 1699/2238 1820/2384 1750/2383 1655/2235
f 1751/2385 1701/2317 1621/2318 1646/2386
f 1575/2122 1711/2330 1752/2387 1584/2137
f 1753/2388 1671/2259 1583/2135 1658/2242
f 1629/2326 1627/2389 1744/2346
f 1755/2390 1756/2391 1742/2374 1741/2373
f 1756/2391 1768/2392 1757/2375 1742/2374
f 1759/2376 1767/2393 1758/2378 1743/2363
f 1760/2394 1797/2395 1679/2268
f 1760/2253 1679/2267 1594/2145
f 1748/2377 1762/2396 1755/2390 1741/2373
f 1758/2378 1756/2391 1755/2390 1747/2379
f 1755/2390 1762/2396 1761/2380 1747/2379
f 1680/2271 1797/2395 1763/2397
f 1680/2270 1763/2255 1596/2146
f 1764/2381 1773/2398 1762/2396 1748/2377
f 1761/2380 1772/2399 1765/2382 1746/2365
f 1633/2328 1749/2348 1635/2400
f 1767/2393 1768/2392 1756/2391 1758/2378
f 1769/2401 1770/2341 1623/2340 1733/2362
f 1624/2353 1771/2352 1769/2401 1733/2362
f 1762/2396 1773/2398 1772/2399 1761/2380
f 1774/2402 1738/2368 1581/2132 1613/2168
f 1775/2361 1794/2403 1714/2265 1677/2230
f 1776/2404 1740/2371 1678/2232 1715/2266
f 1681/2236 1750/2383 1777/2405 1725/2272
f 1726/2273 1800/2406 1778/2366 1682/2241
f 1584/2137 1752/2387 1779/2407 1622/2177
f 1627/2389 1780/2408 1759/2376 1744/2346
f 1780/2408 1785/2409 1767/2393 1759/2376
f 1765/2382 1781/2410 1635/2400 1749/2348
f 1772/2399 1788/2411 1781/2410 1765/2382
f 1668/2155 1783/2412 1782/2413 1669/2256
f 1668/2155 1689/2296 1783/2412
f 1784/2414 1684/2415 1691/2299
f 1784/2414 1691/2299 1757/2375
f 1768/2392 1786/2416 1784/2414 1757/2375
f 1785/2409 1786/2416 1768/2392 1767/2393
f 1787/2417 1789/2418 1773/2398 1764/2381
f 1700/2316 1687/2419 1787/2417
f 1700/2316 1787/2417 1764/2381
f 1773/2398 1789/2418 1788/2411 1772/2399
f 1790/2420 1791/2421 1673/2167 1674/2262
f 1673/2167 1791/2421 1702/2319
f 1792/2422 1774/2402 1613/2168 1625/2181
f 1639/2200 1739/2370 1793/2423 1670/2258
f 1794/2403 1804/2424 1730/2334 1714/2265
f 1730/2334 1804/2424 1795/2425 1715/2335
f 1715/2335 1795/2425 1776/2426
f 1665/2252 1796/2301 1760/2253
f 1797/2395 1680/2271 1745/2269 1679/2268
f 1666/2254 1763/2255 1798/2314
f 1799/2427 1805/2428 1735/2357 1725/2272
f 1725/2272 1777/2405 1799/2427
f 1735/2357 1805/2428 1800/2429 1726/2358
f 1801/2430 1751/2431 1646/2260 1671/2259
f 1622/2177 1779/2407 1802/2432 1626/2182
f 1803/2433 1828/2434 1729/2275 1667/2274
f 1669/2256 1836/2435 1803/2436
f 1669/2256 1803/2436 1667/2257
f 1628/2437 1807/2438 1780/2408 1627/2389
f 1781/2410 1813/2439 1636/2440 1635/2400
f 1736/2295 1829/2441 1806/2442 1672/2261
f 1806/2442 1844/2443 1674/2262
f 1806/2442 1674/2262 1672/2261
f 1786/2416 1818/2444 1684/2415 1784/2414
f 1807/2438 1817/2445 1785/2409 1780/2408
f 1808/2446 1809/2447 1718/2342 1770/2341
f 1718/2342 1809/2447 1716/2448
f 1810/2449 1808/2446 1770/2341 1769/2401
f 1771/2352 1811/2450 1810/2449 1769/2401
f 1722/2351 1812/2451 1811/2450 1771/2352
f 1722/2351 1723/2452 1812/2451
f 1687/2419 1822/2453 1789/2418 1787/2417
f 1788/2411 1821/2454 1813/2439 1781/2410
f 1814/2455 1792/2422 1625/2181 1638/2198
f 1683/2279 1816/2456 1815/2457 1690/2458
f 1683/2279 1684/2278 1816/2456
f 1817/2445 1818/2444 1786/2416 1785/2409
f 1809/2459 1832/2460 1717/2337 1716/2336
f 1692/2234 1819/2372 1796/2301
f 1699/2238 1798/2461 1820/2384
f 1724/2462 1833/2463 1812/2451 1723/2452
f 1789/2418 1822/2453 1821/2454 1788/2411
f 1688/2293 1823/2464 1687/2289
f 1824/2465 1823/2464 1688/2293 1701/2317
f 1626/2182 1802/2432 1825/2466 1647/2224
f 1826/2467 1689/2296 1637/2196 1712/2331
f 1651/2228 1737/2367 1827/2468 1712/2331
f 1828/2434 1838/2469 1775/2361 1729/2275
f 1778/2366 1843/2470 1829/2441 1736/2295
f 1830/2471 1753/2388 1658/2242 1728/2360
f 1648/2225 1702/2319 1831/2472 1728/2360
f 1832/2460 1840/2473 1731/2338 1717/2337
f 1734/2356 1841/2474 1833/2475 1724/2354
f 1834/2476 1819/2372 1740/2371 1776/2404
f 1750/2383 1820/2384 1835/2477 1777/2405
f 1669/2256 1782/2413 1837/2478 1836/2435
f 1838/2469 1857/2479 1794/2403 1775/2361
f 1690/2369 1815/2480 1839/2481 1739/2370
f 1840/2473 1866/2482 1754/2332 1731/2338
f 1818/2444 1848/2483 1816/2484 1684/2415
f 1823/2485 1854/2486 1822/2453 1687/2419
f 1766/2359 1873/2487 1841/2474 1734/2356
f 1842/2488 1824/2465 1701/2317 1751/2385
f 1800/2406 1864/2489 1843/2470 1778/2366
f 1845/2490 1790/2420 1674/2262 1844/2443
f 1670/2258 1793/2423 1846/2491 1737/2367
f 1847/2492 1848/2483 1818/2444 1817/2445
f 1849/2493 1847/2492 1817/2445 1807/2438
f 1628/2437 1858/2494 1849/2493 1807/2438
f 1850/2495 1834/2496 1776/2426 1795/2425
f 1851/2497 1763/2397 1797/2395 1760/2394
f 1777/2405 1835/2477 1852/2498 1799/2427
f 1822/2453 1854/2486 1853/2499 1821/2454
f 1821/2454 1853/2499 1855/2500 1813/2439
f 1855/2500 1863/2501 1636/2440 1813/2439
f 1856/2502 1801/2430 1671/2259 1753/2388
f 1857/2479 1859/2503 1804/2424 1794/2403
f 1628/2185 1640/2201 1858/2504
f 1859/2503 1850/2495 1795/2425 1804/2424
f 1860/2505 1851/2497 1760/2394 1796/2506
f 1763/2397 1851/2497 1861/2507 1798/2508
f 1799/2427 1852/2498 1862/2509 1805/2428
f 1636/2440 1863/2501 1645/2510
f 1805/2428 1862/2509 1864/2511 1800/2429
f 1754/2332 1866/2482 1865/2512 1713/2333
f 1810/2449 1870/2513 1867/2514 1808/2446
f 1808/2446 1867/2514 1868/2515
f 1808/2446 1868/2515 1809/2447
f 1869/2516 1870/2513 1810/2449 1811/2450
f 1871/2517 1869/2516 1811/2450
f 1871/2517 1811/2450 1812/2451
f 1872/2518 1873/2487 1766/2359 1727/2223
f 1713/2197 1865/2519 1638/2198
f 1874/2520 1858/2504 1640/2201 1653/2231
f 1875/2521 1874/2520 1653/2231 1661/2247
f 1809/2447 1868/2515 1876/2522 1832/2523
f 1877/2524 1860/2525 1796/2301 1819/2372
f 1798/2461 1861/2526 1878/2527 1820/2384
f 1879/2528 1871/2517 1812/2451 1833/2463
f 1645/2529 1863/2530 1880/2531 1656/2250
f 1656/2250 1880/2531 1881/2532 1664/2251
f 1727/2223 1647/2222 1872/2518
f 1836/2533 1893/2534 1828/2434 1803/2433
f 1739/2370 1839/2481 1882/2535 1793/2423
f 1848/2483 1887/2536 1815/2537 1816/2484
f 1824/2538 1891/2539 1854/2486 1823/2485
f 1883/2540 1842/2488 1751/2385 1801/2541
f 1829/2441 1900/2542 1844/2443 1806/2442
f 1884/2543 1886/2544 1847/2492 1849/2493
f 1849/2493 1858/2494 1884/2543
f 1853/2499 1890/2545 1885/2546 1855/2500
f 1855/2500 1885/2546 1863/2501
f 1886/2544 1887/2536 1848/2483 1847/2492
f 1876/2522 1914/2547 1840/2548 1832/2523
f 1888/2549 1877/2524 1819/2372 1834/2476
f 1820/2384 1878/2527 1889/2550 1835/2477
f 1841/2474 1920/2551 1879/2552 1833/2475
f 1854/2486 1891/2539 1890/2545 1853/2499
f 1712/2331 1827/2468 1892/2553 1826/2467
f 1893/2534 1906/2554 1838/2469 1828/2434
f 1894/2555 1875/2521 1661/2247 1675/2263
f 1895/2556 1896/2557 1868/2515 1867/2514
f 1868/2515 1896/2557 1876/2522
f 1871/2517 1898/2558 1897/2559 1869/2516
f 1871/2517 1879/2528 1898/2558
f 1664/2251 1881/2532 1899/2560 1676/2264
f 1843/2470 1910/2561 1900/2542 1829/2441
f 1728/2360 1831/2472 1901/2562 1830/2471
f 1902/2563 1783/2412 1689/2296 1826/2467
f 1874/2564 1932/2565 1884/2566 1858/2567
f 1885/2546 1935/2568 1880/2569 1863/2501
f 1702/2319 1791/2421 1903/2570 1831/2472
f 1737/2367 1846/2491 1904/2571 1827/2468
f 1905/2572 1814/2455 1638/2198 1865/2519
f 1906/2554 1913/2573 1857/2479 1838/2469
f 1907/2574 1888/2575 1834/2496 1850/2495
f 1908/2576 1861/2507 1851/2497 1860/2505
f 1835/2477 1889/2550 1909/2577 1852/2498
f 1864/2489 1921/2578 1910/2561 1843/2470
f 1647/2222 1825/2579 1911/2580 1872/2518
f 1912/2581 1856/2502 1753/2388 1830/2471
f 1913/2573 1923/2582 1859/2503 1857/2479
f 1914/2583 1939/2584 1866/2482 1840/2473
f 1859/2503 1923/2582 1915/2585 1850/2495
f 1850/2495 1915/2585 1907/2574
f 1870/2513 1918/2586 1916/2587 1867/2514
f 1867/2514 1916/2587 1895/2556
f 1917/2588 1918/2586 1870/2513 1869/2516
f 1869/2516 1897/2559 1917/2588
f 1919/2589 1926/2590 1862/2509 1852/2498
f 1852/2498 1909/2577 1919/2589
f 1873/2487 1941/2591 1920/2551 1841/2474
f 1862/2509 1926/2590 1921/2592 1864/2511
f 1922/2593 1894/2594 1675/2321 1703/2320
f 1924/2595 1908/2576 1860/2505 1877/2596
f 1861/2526 1908/2597 1925/2598 1878/2527
f 1676/2264 1899/2560 1927/2599 1711/2330
f 1793/2423 1882/2535 1928/2600 1846/2491
f 1929/2601 1930/2602 1815/2480 1887/2603
f 1815/2604 1930/2605 1839/2606
f 1931/2607 1929/2601 1887/2603 1886/2608
f 1932/2565 1931/2607 1886/2608 1884/2566
f 1891/2609 1934/2610 1933/2611 1890/2612
f 1824/2613 1936/2614 1934/2610 1891/2609
f 1890/2612 1933/2611 1935/2615 1885/2616
f 1824/2465 1842/2488 1936/2617
f 1937/2618 1883/2619 1801/2430 1856/2502
f 1938/2620 1922/2593 1703/2320 1738/2368
f 1866/2621 1939/2622 1940/2623 1865/2519
f 1942/2624 1941/2591 1873/2487 1872/2518
f 1711/2330 1927/2599 1943/2625 1752/2387
f 1944/2626 1924/2627 1877/2524 1888/2549
f 1878/2527 1925/2598 1945/2628 1889/2550
f 1946/2629 1882/2535 1839/2481 1930/2602
f 1947/2630 1948/2631 1876/2522 1896/2557
f 1876/2522 1948/2631 1914/2547
f 1879/2528 1950/2632 1949/2633 1898/2558
f 1879/2528 1920/2634 1950/2632
f 1842/2488 1883/2540 1951/2635 1936/2617
f 1952/2636 1938/2620 1738/2368 1774/2402
f 1953/2637 1980/2638 1932/2565 1874/2564
f 1874/2520 1875/2521 1953/2639
f 1954/2640 1947/2630 1896/2557 1895/2556
f 1955/2641 1954/2640 1895/2556 1916/2587
f 1898/2558 1949/2633 1956/2642 1897/2559
f 1897/2559 1956/2642 1957/2643 1917/2588
f 1935/2615 1989/2644 1958/2645 1880/2531
f 1880/2531 1958/2645 1881/2532
f 1752/2387 1943/2625 1959/2646 1779/2407
f 1960/2647 1968/2648 1906/2554 1893/2534
f 1961/2649 1960/2647 1893/2534 1836/2533
f 1962/2650 1944/2626 1888/2549 1907/2651
f 1889/2550 1945/2628 1963/2652 1909/2577
f 1910/2561 1973/2653 1964/2654 1900/2542
f 1900/2542 1964/2654 1965/2655 1844/2443
f 1966/2656 1902/2563 1826/2467 1892/2553
f 1827/2468 1904/2571 1967/2657 1892/2553
f 1968/2648 1969/2658 1913/2573 1906/2554
f 1969/2658 1970/2659 1923/2582 1913/2573
f 1970/2659 1981/2660 1915/2585 1923/2582
f 1919/2589 1986/2661 1971/2662 1926/2590
f 1926/2590 1971/2662 1972/2663 1921/2592
f 1921/2578 1972/2664 1973/2653 1910/2561
f 1974/2665 1912/2581 1830/2471 1901/2562
f 1831/2472 1903/2570 1975/2666 1901/2562
f 1976/2667 1961/2668 1836/2435 1837/2478
f 1977/2669 1952/2636 1774/2402 1792/2422
f 1978/2670 1979/2671 1929/2601 1931/2607
f 1979/2671 1946/2629 1930/2602 1929/2601
f 1980/2638 1978/2670 1931/2607 1932/2565
f 1948/2631 2004/2672 1939/2673 1914/2547
f 1981/2660 1962/2674 1907/2574 1915/2585
f 1918/2586 1985/2675 1982/2676 1916/2587
f 1916/2587 1982/2676 1955/2641
f 1983/2677 1925/2598 1908/2597 1924/2678
f 1984/2679 1985/2675 1918/2586 1917/2588
f 1917/2588 1957/2643 1984/2679
f 1909/2577 1963/2652 1986/2661 1919/2589
f 1941/2591 2006/2680 1950/2681 1920/2551
f 1934/2610 1988/2682 1987/2683 1933/2611
f 1936/2614 1951/2684 1988/2682 1934/2610
f 1933/2611 1987/2683 1989/2644 1935/2615
f 1779/2407 1959/2646 1990/2685 1802/2432
f 1844/2443 1965/2655 1991/2686 1845/2490
f 1846/2491 1928/2600 1992/2687 1904/2571
f 1993/2688 1953/2639 1875/2521 1894/2555
f 1865/2519 1940/2623 1905/2572
f 1872/2518 1911/2580 1942/2624
f 1881/2532 1958/2645 1994/2689 1899/2560
f 1995/2690 1937/2618 1856/2502 1912/2581
f 1996/2691 1977/2669 1792/2422 1814/2455
f 1802/2432 1990/2685 1997/2692 1825/2466
f 1882/2535 1946/2629 1998/2693 1928/2600
f 1999/2694 1983/2677 1924/2678 1944/2695
f 1925/2598 1983/2677 2000/2696 1945/2628
f 2001/2697 1951/2635 1883/2540 1937/2698
f 2002/2699 1837/2478 1782/2413
f 2002/2699 1782/2413 1783/2412
f 2003/2700 2002/2699 1783/2412 1902/2563
f 1939/2622 2004/2701 2005/2702 1940/2623
f 2007/2703 2006/2680 1941/2591 1942/2624
f 1790/2420 1845/2490 2008/2704
f 1790/2420 2008/2704 1791/2421
f 1791/2421 2008/2704 2009/2705 1903/2570
f 2010/2706 1993/2707 1894/2594 1922/2593
f 1899/2560 1994/2689 2011/2708 1927/2599
f 1947/2630 2012/2709 1948/2631
f 2013/2710 2012/2709 1947/2630 1954/2640
f 2014/2711 1999/2694 1944/2695 1962/2674
f 1945/2628 2000/2696 2015/2712 1963/2652
f 1949/2633 2017/2713 2016/2714 1956/2642
f 1949/2633 1950/2632 2017/2713
f 2018/2715 2026/2716 1980/2638 1953/2637
f 1993/2707 2056/2717 2018/2715
f 1993/2707 2018/2715 1953/2637
f 2012/2718 2047/2719 2004/2701 1948/2720
f 2019/2721 2013/2710 1954/2640 1955/2641
f 2020/2722 2019/2721 1955/2641 1982/2676
f 1956/2642 2016/2714 2021/2723 1957/2643
f 1957/2643 2021/2723 2022/2724 1984/2679
f 2006/2680 2050/2725 2017/2726 1950/2681
f 1989/2644 2029/2727 2023/2728 1958/2645
f 2023/2728 2070/2729 1994/2689
f 2023/2728 1994/2689 1958/2645
f 2024/2730 2025/2731 1979/2671 1978/2670
f 1979/2671 2025/2731 1946/2629
f 2026/2716 2024/2730 1978/2670 1980/2638
f 1988/2682 2028/2732 2027/2733 1987/2683
f 1988/2682 1951/2684 2028/2732
f 1987/2683 2027/2733 2029/2727 1989/2644
f 2030/2734 1966/2656 1892/2553 1967/2657
f 1962/2674 1981/2660 2014/2711
f 1963/2652 2015/2712 1986/2661
f 1901/2562 1975/2666 2031/2735 1974/2665
f 1904/2571 1992/2687 2032/2736 1967/2657
f 1940/2623 2005/2702 2033/2737 1905/2572
f 2034/2738 2007/2703 1942/2624 1911/2580
f 2035/2739 1995/2690 1912/2581 1974/2665
f 2036/2740 2010/2706 1922/2593 1938/2620
f 2037/2741 1996/2691 1814/2455 1905/2572
f 1985/2675 2040/2742 2038/2743 1982/2676
f 1982/2676 2038/2743 2020/2722
f 2039/2744 2040/2742 1985/2675 1984/2679
f 1984/2679 2022/2724 2039/2744
f 1825/2466 1997/2692 2041/2745 1911/2746
f 1927/2599 2011/2708 2042/2747 1943/2625
f 1928/2600 1998/2693 2043/2748 1992/2687
f 2044/2749 2001/2750 1937/2618 1995/2690
f 2045/2751 2003/2700 1902/2563 1966/2656
f 1903/2570 2009/2705 2046/2752 1975/2666
f 2004/2701 2047/2719 2048/2753 2005/2702
f 1999/2694 2063/2754 2049/2755 1983/2677
f 2049/2755 2064/2756 2000/2696 1983/2677
f 2051/2757 2050/2725 2006/2680 2007/2703
f 2052/2758 2053/2759 1946/2629 2025/2731
f 1946/2629 2053/2759 1998/2693
f 1951/2684 2055/2760 2054/2761 2028/2732
f 1951/2635 2001/2697 2055/2762
f 2057/2763 2056/2717 1993/2707 2010/2706
f 2058/2764 2059/2765 2012/2718 2013/2766
f 2012/2718 2059/2765 2047/2719
f 1970/2659 2075/2767 2060/2768 1981/2660
f 1981/2660 2062/2769 2061/2770 2014/2711
f 2060/2768 2166/2771 2062/2769
f 2060/2768 2062/2769 1981/2660
f 1999/2694 2014/2711 2063/2754
f 2000/2696 2064/2756 2015/2712
f 2065/2772 2077/2773 1971/2662 1986/2661
f 2066/2774 2067/2775 1986/2661 2015/2712
f 2067/2775 2167/2776 2065/2772
f 2067/2775 2065/2772 1986/2661
f 2017/2713 2069/2777 2068/2778 2016/2714
f 2017/2713 2050/2779 2069/2777
f 1994/2689 2070/2729 2071/2780 2011/2708
f 2072/2781 1976/2667 1837/2478 2002/2699
f 2073/2782 2036/2740 1938/2620 1952/2636
f 2074/2783 2075/2767 1970/2659 1969/2658
f 1971/2662 2077/2773 2076/2784 1972/2663
f 1943/2625 2042/2747 2078/2785 1959/2646
f 1845/2490 1991/2686 2079/2786 2008/2704
f 2056/2717 2083/2787 2026/2716 2018/2715
f 1905/2572 2033/2737 2037/2741
f 2080/2788 2074/2783 1969/2658 1968/2648
f 1972/2664 2076/2789 2081/2790 1973/2653
f 1911/2746 2041/2745 2034/2791
f 2029/2727 2087/2792 2070/2729 2023/2728
f 2082/2793 2052/2758 2025/2731 2024/2730
f 2083/2787 2082/2793 2024/2730 2026/2716
f 2084/2794 2080/2788 1968/2648 1960/2647
f 1973/2653 2081/2790 2085/2795 1964/2654
f 2028/2732 2054/2761 2086/2796 2027/2733
f 2027/2733 2086/2796 2087/2792 2029/2727
f 2088/2797 2058/2798 2013/2710 2019/2721
f 2061/2770 2129/2799 2063/2754 2014/2711
f 2064/2756 2130/2800 2066/2774 2015/2712
f 2016/2714 2068/2778 2089/2801 2021/2723
f 2090/2802 2084/2794 1960/2647 1961/2649
f 2091/2803 2088/2797 2019/2721 2020/2722
f 2021/2723 2089/2801 2092/2804 2022/2724
f 1964/2654 2085/2795 2093/2805 1965/2655
f 1967/2657 2032/2736 2094/2806 2030/2734
f 2095/2807 2073/2782 1952/2636 1977/2669
f 2005/2702 2048/2753 2096/2808 2033/2737
f 2097/2809 2091/2803 2020/2722 2038/2743
f 2022/2724 2092/2804 2098/2810 2039/2744
f 2099/2811 2051/2757 2007/2703 2034/2738
f 1959/2646 2078/2785 2100/2812 1990/2685
f 1974/2665 2031/2735 2101/2813 2035/2739
f 2102/2814 2032/2736 1992/2687 2043/2748
f 1995/2690 2035/2739 2103/2815 2044/2749
f 2104/2816 2045/2751 1966/2656 2030/2734
f 2105/2817 2090/2802 1961/2649 1976/2818
f 2106/2819 2043/2748 1998/2693 2053/2759
f 2001/2750 2044/2749 2107/2820 2055/2760
f 1965/2655 2093/2805 2108/2821 1991/2686
f 1975/2666 2046/2752 2109/2822 2031/2735
f 2110/2823 2057/2763 2010/2706 2036/2740
f 2111/2824 2048/2753 2047/2719 2059/2765
f 2040/2742 2114/2825 2112/2826 2038/2743
f 2112/2827 2154/2828 2097/2829
f 2112/2826 2097/2809 2038/2743
f 2113/2830 2114/2825 2040/2742 2039/2744
f 2098/2831 2155/2832 2113/2833
f 2098/2810 2113/2830 2039/2744
f 2050/2834 2051/2835 2115/2836 2069/2837
f 2011/2708 2071/2780 2116/2838 2042/2747
f 2003/2700 2136/2839 2117/2840 2002/2699
f 2002/2699 2117/2840 2072/2781
f 2118/2841 2095/2807 1977/2669 1996/2691
f 1990/2685 2100/2812 2119/2842 1997/2692
f 2120/2843 2139/2844 2009/2705 2008/2704
f 2008/2704 2079/2786 2120/2843
f 2121/2845 2126/2846 2083/2787 2056/2717
f 2056/2717 2057/2763 2121/2845
f 2063/2754 2129/2799 2122/2847 2049/2755
f 2122/2847 2130/2800 2064/2756 2049/2755
f 2087/2792 2135/2848 2123/2849 2070/2729
f 2070/2729 2123/2849 2071/2780
f 2124/2850 2106/2819 2053/2759 2052/2758
f 2125/2851 2124/2850 2052/2758 2082/2793
f 2126/2846 2125/2851 2082/2793 2083/2787
f 2127/2852 2143/2853 2059/2765 2058/2764
f 2128/2854 2127/2852 2058/2764 2088/2855
f 2069/2837 2144/2856 2131/2857 2068/2858
f 2068/2778 2131/2859 2132/2860 2089/2801
f 2055/2760 2107/2820 2133/2861 2054/2761
f 2054/2761 2133/2861 2134/2862 2086/2796
f 2086/2796 2134/2862 2135/2848 2087/2792
f 2003/2700 2045/2751 2136/2839
f 2137/2863 2105/2864 1976/2667 2072/2781
f 1991/2686 2108/2821 2138/2865 2079/2786
f 2009/2705 2139/2844 2046/2752
f 2033/2737 2096/2808 2140/2866 2037/2741
f 2141/2867 2099/2868 2034/2791 2041/2745
f 2142/2869 2118/2841 1996/2691 2037/2741
f 2059/2765 2143/2853 2111/2824
f 2069/2837 2115/2836 2144/2856
f 1997/2692 2119/2842 2145/2870 2041/2745
f 2146/2871 2102/2814 2043/2748 2106/2819
f 2147/2872 2110/2823 2036/2740 2073/2782
f 2048/2753 2111/2824 2148/2873 2096/2808
f 2051/2835 2099/2868 2149/2874 2115/2836
f 2044/2749 2103/2815 2150/2875 2107/2820
f 2042/2747 2116/2838 2151/2876 2078/2785
f 2152/2877 2104/2816 2030/2734 2094/2806
f 2153/2878 2094/2806 2032/2736 2102/2814
f 2114/2879 2156/2880 2154/2828 2112/2827
f 2155/2832 2156/2880 2114/2879 2113/2833
f 2035/2739 2101/2813 2157/2881 2103/2815
f 2031/2735 2109/2822 2158/2882 2101/2813
f 2057/2763 2160/2883 2159/2884 2121/2845
f 2057/2763 2110/2823 2160/2883
f 2161/2885 2128/2854 2088/2855 2091/2886
f 2089/2887 2132/2888 2162/2889 2092/2890
f 2163/2891 2164/2892 2071/2780 2123/2849
f 2071/2780 2164/2892 2116/2838
f 2165/2893 2166/2771 2060/2768 2075/2767
f 2065/2772 2167/2776 2168/2894 2077/2773
f 2169/2895 2165/2893 2075/2767 2074/2783
f 2062/2769 2166/2771 2170/2896 2061/2770
f 2171/2897 2161/2898 2091/2803 2097/2809
f 2092/2890 2162/2889 2172/2899 2098/2831
f 2173/2900 2167/2776 2067/2775 2066/2774
f 2077/2773 2168/2894 2174/2901 2076/2784
f 2175/2902 2136/2839 2045/2751 2104/2816
f 2176/2903 2137/2863 2072/2781 2117/2840
f 2177/2904 2169/2895 2074/2783 2080/2788
f 2170/2896 2192/2905 2129/2799 2061/2770
f 2178/2906 2171/2897 2097/2809 2154/2907
f 2098/2831 2172/2899 2179/2908 2155/2832
f 2130/2800 2193/2909 2173/2900 2066/2774
f 2076/2789 2174/2910 2180/2911 2081/2790
f 2079/2786 2138/2865 2181/2912 2120/2843
f 2046/2752 2139/2844 2182/2913 2109/2822
f 2183/2914 2177/2904 2080/2788 2084/2794
f 2081/2790 2180/2911 2184/2915 2085/2795
f 2185/2916 2186/2917 2106/2819 2124/2850
f 2106/2819 2186/2917 2146/2871
f 2107/2820 2188/2918 2187/2919 2133/2861
f 2107/2820 2150/2875 2188/2918
f 2189/2920 2185/2916 2124/2850 2125/2851
f 2190/2921 2189/2920 2125/2851 2126/2846
f 2159/2884 2190/2921 2126/2846 2121/2845
f 2191/2922 2183/2914 2084/2794 2090/2802
f 2037/2741 2140/2866 2142/2869
f 2192/2905 2194/2923 2122/2847 2129/2799
f 2122/2847 2194/2923 2193/2909 2130/2800
f 2041/2745 2145/2870 2141/2867
f 2085/2795 2184/2915 2195/2924 2093/2805
f 2133/2861 2187/2919 2196/2925 2134/2862
f 2134/2862 2196/2925 2197/2926 2135/2848
f 2135/2848 2197/2926 2163/2891 2123/2849
f 2198/2927 2147/2872 2073/2782 2095/2807
f 2078/2785 2151/2876 2199/2928 2100/2812
f 2200/2929 2191/2922 2090/2802 2105/2817
f 2093/2805 2195/2924 2201/2930 2108/2821
f 2202/2931 2153/2878 2102/2814 2146/2871
f 2203/2932 2140/2866 2096/2808 2148/2873
f 2204/2933 2148/2873 2111/2824 2143/2853
f 2115/2836 2149/2874 2205/2934 2144/2856
f 2099/2868 2141/2867 2206/2935 2149/2874
f 2103/2815 2157/2881 2207/2936 2150/2875
f 2156/2880 2210/2937 2208/2938 2154/2828
f 2154/2828 2208/2938 2178/2939
f 2209/2940 2210/2937 2156/2880 2155/2832
f 2155/2832 2179/2908 2209/2940
f 2153/2878 2273/2941 2152/2877 2094/2806
f 2211/2942 2200/2943 2105/2864 2137/2863
f 2212/2944 2160/2883 2110/2823 2147/2872
f 2213/2945 2151/2876 2116/2838 2164/2892
f 2108/2821 2201/2930 2214/2946 2138/2865
f 2158/2882 2280/2947 2157/2881 2101/2813
f 2215/2948 2176/2903 2117/2840 2136/2839
f 2120/2843 2181/2912 2216/2949 2139/2844
f 2217/2950 2175/2902 2104/2816 2152/2877
f 2127/2852 2128/2854 2218/2951
f 2127/2852 2218/2951 2219/2952 2143/2853
f 2220/2953 2218/2951 2128/2854 2161/2885
f 2132/2888 2131/2954 2221/2955
f 2132/2888 2221/2955 2222/2956 2162/2889
f 2223/2957 2221/2958 2131/2857 2144/2856
f 2109/2822 2182/2913 2224/2959 2158/2882
f 2225/2960 2198/2927 2095/2807 2118/2841
f 2100/2812 2199/2928 2226/2961 2119/2842
f 2227/2962 2211/2942 2137/2863 2176/2903
f 2143/2853 2219/2952 2228/2963 2204/2933
f 2229/2964 2220/2953 2161/2885 2171/2965
f 2162/2889 2222/2956 2230/2966 2172/2899
f 2231/2967 2223/2957 2144/2856 2205/2934
f 2138/2865 2214/2946 2232/2968 2181/2912
f 2233/2969 2215/2948 2136/2839 2175/2902
f 2234/2970 2202/2931 2146/2871 2186/2917
f 2235/2971 2236/2972 2185/2916 2189/2920
f 2236/2972 2234/2970 2186/2917 2185/2916
f 2190/2921 2261/2973 2235/2971 2189/2920
f 2166/2771 2238/2974 2237/2975 2170/2896
f 2165/2893 2249/2976 2238/2974 2166/2771
f 2170/2896 2237/2975 2239/2977 2192/2905
f 2239/2977 2241/2978 2194/2923 2192/2905
f 2194/2923 2241/2978 2240/2979 2193/2909
f 2240/2979 2242/2980 2173/2900 2193/2909
f 2242/2980 2243/2981 2167/2776 2173/2900
f 2243/2981 2252/2982 2168/2894 2167/2776
f 2187/2919 2245/2983 2244/2984 2196/2925
f 2188/2918 2246/2985 2245/2983 2187/2919
f 2244/2984 2265/2986 2197/2926 2196/2925
f 2150/2875 2207/2936 2246/2985 2188/2918
f 2139/2844 2216/2949 2247/2987 2182/2913
f 2248/2988 2203/2932 2148/2873 2204/2933
f 2169/2895 2255/2989 2249/2976 2165/2893
f 2178/2939 2256/2990 2250/2991 2171/2992
f 2171/2992 2250/2991 2229/2993
f 2251/2994 2257/2995 2179/2908 2172/2899
f 2172/2899 2230/2966 2251/2994
f 2252/2982 2258/2996 2174/2901 2168/2894
f 2149/2874 2206/2935 2253/2997 2205/2934
f 2254/2998 2142/2869 2140/2866 2203/2932
f 2177/2904 2262/2999 2255/2989 2169/2895
f 2208/2938 2268/3000 2256/2990 2178/2939
f 2257/2995 2269/3001 2209/2940 2179/2908
f 2258/3002 2263/3003 2180/2911 2174/2910
f 2141/2867 2145/2870 2259/3004 2206/2935
f 2260/3005 2261/2973 2190/2921 2159/2884
f 2159/2884 2160/2883 2260/3005
f 2183/2914 2276/3006 2262/2999 2177/2904
f 2263/3003 2277/3007 2184/2915 2180/2911
f 2197/2926 2265/2986 2264/3008 2163/2891
f 2163/2891 2264/3008 2164/2892
f 2266/3009 2212/2944 2147/2872 2198/2927
f 2160/2883 2212/2944 2267/3010
f 2267/3010 2331/3011 2260/3005 2160/2883
f 2210/2937 2270/3012 2268/3000 2208/2938
f 2269/3001 2270/3012 2210/2937 2209/2940
f 2164/2892 2271/3013 2213/2945
f 2264/3008 2346/3014 2271/3013 2164/2892
f 2151/2876 2213/2945 2272/3015 2199/2928
f 2273/2941 2327/3016 2217/2950 2152/2877
f 2176/2903 2215/2948 2274/3017 2227/2962
f 2275/3018 2225/2960 2118/2841 2142/2869
f 2191/2922 2282/3019 2276/3006 2183/2914
f 2277/3007 2284/3020 2195/2924 2184/2915
f 2119/2842 2226/2961 2278/3021 2145/2870
f 2279/3022 2216/2949 2181/2912 2232/2968
f 2224/2959 2350/3023 2280/2947 2158/2882
f 2281/3024 2273/2941 2153/2878 2202/2931
f 2200/2929 2283/3025 2282/3019 2191/2922
f 2200/2929 2211/3026 2283/3025
f 2284/3020 2285/3027 2201/2930 2195/2924
f 2201/2930 2285/3027 2214/2946
f 2157/2881 2280/2947 2286/3028 2207/2936
f 2287/3029 2233/2969 2175/2902 2217/2950
f 2182/2913 2247/2987 2288/3030 2224/2959
f 2289/3031 2283/3032 2211/2942 2227/2962
f 2290/3033 2248/2988 2204/2933 2228/2963
f 2291/3034 2219/2952 2218/2951 2220/2953
f 2221/2955 2223/3035 2292/3036 2222/2956
f 2205/2934 2253/2997 2293/3037 2231/2967
f 2214/2946 2285/3027 2294/3038 2232/2968
f 2295/3039 2291/3034 2220/2953 2229/2964
f 2222/2956 2292/3036 2296/3040 2230/2966
f 2297/3041 2298/3042 2236/2972 2235/2971
f 2236/2972 2298/3042 2234/2970
f 2245/2983 2300/3043 2299/3044 2244/2984
f 2245/2983 2246/2985 2300/3043
f 2234/2970 2316/3045 2301/3046 2202/2931
f 2202/2931 2301/3046 2281/3024
f 2235/2971 2261/2973 2297/3041
f 2302/3047 2254/2998 2203/2932 2248/2988
f 2206/2935 2259/3004 2303/3048 2253/2997
f 2244/2984 2299/3044 2265/2986
f 2304/3049 2323/3050 2246/2985 2207/2936
f 2207/2936 2286/3028 2304/3049
f 2305/3051 2266/3009 2198/2927 2225/2960
f 2142/2869 2254/2998 2275/3018
f 2306/3052 2295/3039 2229/2964 2250/3053
f 2230/2966 2296/3040 2307/3054 2251/2994
f 2145/2870 2278/3021 2259/3004
f 2199/2928 2272/3015 2308/3055 2226/2961
f 2212/2944 2266/3009 2309/3056 2267/3010
f 2310/3057 2290/3033 2228/2963 2219/2952
f 2311/3058 2310/3057 2219/2952 2291/3034
f 2231/2967 2293/3037 2312/3059 2223/2957
f 2223/3035 2312/3060 2313/3061 2292/3036
f 2314/3062 2272/3015 2213/2945 2271/3013
f 2315/3063 2289/3031 2227/2962 2274/3017
f 2298/3042 2360/3064 2316/3045 2234/2970
f 2249/2976 2332/3065 2317/3066 2238/2974
f 2238/2974 2317/3066 2318/3067 2237/2975
f 2256/2990 2335/3068 2319/3069 2250/2991
f 2250/2991 2319/3069 2306/3070
f 2320/3071 2341/3072 2257/2995 2251/2994
f 2251/2994 2307/3054 2320/3071
f 2321/3073 2322/3074 2243/2981 2242/2980
f 2322/3074 2342/3075 2252/2982 2243/2981
f 2323/3050 2361/3076 2300/3043 2246/2985
f 2232/2968 2294/3038 2324/3077 2279/3022
f 2233/2969 2355/3078 2325/3079 2215/2948
f 2215/2948 2325/3079 2326/3080 2274/3017
f 2217/2950 2327/3016 2287/3029
f 2283/3025 2328/3081 2282/3019
f 2289/3082 2363/3083 2328/3081 2283/3025
f 2329/3084 2330/3085 2261/2973 2260/3005
f 2330/3085 2364/3086 2297/3041 2261/2973
f 2260/3005 2331/3011 2329/3084
f 2255/2989 2333/3087 2332/3065 2249/2976
f 2262/2999 2351/3088 2333/3087 2255/2989
f 2237/2975 2318/3067 2334/3089 2239/2977
f 2268/3000 2336/3090 2335/3068 2256/2990
f 2334/3089 2338/3091 2241/2978 2239/2977
f 2270/3012 2340/3092 2336/3090 2268/3000
f 2241/2978 2338/3091 2337/3093 2240/2979
f 2339/3094 2340/3092 2270/3012 2269/3001
f 2337/3093 2321/3073 2242/2980 2240/2979
f 2341/3072 2339/3094 2269/3001 2257/2995
f 2342/3075 2343/3095 2258/2996 2252/2982
f 2343/3096 2352/3097 2263/3003 2258/3002
f 2265/2986 2345/3098 2344/3099 2264/3008
f 2299/3044 2367/3100 2345/3098 2265/2986
f 2264/3008 2344/3099 2346/3014
f 2285/3027 2284/3020 2347/3101
f 2347/3101 2368/3102 2294/3038 2285/3027
f 2348/3103 2358/3104 2247/2987 2216/2949
f 2349/3105 2348/3103 2216/2949 2279/3022
f 2224/2959 2288/3030 2350/3023
f 2262/2999 2276/3006 2351/3088
f 2263/3003 2352/3097 2277/3007
f 2282/3019 2328/3081 2353/3106 2276/3006
f 2353/3106 2435/3107 2351/3088 2276/3006
f 2354/3108 2347/3101 2284/3020 2277/3007
f 2352/3097 2441/3109 2354/3108 2277/3007
f 2287/3029 2403/3110 2355/3078 2233/2969
f 2356/3111 2302/3047 2248/2988 2290/3033
f 2253/2997 2303/3048 2357/3112 2293/3037
f 2358/3104 2412/3113 2288/3030 2247/2987
f 2274/3017 2326/3080 2359/3114 2315/3063
f 2297/3041 2364/3086 2360/3064 2298/3042
f 2361/3076 2367/3100 2299/3044 2300/3043
f 2362/3115 2349/3105 2279/3022 2324/3077
f 2289/3031 2315/3063 2363/3116
f 2365/3117 2311/3058 2291/3034 2295/3039
f 2292/3036 2313/3061 2366/3118 2296/3040
f 2294/3038 2368/3102 2324/3077
f 2369/3119 2305/3051 2225/2960 2275/3018
f 2370/3120 2275/3018 2254/2998 2302/3047
f 2259/3004 2278/3021 2371/3121 2303/3048
f 2226/2961 2308/3055 2372/3122 2278/3021
f 2267/3010 2309/3056 2373/3123 2331/3011
f 2374/3124 2314/3062 2271/3013 2346/3014
f 2375/3125 2365/3117 2295/3039 2306/3052
f 2376/3126 2380/3127 2377/3128 2378/3129
f 2379/3130 2383/3131 2376/3126 2378/3129
f 2376/3126 2382/3132 2381/3133 2380/3127
f 2383/3131 2398/3134 2382/3132 2376/3126
f 2377/3128 2385/3135 2384/3136 2378/3129
f 2384/3136 2388/3137 2379/3130 2378/3129
f 2386/3138 2387/3139 2384/3136 2385/3135
f 2387/3139 2400/3140 2388/3137 2384/3136
f 2296/3040 2366/3118 2389/3141 2307/3054
f 2266/3009 2305/3051 2390/3142 2309/3056
f 2380/3127 2393/3143 2391/3144 2377/3128
f 2392/3145 2393/3143 2380/3127 2381/3133
f 2391/3144 2395/3146 2385/3135 2377/3128
f 2385/3135 2395/3146 2394/3147 2386/3138
f 2396/3148 2308/3055 2272/3015 2314/3062
f 2382/3149 2397/3150 2381/3151
f 2399/3152 2425/3153 2397/3150 2382/3149
f 2382/3149 2398/3154 2399/3152
f 2387/3155 2386/3156 2401/3157
f 2401/3157 2427/3158 2402/3159 2387/3155
f 2387/3155 2402/3159 2400/3160
f 2327/3016 2487/3161 2403/3110 2287/3029
f 2404/3162 2405/3163 2273/2941 2281/3024
f 2273/2941 2405/3163 2327/3016
f 2406/3164 2353/3106 2328/3081 2363/3083
f 2407/3165 2392/3166 2381/3151 2397/3150
f 2338/3167 2334/3168 2383/3131 2379/3130
f 2383/3169 2334/3170 2398/3171
f 2388/3137 2337/3172 2338/3167 2379/3130
f 2388/3137 2400/3140 2337/3172
f 2386/3156 2394/3173 2408/3174 2401/3157
f 2409/3175 2368/3102 2347/3101 2354/3108
f 2280/2947 2411/3176 2410/3177 2286/3028
f 2280/2947 2350/3023 2411/3176
f 2412/3113 2490/3178 2350/3023 2288/3030
f 2315/3063 2359/3114 2413/3179 2363/3116
f 2414/3180 2415/3181 2330/3085 2329/3084
f 2415/3181 2455/3182 2364/3086 2330/3085
f 2416/3183 2414/3180 2329/3084 2331/3011
f 2345/3098 2418/3184 2417/3185 2344/3099
f 2367/3100 2470/3186 2418/3184 2345/3098
f 2344/3099 2417/3185 2419/3187 2346/3014
f 2420/3188 2362/3115 2324/3077 2368/3102
f 2332/3065 2422/3189 2421/3190 2317/3066
f 2333/3087 2434/3191 2422/3189 2332/3065
f 2317/3066 2421/3190 2423/3192 2318/3067
f 2318/3067 2424/3193 2334/3089
f 2423/3192 2515/3194 2424/3193 2318/3067
f 2398/3195 2447/3196 2426/3197 2399/3198
f 2399/3198 2426/3197 2425/3199
f 2428/3200 2448/3201 2400/3140 2402/3202
f 2402/3202 2427/3203 2428/3200
f 2429/3204 2431/3205 2322/3074 2321/3073
f 2321/3073 2337/3093 2430/3206
f 2430/3206 2517/3207 2429/3204 2321/3073
f 2431/3205 2432/3208 2342/3075 2322/3074
f 2432/3208 2439/3209 2343/3095 2342/3075
f 2301/3046 2445/3210 2404/3162 2281/3024
f 2433/3211 2445/3210 2301/3046 2316/3045
f 2360/3064 2454/3212 2433/3211 2316/3045
f 2351/3088 2435/3107 2434/3191 2333/3087
f 2436/3213 2356/3111 2290/3033 2310/3057
f 2437/3214 2407/3215 2397/3216 2425/3199
f 2401/3217 2408/3218 2438/3219 2427/3203
f 2439/3220 2441/3109 2352/3097 2343/3096
f 2293/3037 2357/3112 2440/3221 2312/3059
f 2304/3049 2450/3222 2442/3223 2323/3050
f 2442/3223 2469/3224 2361/3076 2323/3050
f 2410/3177 2450/3222 2304/3049 2286/3028
f 2325/3079 2444/3225 2443/3226 2326/3080
f 2325/3079 2355/3078 2444/3225
f 2446/3227 2436/3213 2310/3057 2311/3058
f 2424/3228 2447/3196 2398/3195 2334/3229
f 2400/3140 2448/3201 2430/3230 2337/3172
f 2312/3059 2440/3221 2449/3231 2313/3232
f 2451/3233 2452/3234 2348/3103 2349/3105
f 2348/3103 2452/3234 2358/3104
f 2326/3080 2443/3226 2453/3235 2359/3114
f 2364/3086 2454/3212 2360/3064
f 2455/3182 2579/3236 2454/3212 2364/3086
f 2319/3069 2473/3237 2456/3238 2306/3070
f 2306/3052 2456/3239 2375/3125
f 2447/3240 2424/3241 2457/3242
f 2447/3196 2457/3243 2426/3197
f 2458/3244 2425/3199 2426/3197 2457/3243
f 2459/3245 2462/3246 2393/3143 2392/3145
f 2460/3247 2459/3248 2392/3166 2407/3165
f 2393/3143 2462/3246 2461/3249 2391/3144
f 2461/3249 2464/3250 2395/3146 2391/3144
f 2395/3146 2464/3250 2463/3251 2394/3147
f 2394/3173 2463/3252 2465/3253 2408/3174
f 2466/3254 2430/3255 2448/3256
f 2466/3257 2448/3201 2428/3200
f 2467/3258 2466/3257 2428/3200 2427/3203
f 2468/3259 2485/3260 2320/3071 2307/3054
f 2307/3054 2389/3141 2468/3259
f 2367/3100 2361/3076 2469/3224
f 2469/3224 2583/3261 2470/3186 2367/3100
f 2471/3262 2451/3233 2349/3105 2362/3115
f 2472/3263 2370/3120 2302/3047 2356/3111
f 2335/3068 2476/3264 2473/3237 2319/3069
f 2457/3242 2475/3265 2474/3266 2458/3267
f 2424/3241 2511/3268 2475/3265 2457/3242
f 2336/3090 2478/3269 2476/3264 2335/3068
f 2477/3270 2437/3214 2425/3199 2458/3244
f 2340/3092 2480/3271 2478/3269 2336/3090
f 2479/3272 2480/3271 2340/3092 2339/3094
f 2481/3273 2479/3272 2339/3094 2341/3072
f 2427/3203 2438/3219 2482/3274 2467/3258
f 2483/3275 2484/3276 2466/3254 2467/3277
f 2484/3276 2516/3278 2430/3255 2466/3254
f 2485/3260 2481/3273 2341/3072 2320/3071
f 2303/3048 2371/3121 2486/3279 2357/3112
f 2405/3163 2589/3280 2487/3161 2327/3016
f 2331/3011 2373/3123 2488/3281 2416/3183
f 2489/3282 2374/3124 2346/3014 2419/3187
f 2490/3178 2595/3283 2411/3176 2350/3023
f 2355/3078 2403/3110 2491/3284 2444/3225
f 2363/3116 2413/3179 2492/3285 2406/3286
f 2406/3164 2535/3287 2493/3288 2353/3106
f 2353/3106 2493/3288 2435/3107
f 2494/3289 2446/3227 2311/3058 2365/3117
f 2495/3290 2477/3291 2458/3267 2474/3266
f 2496/3292 2483/3275 2467/3277 2482/3293
f 2313/3061 2449/3294 2497/3295 2366/3118
f 2498/3296 2540/3297 2409/3175 2354/3108
f 2354/3108 2441/3109 2498/3296
f 2499/3298 2420/3188 2368/3102 2409/3175
f 2500/3299 2412/3113 2358/3104 2452/3234
f 2501/3300 2413/3179 2359/3114 2453/3235
f 2309/3056 2390/3142 2502/3301 2373/3123
f 2503/3302 2369/3119 2275/3018 2370/3120
f 2504/3303 2460/3304 2407/3305 2437/3306
f 2408/3174 2465/3253 2505/3307 2438/3308
f 2278/3021 2372/3122 2506/3309 2371/3121
f 2507/3310 2396/3148 2314/3062 2374/3124
f 2508/3311 2471/3262 2362/3115 2420/3188
f 2509/3312 2604/3313 2390/3142 2305/3051
f 2305/3051 2369/3119 2509/3312
f 2510/3314 2494/3289 2365/3117 2375/3125
f 2475/3265 2513/3315 2512/3316 2474/3266
f 2475/3265 2511/3268 2513/3315
f 2514/3317 2504/3303 2437/3306 2477/3318
f 2424/3241 2515/3319 2511/3268
f 2430/3255 2516/3278 2517/3320
f 2438/3219 2505/3321 2518/3322 2482/3274
f 2519/3323 2520/3324 2484/3276 2483/3275
f 2484/3276 2520/3324 2516/3278
f 2366/3118 2497/3295 2521/3325 2389/3141
f 2396/3148 2609/3326 2522/3327 2308/3055
f 2308/3055 2522/3327 2372/3122
f 2523/3328 2510/3314 2375/3125 2456/3239
f 2389/3141 2521/3325 2524/3329 2468/3259
f 2474/3266 2512/3316 2525/3330 2495/3290
f 2526/3331 2514/3317 2477/3318 2495/3332
f 2482/3293 2518/3333 2527/3334 2496/3292
f 2483/3275 2496/3292 2528/3335 2519/3323
f 2529/3336 2530/3337 2415/3181 2414/3180
f 2530/3337 2580/3338 2455/3182 2415/3181
f 2531/3339 2529/3336 2414/3180 2416/3183
f 2418/3184 2534/3340 2532/3341 2417/3185
f 2417/3185 2532/3341 2533/3342 2419/3187
f 2470/3186 2584/3343 2534/3340 2418/3184
f 2406/3164 2492/3344 2535/3287
f 2511/3345 2515/3346 2536/3347 2513/3348
f 2513/3348 2536/3347 2537/3349 2512/3350
f 2538/3351 2517/3352 2516/3353 2520/3354
f 2539/3355 2538/3351 2520/3354 2519/3356
f 2409/3175 2540/3297 2499/3298
f 2444/3225 2491/3284 2541/3357 2443/3226
f 2443/3226 2541/3357 2542/3358 2453/3235
f 2453/3235 2542/3358 2501/3300
f 2413/3179 2501/3300 2543/3359 2492/3285
f 2433/3211 2544/3360 2445/3210
f 2545/3361 2544/3360 2433/3211 2454/3212
f 2421/3190 2564/3362 2546/3363 2423/3192
f 2546/3363 2615/3364 2515/3194 2423/3192
f 2547/3365 2550/3366 2462/3367 2459/3368
f 2548/3369 2547/3370 2459/3248 2460/3247
f 2462/3367 2550/3366 2549/3371 2461/3372
f 2549/3371 2552/3373 2464/3374 2461/3372
f 2464/3374 2552/3373 2551/3375 2463/3376
f 2463/3252 2551/3377 2553/3378 2465/3253
f 2554/3379 2569/3380 2431/3205 2429/3204
f 2517/3207 2617/3381 2554/3379 2429/3204
f 2442/3223 2556/3382 2555/3383 2469/3224
f 2442/3223 2450/3222 2556/3382
f 2557/3384 2508/3311 2420/3188 2499/3298
f 2558/3385 2559/3386 2451/3233 2471/3262
f 2471/3262 2508/3311 2558/3385
f 2559/3386 2500/3299 2452/3234 2451/3233
f 2435/3107 2560/3387 2434/3191
f 2561/3388 2560/3387 2435/3107 2493/3288
f 2562/3389 2472/3263 2356/3111 2436/3213
f 2434/3191 2560/3387 2563/3390 2422/3189
f 2422/3189 2563/3390 2564/3362 2421/3190
f 2565/3391 2526/3392 2495/3290 2525/3330
f 2512/3350 2537/3349 2566/3393 2525/3394
f 2567/3395 2539/3355 2519/3356 2528/3396
f 2496/3292 2527/3334 2568/3397 2528/3335
f 2569/3380 2570/3398 2432/3208 2431/3205
f 2570/3399 2571/3400 2439/3220 2432/3401
f 2439/3220 2571/3400 2441/3109
f 2357/3112 2486/3279 2572/3402 2440/3221
f 2441/3109 2571/3400 2573/3403 2498/3296
f 2574/3404 2531/3339 2416/3183 2488/3281
f 2419/3187 2533/3342 2575/3405 2489/3282
f 2403/3110 2577/3406 2576/3407 2491/3284
f 2403/3110 2487/3161 2577/3406
f 2373/3123 2502/3301 2578/3408 2488/3281
f 2455/3182 2580/3338 2579/3236
f 2581/3409 2548/3410 2460/3304 2504/3303
f 2465/3253 2553/3378 2582/3411 2505/3307
f 2470/3186 2583/3261 2584/3343
f 2585/3412 2507/3310 2374/3124 2489/3282
f 2586/3413 2587/3414 2412/3113 2500/3299
f 2412/3113 2587/3414 2490/3178
f 2405/3163 2404/3162 2588/3415
f 2588/3415 2694/3416 2589/3280 2405/3163
f 2445/3210 2544/3360 2588/3415 2404/3162
f 2579/3236 2695/3417 2545/3361 2454/3212
f 2590/3418 2503/3302 2370/3120 2472/3263
f 2591/3419 2606/3420 2537/3421 2536/3422
f 2515/3423 2614/3424 2591/3419 2536/3422
f 2539/3425 2607/3426 2592/3427 2538/3428
f 2592/3427 2616/3429 2517/3320 2538/3428
f 2371/3121 2506/3309 2593/3430 2486/3279
f 2555/3383 2698/3431 2583/3261 2469/3224
f 2594/3432 2556/3382 2450/3222 2410/3177
f 2411/3176 2594/3432 2410/3177
f 2595/3283 2699/3433 2594/3432 2411/3176
f 2596/3434 2562/3389 2436/3213 2446/3227
f 2597/3435 2565/3436 2525/3437 2566/3438
f 2598/3439 2581/3409 2504/3303 2514/3317
f 2505/3440 2582/3441 2599/3442 2518/3443
f 2528/3335 2568/3397 2600/3444 2567/3445
f 2440/3221 2572/3402 2601/3446 2449/3231
f 2491/3284 2576/3407 2602/3447 2541/3357
f 2492/3285 2543/3359 2603/3448 2535/3449
f 2604/3313 2667/3450 2502/3301 2390/3142
f 2605/3451 2596/3434 2446/3227 2494/3289
f 2606/3420 2637/3452 2566/3453 2537/3421
f 2567/3445 2640/3454 2607/3426 2539/3425
f 2449/3231 2601/3446 2608/3455 2497/3456
f 2507/3310 2689/3457 2609/3326 2396/3148
f 2610/3458 2557/3384 2499/3298 2540/3297
f 2611/3459 2586/3413 2500/3299 2559/3386
f 2589/3280 2656/3460 2577/3406 2487/3161
f 2612/3461 2543/3359 2501/3300 2542/3358
f 2613/3462 2598/3439 2514/3317 2526/3331
f 2515/3463 2615/3464 2614/3465
f 2517/3466 2616/3467 2617/3468
f 2518/3443 2599/3442 2618/3469 2527/3470
f 2508/3311 2557/3384 2619/3471 2558/3385
f 2587/3414 2664/3472 2595/3283 2490/3178
f 2620/3473 2523/3474 2456/3238 2473/3237
f 2468/3259 2524/3329 2621/3475 2485/3260
f 2622/3476 2509/3312 2369/3119 2503/3302
f 2623/3477 2605/3451 2494/3289 2510/3314
f 2624/3478 2646/3479 2606/3420 2591/3419
f 2591/3419 2614/3424 2624/3478
f 2625/3480 2620/3473 2473/3237 2476/3264
f 2478/3269 2626/3481 2625/3480 2476/3264
f 2480/3271 2628/3482 2626/3481 2478/3269
f 2627/3483 2628/3482 2480/3271 2479/3272
f 2629/3484 2627/3483 2479/3272 2481/3273
f 2485/3260 2621/3475 2629/3484 2481/3273
f 2607/3426 2647/3485 2630/3486 2592/3427
f 2592/3427 2630/3486 2616/3429
f 2497/3295 2608/3487 2631/3488 2521/3325
f 2372/3122 2522/3327 2632/3489 2506/3309
f 2633/3490 2612/3461 2542/3358 2541/3357
f 2602/3447 2700/3491 2633/3490 2541/3357
f 2634/3492 2635/3493 2530/3337 2529/3336
f 2635/3493 2658/3494 2580/3338 2530/3337
f 2529/3336 2531/3339 2634/3492
f 2636/3495 2561/3388 2493/3288 2535/3287
f 2637/3452 2671/3496 2597/3497 2566/3453
f 2638/3498 2613/3499 2526/3392 2565/3391
f 2527/3334 2618/3500 2639/3501 2568/3397
f 2600/3444 2685/3502 2640/3454 2567/3445
f 2498/3296 2573/3403 2641/3503 2540/3297
f 2534/3340 2643/3504 2642/3505 2532/3341
f 2584/3343 2661/3506 2643/3504 2534/3340
f 2532/3341 2642/3505 2533/3342
f 2558/3385 2619/3471 2644/3507 2559/3386
f 2644/3507 2713/3508 2611/3459 2559/3386
f 2535/3287 2603/3509 2636/3495
f 2645/3510 2623/3477 2510/3314 2523/3328
f 2646/3479 2672/3511 2637/3452 2606/3420
f 2640/3454 2686/3512 2647/3485 2607/3426
f 2521/3325 2631/3488 2648/3513 2524/3329
f 2540/3297 2641/3503 2610/3458
f 2488/3281 2578/3408 2649/3514 2574/3404
f 2650/3515 2585/3412 2489/3282 2575/3405
f 2531/3339 2574/3404 2651/3516
f 2651/3516 2728/3517 2634/3492 2531/3339
f 2652/3518 2638/3519 2565/3436 2597/3435
f 2568/3397 2639/3501 2653/3520 2600/3444
f 2642/3505 2736/3521 2654/3522 2533/3342
f 2533/3342 2654/3522 2575/3405
f 2577/3406 2656/3460 2655/3523 2576/3407
f 2543/3359 2612/3461 2657/3524 2603/3448
f 2658/3494 2701/3525 2579/3236 2580/3338
f 2659/3526 2590/3418 2472/3263 2562/3389
f 2486/3279 2593/3430 2660/3527 2572/3402
f 2583/3261 2712/3528 2661/3506 2584/3343
f 2662/3529 2619/3471 2557/3384 2610/3458
f 2663/3530 2664/3472 2587/3414 2586/3413
f 2576/3407 2655/3523 2665/3531 2602/3447
f 2544/3360 2545/3361 2666/3532
f 2666/3532 2742/3533 2588/3415 2544/3360
f 2667/3450 2752/3534 2578/3408 2502/3301
f 2563/3390 2669/3535 2668/3536 2564/3362
f 2563/3390 2560/3387 2669/3535
f 2564/3362 2668/3536 2670/3537 2546/3363
f 2672/3511 2730/3538 2671/3496 2637/3452
f 2546/3363 2670/3537 2673/3539 2615/3364
f 2614/3424 2676/3540 2674/3541
f 2614/3542 2674/3543 2624/3544
f 2615/3545 2705/3546 2675/3547 2614/3424
f 2614/3424 2675/3547 2676/3540
f 2547/3370 2548/3369 2677/3548
f 2547/3365 2677/3549 2550/3366
f 2550/3366 2677/3549 2678/3550 2549/3371
f 2678/3550 2679/3551 2552/3373 2549/3371
f 2679/3552 2553/3378 2551/3377
f 2679/3551 2551/3375 2552/3373
f 2680/3553 2682/3554 2616/3429
f 2680/3555 2616/3556 2630/3557
f 2681/3558 2710/3559 2617/3468 2616/3467
f 2616/3467 2682/3560 2681/3558
f 2683/3561 2687/3562 2569/3380 2554/3379
f 2684/3563 2683/3561 2554/3379 2617/3381
f 2685/3502 2733/3564 2686/3512 2640/3454
f 2687/3562 2688/3565 2570/3398 2569/3380
f 2570/3399 2688/3566 2571/3400
f 2585/3412 2759/3567 2689/3457 2507/3310
f 2556/3382 2690/3568 2555/3383
f 2594/3432 2749/3569 2690/3568 2556/3382
f 2691/3570 2663/3530 2586/3413 2611/3459
f 2692/3571 2669/3535 2560/3387 2561/3388
f 2571/3400 2688/3566 2693/3572 2573/3403
f 2694/3416 2765/3573 2656/3460 2589/3280
f 2695/3417 2787/3574 2666/3532 2545/3361
f 2597/3435 2671/3575 2652/3518
f 2674/3543 2702/3576 2646/3577 2624/3544
f 2696/3578 2677/3549 2548/3410 2581/3409
f 2553/3378 2679/3552 2697/3579 2582/3411
f 2647/3580 2711/3581 2680/3555 2630/3557
f 2600/3444 2653/3520 2685/3502
f 2690/3568 2797/3582 2698/3431 2555/3383
f 2664/3472 2777/3583 2699/3433 2595/3283
f 2602/3447 2665/3531 2700/3491
f 2579/3236 2701/3525 2695/3417
f 2702/3576 2731/3584 2672/3585 2646/3577
f 2615/3364 2673/3539 2703/3586
f 2704/3587 2705/3546 2615/3545 2703/3588
f 2706/3589 2696/3578 2581/3409 2598/3439
f 2582/3441 2697/3590 2707/3591 2599/3442
f 2617/3381 2708/3592 2684/3563
f 2617/3468 2710/3559 2709/3593 2708/3594
f 2686/3595 2735/3596 2711/3581 2647/3580
f 2583/3261 2698/3431 2712/3528
f 2611/3459 2713/3508 2691/3570
f 2603/3448 2657/3524 2714/3597 2636/3598
f 2715/3599 2622/3476 2503/3302 2590/3418
f 2716/3600 2780/3601 2645/3510 2523/3328
f 2717/3602 2716/3600 2523/3328 2620/3603
f 2648/3513 2784/3604 2718/3605 2524/3329
f 2524/3329 2718/3605 2719/3606 2621/3475
f 2506/3309 2632/3489 2720/3607 2593/3430
f 2721/3608 2662/3529 2610/3458 2641/3503
f 2722/3609 2692/3571 2561/3388 2636/3495
f 2723/3610 2659/3526 2562/3389 2596/3434
f 2676/3540 2744/3611 2702/3612 2674/3541
f 2613/3462 2745/3613 2706/3589 2598/3439
f 2707/3591 2746/3614 2618/3469 2599/3442
f 2711/3615 2747/3616 2682/3554 2680/3553
f 2572/3402 2660/3527 2724/3617 2601/3446
f 2573/3403 2693/3572 2725/3618 2641/3503
f 2726/3619 2741/3620 2612/3461 2633/3490
f 2633/3490 2700/3491 2726/3619
f 2574/3404 2649/3514 2727/3621 2651/3516
f 2728/3517 2729/3622 2635/3493 2634/3492
f 2729/3622 2766/3623 2658/3494 2635/3493
f 2731/3624 2768/3625 2730/3538 2672/3511
f 2732/3626 2652/3518 2671/3575
f 2732/3627 2671/3496 2730/3538
f 2685/3502 2653/3520 2734/3628
f 2685/3502 2734/3628 2733/3564
f 2733/3564 2772/3629 2735/3630 2686/3512
f 2643/3504 2737/3631 2736/3521 2642/3505
f 2661/3506 2776/3632 2737/3631 2643/3504
f 2738/3633 2650/3515 2575/3405 2654/3522
f 2619/3471 2750/3634 2739/3635 2644/3507
f 2644/3507 2739/3635 2713/3508
f 2655/3523 2656/3460 2740/3636 2665/3531
f 2741/3620 2785/3637 2657/3524 2612/3461
f 2742/3533 2799/3638 2694/3416 2588/3415
f 2636/3495 2714/3639 2722/3609
f 2743/3640 2604/3313 2509/3312 2622/3476
f 2744/3611 2769/3641 2731/3624 2702/3612
f 2613/3499 2638/3498 2745/3642
f 2618/3500 2746/3643 2639/3501
f 2735/3630 2774/3644 2747/3616 2711/3615
f 2522/3327 2609/3326 2748/3645 2632/3489
f 2641/3503 2725/3618 2721/3608
f 2699/3433 2802/3646 2749/3569 2594/3432
f 2662/3529 2786/3647 2750/3634 2619/3471
f 2663/3530 2691/3570 2751/3648 2664/3472
f 2752/3534 2815/3649 2649/3514 2578/3408
f 2753/3650 2723/3610 2596/3434 2605/3451
f 2703/3586 2673/3539 2754/3651 2755/3652
f 2755/3653 2771/3654 2756/3655 2703/3656
f 2703/3656 2756/3655 2704/3657
f 2754/3651 2684/3563 2708/3592 2755/3652
f 2757/3658 2771/3654 2755/3653 2708/3594
f 2708/3594 2709/3593 2757/3658
f 2601/3446 2724/3617 2758/3659 2608/3455
f 2650/3515 2827/3660 2759/3567 2585/3412
f 2760/3661 2744/3611 2676/3540 2675/3547
f 2761/3662 2745/3613 2638/3519 2652/3518
f 2639/3501 2746/3643 2762/3663 2653/3520
f 2682/3554 2747/3616 2763/3664 2681/3665
f 2665/3531 2740/3636 2764/3666 2700/3491
f 2765/3573 2812/3667 2740/3636 2656/3460
f 2766/3623 2800/3668 2701/3525 2658/3494
f 2767/3669 2753/3650 2605/3451 2623/3477
f 2769/3641 2806/3670 2768/3625 2731/3624
f 2768/3671 2807/3672 2770/3673 2730/3674
f 2730/3538 2770/3675 2732/3627
f 2733/3564 2734/3628 2773/3676
f 2773/3676 2810/3677 2772/3629 2733/3564
f 2772/3629 2809/3678 2774/3644 2735/3630
f 2608/3487 2758/3679 2775/3680 2631/3488
f 2712/3528 2801/3681 2776/3632 2661/3506
f 2751/3648 2829/3682 2777/3583 2664/3472
f 2778/3683 2751/3648 2691/3570 2713/3508
f 2669/3535 2692/3571 2779/3684 2668/3536
f 2780/3601 2767/3669 2623/3477 2645/3510
f 2781/3685 2760/3661 2675/3547
f 2781/3685 2675/3547 2705/3546
f 2681/3665 2763/3664 2782/3686
f 2681/3558 2782/3687 2710/3559
f 2783/3688 2693/3689 2688/3690 2687/3691
f 2631/3488 2775/3680 2784/3604 2648/3513
f 2657/3524 2785/3637 2714/3597
f 2760/3661 2818/3692 2769/3641 2744/3611
f 2732/3627 2770/3675 2761/3693
f 2732/3626 2761/3662 2652/3518
f 2762/3663 2773/3676 2734/3628
f 2762/3663 2734/3628 2653/3520
f 2774/3644 2823/3694 2763/3664 2747/3616
f 2662/3529 2721/3608 2786/3647
f 2787/3574 2865/3695 2742/3533 2666/3532
f 2788/3696 2715/3599 2590/3418 2659/3526
f 2626/3481 2791/3697 2789/3698 2625/3480
f 2625/3480 2789/3698 2790/3699 2620/3473
f 2628/3482 2793/3700 2791/3697 2626/3481
f 2792/3701 2793/3700 2628/3482 2627/3483
f 2794/3702 2792/3701 2627/3483 2629/3484
f 2795/3703 2794/3702 2629/3484 2621/3475
f 2593/3430 2720/3607 2796/3704 2660/3527
f 2749/3569 2870/3705 2797/3582 2690/3568
f 2700/3491 2764/3666 2798/3706 2726/3619
f 2694/3416 2799/3638 2765/3573
f 2800/3668 2814/3707 2695/3417 2701/3525
f 2620/3473 2790/3699 2717/3708
f 2621/3475 2719/3606 2795/3703
f 2698/3431 2826/3709 2801/3681 2712/3528
f 2699/3433 2777/3583 2802/3646
f 2803/3710 2778/3683 2713/3508 2739/3635
f 2804/3711 2830/3712 2728/3517 2651/3516
f 2727/3621 2873/3713 2804/3711 2651/3516
f 2668/3536 2779/3684 2805/3714 2670/3537
f 2806/3670 2850/3715 2807/3716 2768/3625
f 2805/3714 2868/3717 2673/3539 2670/3537
f 2808/3718 2783/3688 2687/3691 2683/3719
f 2684/3720 2869/3721 2808/3718 2683/3719
f 2810/3677 2853/3722 2809/3678 2772/3629
f 2736/3521 2837/3723 2811/3724 2654/3522
f 2811/3724 2876/3725 2738/3633 2654/3522
f 2740/3636 2812/3667 2764/3666
f 2714/3726 2785/3727 2813/3728 2722/3729
f 2814/3707 2872/3730 2787/3574 2695/3417
f 2815/3649 2873/3713 2727/3621 2649/3514
f 2816/3731 2743/3640 2622/3476 2715/3599
f 2817/3732 2850/3715 2806/3670
f 2817/3732 2806/3670 2769/3641
f 2769/3641 2818/3692 2819/3733 2817/3732
f 2820/3734 2781/3685 2705/3546 2704/3587
f 2710/3559 2782/3687 2821/3735 2709/3593
f 2809/3678 2853/3722 2822/3736
f 2809/3678 2822/3736 2774/3644
f 2824/3737 2823/3694 2774/3644 2822/3736
f 2632/3489 2748/3645 2825/3738 2720/3607
f 2797/3582 2877/3739 2826/3709 2698/3431
f 2738/3633 2876/3725 2827/3660 2650/3515
f 2828/3740 2786/3647 2721/3608 2725/3618
f 2751/3648 2778/3683 2829/3682
f 2830/3712 2831/3741 2729/3622 2728/3517
f 2831/3741 2849/3742 2766/3623 2729/3622
f 2832/3743 2779/3744 2692/3745 2722/3729
f 2677/3549 2834/3746 2833/3747 2678/3550
f 2696/3578 2844/3748 2834/3746 2677/3549
f 2833/3747 2835/3749 2679/3551 2678/3550
f 2835/3750 2845/3751 2697/3579 2679/3552
f 2693/3572 2783/3752 2836/3753 2725/3618
f 2737/3631 2838/3754 2837/3723 2736/3521
f 2776/3632 2854/3755 2838/3754 2737/3631
f 2726/3619 2798/3706 2839/3756 2741/3620
f 2604/3313 2743/3640 2840/3757 2667/3450
f 2841/3758 2748/3645 2609/3326 2689/3457
f 2842/3759 2803/3710 2739/3635 2750/3634
f 2843/3760 2761/3662 2770/3673 2807/3672
f 2706/3589 2851/3761 2844/3748 2696/3578
f 2845/3762 2852/3763 2707/3591 2697/3590
f 2773/3676 2762/3663 2846/3764 2810/3677
f 2847/3765 2798/3706 2764/3666 2812/3667
f 2765/3573 2848/3766 2812/3667
f 2799/3638 2878/3767 2848/3766 2765/3573
f 2849/3742 2879/3768 2800/3668 2766/3623
f 2706/3589 2745/3613 2851/3761
f 2707/3591 2852/3763 2746/3614
f 2801/3681 2880/3769 2854/3755 2776/3632
f 2855/3770 2881/3771 2802/3646 2777/3583
f 2777/3583 2829/3682 2855/3770
f 2778/3683 2803/3710 2856/3772 2829/3682
f 2741/3620 2839/3756 2857/3773 2785/3637
f 2858/3774 2832/3743 2722/3729 2813/3728
f 2859/3775 2860/3776 2659/3526 2723/3610
f 2860/3776 2884/3777 2788/3696
f 2860/3776 2788/3696 2659/3526
f 2660/3527 2862/3778 2861/3779 2724/3617
f 2796/3704 2885/3780 2862/3778
f 2796/3704 2862/3778 2660/3527
f 2725/3781 2836/3782 2863/3783 2828/3784
f 2864/3785 2842/3759 2750/3634 2786/3647
f 2742/3533 2865/3695 2866/3786 2799/3638
f 2807/3672 2850/3787 2843/3760
f 2673/3788 2868/3789 2867/3790 2754/3791
f 2867/3790 2869/3721 2684/3720 2754/3791
f 2810/3677 2846/3764 2853/3722
f 2871/3792 2870/3705 2749/3569 2802/3646
f 2872/3730 2927/3793 2865/3695 2787/3574
f 2781/3794 2914/3795 2818/3796 2760/3797
f 2874/3798 2851/3761 2745/3613 2761/3662
f 2746/3643 2852/3799 2875/3800 2762/3663
f 2823/3694 2915/3801 2782/3686 2763/3664
f 2870/3705 2932/3802 2877/3739 2797/3582
f 2848/3766 2926/3803 2847/3765 2812/3667
f 2866/3786 2940/3804 2878/3767 2799/3638
f 2879/3768 2908/3805 2814/3707 2800/3668
f 2826/3806 2921/3807 2880/3808 2801/3809
f 2881/3771 2945/3810 2871/3792 2802/3646
f 2856/3772 2933/3811 2855/3770 2829/3682
f 2798/3706 2847/3765 2882/3812 2839/3756
f 2785/3727 2857/3813 2883/3814 2813/3728
f 2715/3599 2788/3696 2884/3777 2816/3731
f 2885/3780 2796/3704 2720/3607 2825/3738
f 2886/3815 2864/3785 2786/3647 2828/3740
f 2887/3816 2856/3772 2803/3710 2842/3759
f 2667/3450 2840/3757 2888/3817 2752/3534
f 2889/3818 2840/3757 2743/3640 2816/3731
f 2753/3650 2910/3819 2859/3775 2723/3610
f 2704/3820 2756/3821 2890/3822 2820/3823
f 2891/3824 2874/3798 2761/3662 2843/3760
f 2762/3663 2875/3800 2892/3825 2846/3764
f 2893/3826 2757/3658 2709/3593 2821/3735
f 2861/3779 2920/3827 2758/3659 2724/3617
f 2894/3828 2841/3758 2689/3457 2759/3567
f 2895/3829 2825/3738 2748/3645 2841/3758
f 2896/3830 2897/3831 2831/3832 2830/3833
f 2897/3831 2928/3834 2849/3835 2831/3832
f 2898/3836 2896/3830 2830/3833 2804/3837
f 2779/3744 2900/3838 2899/3839 2805/3840
f 2832/3743 2929/3841 2900/3838 2779/3744
f 2850/3787 2817/3842 2901/3843 2843/3760
f 2902/3844 2822/3736 2853/3722 2846/3764
f 2903/3845 2904/3846 2783/3688 2808/3718
f 2904/3846 2930/3847 2836/3782 2783/3688
f 2838/3848 2906/3849 2905/3850 2837/3851
f 2854/3852 2931/3853 2906/3849 2838/3848
f 2837/3851 2905/3850 2907/3854 2811/3855
f 2908/3805 2947/3856 2872/3730 2814/3707
f 2873/3857 2954/3858 2898/3836 2804/3837
f 2909/3859 2910/3819 2753/3650 2767/3669
f 2911/3860 2912/3861 2716/3600 2717/3602
f 2912/3861 2923/3862 2780/3601 2716/3600
f 2913/3863 2911/3864 2717/3708 2790/3699
f 2805/3840 2899/3839 2868/3789
f 2781/3685 2820/3734 2914/3865
f 2782/3686 2915/3801 2821/3866
f 2808/3718 2869/3721 2903/3845
f 2718/3605 2918/3867 2916/3868 2719/3606
f 2719/3606 2916/3868 2917/3869 2795/3703
f 2784/3604 2924/3870 2918/3867 2718/3605
f 2758/3659 2920/3827 2919/3871 2775/3872
f 2907/3854 2958/3873 2876/3874 2811/3855
f 2877/3875 2950/3876 2921/3807 2826/3806
f 2922/3877 2939/3878 2857/3813 2839/3879
f 2839/3879 2882/3880 2922/3877
f 2813/3728 2883/3814 2858/3774
f 2923/3862 2909/3859 2767/3669 2780/3601
f 2775/3680 2919/3881 2924/3870 2784/3604
f 2828/3784 2863/3783 2886/3882
f 2864/3785 2946/3883 2925/3884 2842/3759
f 2842/3759 2925/3884 2887/3816
f 2926/3803 2951/3885 2882/3812 2847/3765
f 2878/3767 2963/3886 2926/3803 2848/3766
f 2927/3793 2940/3804 2866/3786 2865/3695
f 2928/3834 2942/3887 2879/3888 2849/3835
f 2832/3743 2858/3774 2929/3841
f 2836/3889 2930/3890 2863/3891
f 2880/3808 2943/3892 2931/3853 2854/3852
f 2871/3792 2945/3810 2932/3802 2870/3705
f 2887/3816 2962/3893 2933/3811 2856/3772
f 2933/3811 2977/3894 2881/3771 2855/3770
f 2934/3895 2913/3863 2790/3699 2789/3698
f 2935/3896 2934/3895 2789/3698 2791/3697
f 2936/3897 2935/3896 2791/3697 2793/3700
f 2792/3701 2937/3898 2936/3897 2793/3700
f 2794/3702 2938/3899 2937/3898 2792/3701
f 2795/3703 2917/3869 2938/3899 2794/3702
f 2857/3813 2939/3878 2883/3814
f 2752/3534 2888/3817 2941/3900 2815/3649
f 2942/3887 2978/3901 2908/3902 2879/3888
f 2843/3760 2901/3843 2891/3824
f 2846/3764 2892/3825 2902/3844
f 2921/3807 2982/3903 2943/3892 2880/3808
f 2944/3904 2894/3828 2759/3567 2827/3660
f 2864/3905 2886/3882 2946/3906
f 2947/3907 2999/3908 2927/3909 2872/3910
f 2948/3911 2901/3912 2817/3732 2819/3733
f 2949/3913 2824/3737 2822/3736 2902/3844
f 2932/3914 3004/3915 2950/3876 2877/3875
f 2951/3916 2987/3917 2922/3877 2882/3880
f 2816/3731 2884/3777 2952/3918 2889/3818
f 2953/3919 3011/3920 2888/3817 2840/3757
f 2840/3757 2889/3818 2953/3919
f 2955/3921 2954/3858 2873/3857 2815/3922
f 2820/3823 2890/3822 2956/3923
f 2820/3734 2956/3924 2914/3865
f 2957/3925 2893/3826 2821/3735
f 2957/3925 2821/3735 2915/3926
f 2876/3874 2958/3873 2959/3927 2827/3928
f 2894/3828 3016/3929 2960/3930 2841/3758
f 2841/3758 2960/3930 2895/3829
f 2961/3931 2885/3780 2825/3738 2895/3829
f 2925/3884 2998/3932 2962/3893 2887/3816
f 2878/3767 2940/3804 2963/3886
f 2883/3814 2939/3878 2964/3933 2858/3774
f 2965/3934 2966/3935 2897/3831 2896/3830
f 2966/3935 2983/3936 2928/3834 2897/3831
f 2967/3937 2965/3934 2896/3830 2898/3836
f 2818/3796 2914/3795 2968/3938
f 2818/3692 2968/3939 2819/3733
f 2834/3746 2970/3940 2969/3941 2833/3747
f 2834/3746 2844/3748 2970/3940
f 2969/3941 2971/3942 2835/3749 2833/3747
f 2835/3750 2971/3943 2845/3751
f 2972/3944 2915/3801 2823/3694
f 2972/3944 2823/3694 2824/3737
f 2906/3849 2974/3945 2973/3946 2905/3850
f 2931/3853 2986/3947 2974/3945 2906/3849
f 2905/3850 2973/3946 2975/3948 2907/3854
f 2976/3949 2946/3906 2886/3882 2863/3783
f 2881/3950 2977/3951 2945/3952
f 2978/3901 3019/3953 2947/3907 2908/3902
f 2954/3858 3025/3954 2967/3937 2898/3836
f 2868/3789 2980/3955 2979/3956 2867/3790
f 2899/3839 2989/3957 2980/3955 2868/3789
f 2979/3956 2981/3958 2869/3721 2867/3790
f 2981/3958 2996/3959 2903/3845 2869/3721
f 2975/3948 3033/3960 2958/3873 2907/3854
f 2950/3876 3022/3961 2982/3903 2921/3807
f 2983/3936 3012/3962 2942/3887 2928/3834
f 2984/3963 2970/3940 2844/3748 2851/3761
f 2845/3751 2971/3943 2985/3964 2852/3799
f 2943/3892 3015/3965 2986/3947 2931/3853
f 2922/3877 2987/3917 2939/3878
f 2858/3774 2964/3933 2988/3966 2929/3841
f 2900/3838 3001/3967 2989/3957 2899/3839
f 2819/3733 2968/3939 2990/3968 2948/3911
f 2991/3969 2891/3824 2901/3843 2948/3970
f 2771/3971 3007/3972 2992/3973 2756/3821
f 2756/3821 2992/3973 2890/3822
f 2851/3761 2874/3798 2984/3963
f 2852/3799 2985/3964 2875/3800
f 2993/3974 3007/3972 2771/3971 2757/3975
f 2757/3658 2893/3826 2993/3976
f 2902/3844 2892/3825 2994/3977 2949/3913
f 2995/3978 2972/3944 2824/3737 2949/3913
f 2996/3959 3002/3979 2904/3846 2903/3845
f 2997/3980 2976/3949 2863/3783 2930/3847
f 2925/3884 2946/3883 2998/3932
f 2999/3908 3024/3981 2940/3982 2927/3909
f 3000/3983 2955/3921 2815/3922 2941/3984
f 2929/3841 2988/3966 3001/3967 2900/3838
f 3002/3979 2997/3980 2930/3847 2904/3846
f 3003/3985 2944/3986 2827/3928 2959/3927
f 2945/3952 3035/3987 3004/3915 2932/3914
f 2926/3988 2963/3989 3005/3990 2951/3916
f 3006/3991 2984/3963 2874/3798 2891/3824
f 2875/3992 2985/3993 3008/3994 2892/3995
f 3009/3996 2977/3951 2933/3997 2962/3998
f 3010/3999 2964/3933 2939/3878 2987/3917
f 3011/3920 3049/4000 2941/3900 2888/3817
f 3012/3962 3037/4001 2978/3901 2942/3887
f 3013/4002 2968/3938 2914/3795
f 3013/4003 2914/3865 2956/3924
f 3014/4004 2957/4005 2915/3801
f 3014/4004 2915/3801 2972/3944
f 2982/3903 3040/4006 3015/3965 2943/3892
f 2944/3904 3052/4007 3016/3929 2894/3828
f 3017/4008 2998/4009 2946/3906 2976/3949
f 2889/3818 2952/3918 3018/4010 2953/3919
f 3019/3953 3048/4011 2999/3908 2947/3907
f 2890/3822 2992/3973 3020/4012 2956/3923
f 3021/4013 2993/3976 2893/3826 2957/3925
f 3004/3915 3053/4014 3022/3961 2950/3876
f 3023/4015 2961/3931 2895/3829 2960/3930
f 3024/3981 3055/4016 2963/3989 2940/3982
f 3026/4017 3025/3954 2954/3858 2955/3921
f 3027/4018 3028/4019 2966/3935 2965/3934
f 3028/4019 3038/4020 2983/3936 2966/3935
f 3029/4021 3027/4018 2965/3934 2967/3937
f 2974/3945 3031/4022 3030/4023 2973/3946
f 2986/3947 3039/4024 3031/4022 2974/3945
f 2973/3946 3030/4023 3032/4025 2975/3948
f 2958/3873 3033/3960 3034/4026 2959/3927
f 2977/3951 3070/4027 3035/3987 2945/3952
f 3025/3954 3075/4028 3029/4021 2967/3937
f 3032/4025 3091/4029 3033/3960 2975/3948
f 2951/3916 3005/3990 3036/4030 2987/3917
f 3037/4001 3073/4031 3019/3953 2978/3901
f 3038/4020 3061/4032 3012/3962 2983/3936
f 3015/3965 3064/4033 3039/4024 2986/3947
f 3022/3961 3094/4034 3040/4006 2982/3903
f 3041/4035 3009/3996 2962/3998 2998/4009
f 3042/4036 2991/4037 2948/3911 2990/3968
f 2980/3955 3044/4038 3043/4039 2979/3956
f 2989/3957 3062/4040 3044/4038 2980/3955
f 3043/4039 3045/4041 2981/3958 2979/3956
f 3045/4041 3063/4042 2996/3959 2981/3958
f 2949/3913 2994/3977 3046/4043 2995/3978
f 2987/3917 3036/4030 3010/3999
f 3047/4044 3072/4045 2988/3966 2964/3933
f 2964/3933 3010/3999 3047/4044
f 3048/4011 3106/4046 3024/3981 2999/3908
f 2941/3984 3049/4047 3000/3983
f 3050/4048 3026/4017 2955/3921 3000/3983
f 2891/3824 2991/3969 3006/3991
f 2892/3825 3008/4049 2994/3977
f 3051/4050 3003/3985 2959/3927 3034/4026
f 2944/3904 3003/4051 3052/4007
f 3035/3987 3116/4052 3053/4014 3004/3915
f 2997/3980 3090/4053 3054/4054 2976/3949
f 2976/3949 3054/4054 3017/4008
f 2998/4009 3017/4008 3041/4035
f 3055/4016 3036/4030 3005/3990 2963/3989
f 2884/3777 3056/4055 2952/3918
f 3057/4056 3056/4055 2884/3777 2860/3776
f 2953/3919 3018/4010 3058/4057 3011/3920
f 3059/4058 3060/4059 2909/3859 2923/3862
f 2909/3859 3060/4059 2910/3819
f 3061/4032 3101/4060 3037/4001 3012/3962
f 2989/3957 3001/3967 3062/4040
f 2996/3959 3063/4042 3002/3979
f 3040/4006 3104/4061 3064/4033 3015/3965
f 2919/3881 3066/4062 3065/4063 2924/3870
f 2919/3881 2920/4064 3066/4062
f 3067/4065 3023/4015 2960/3930 3016/3929
f 2885/3780 2961/3931 3068/4066
f 2885/3780 3068/4066 3069/4067 2862/3778
f 3009/3996 3041/4035 3070/4027 2977/3951
f 3071/4068 3059/4058 2923/3862 2912/3861
f 3072/4045 3062/4040 3001/3967 2988/3966
f 3073/4031 3121/4069 3048/4011 3019/3953
f 3074/4070 3071/4068 2912/3861 2911/3860
f 3076/4071 3075/4028 3025/3954 3026/4017
f 3077/4072 3074/4073 2911/3864 2913/3863
f 3078/4074 3079/4075 3028/4019 3027/4018
f 3079/4075 3102/4076 3038/4020 3028/4019
f 3080/4077 3078/4074 3027/4018 3029/4021
f 3081/4078 3077/4072 2913/3863 2934/3895
f 3082/4079 3081/4078 2934/3895 2935/3896
f 2917/3869 3085/4080 3083/4081 2938/3899
f 2938/3899 3083/4081 3084/4082 2937/3898
f 2916/3868 3089/4083 3085/4080 2917/3869
f 3031/4022 3087/4084 3086/4085 3030/4023
f 3039/4024 3103/4086 3087/4084 3031/4022
f 3030/4023 3086/4085 3088/4087 3032/4025
f 2918/3867 3093/4088 3089/4083 2916/3868
f 3002/3979 3063/4042 3090/4053 2997/3980
f 3033/3960 3091/4029 3092/4089 3034/4026
f 2924/3870 3065/4063 3093/4088 2918/3867
f 3053/4014 3130/4090 3094/4034 3022/3961
f 3075/4028 3135/4091 3080/4077 3029/4021
f 2956/3923 3020/4012 3095/4092
f 2956/3923 3095/4092 3013/4093
f 2968/3939 3096/4094 2990/3968
f 3013/4002 3095/4095 3096/4096 2968/3938
f 3097/4097 3082/4079 2935/3896 2936/3897
f 2937/3898 3084/4082 3097/4097 2936/3897
f 2972/3944 2995/3978 3098/4098
f 3098/4098 3099/4099 3014/4004 2972/3944
f 3099/4100 3021/4101 2957/4102
f 3099/4100 2957/4102 3014/4103
f 3088/4087 3142/4104 3091/4029 3032/4025
f 2952/3918 3056/4055 3100/4105 3018/4010
f 3101/4060 3134/4106 3073/4031 3037/4001
f 3102/4076 3110/4107 3061/4032 3038/4020
f 3064/4033 3113/4108 3103/4086 3039/4024
f 3094/4034 3144/4109 3104/4061 3040/4006
f 3105/4110 3068/4066 2961/3931 3023/4015
f 3107/4111 3161/4112 3055/4016 3024/3981
f 3024/3981 3106/4046 3107/4111
f 3108/4113 3050/4048 3000/3983 3049/4047
f 3026/4017 3050/4048 3109/4114 3076/4071
f 3110/4107 3145/4115 3101/4060 3061/4032
f 3111/4116 3042/4036 2990/3968 3096/4094
f 3112/4117 3098/4098 2995/3978 3046/4043
f 3104/4061 3149/4118 3113/4108 3064/4033
f 3114/4119 3051/4050 3034/4026 3092/4089
f 3115/4120 3052/4121 3003/3985 3051/4050
f 3070/4027 3170/4122 3117/4123 3035/3987
f 3035/3987 3117/4123 3116/4052
f 3118/4124 3119/4125 3010/3999 3036/4030
f 3055/4016 3161/4112 3118/4124 3036/4030
f 3119/4125 3162/4126 3047/4044 3010/3999
f 3011/3920 3058/4057 3120/4127 3049/4000
f 3121/4069 3182/4128 3106/4046 3048/4011
f 3122/4129 3123/4130 3079/4075 3078/4074
f 3123/4130 3137/4131 3102/4076 3079/4075
f 3124/4132 3122/4129 3078/4074 3080/4077
f 3125/4133 3006/3991 2991/3969 3042/4134
f 3126/4135 3046/4043 2994/3977 3008/4049
f 3087/4084 3128/4136 3127/4137 3086/4085
f 3103/4086 3141/4138 3128/4136 3087/4084
f 3086/4085 3127/4137 3129/4139 3088/4087
f 3116/4052 3188/4140 3130/4090 3053/4014
f 3131/4141 3067/4065 3016/3929 3052/4007
f 3017/4008 3133/4142 3132/4143 3041/4035
f 3054/4054 3169/4144 3133/4142 3017/4008
f 3132/4143 3170/4122 3070/4027 3041/4035
f 3134/4106 3183/4145 3121/4069 3073/4031
f 3136/4146 3135/4091 3075/4028 3076/4071
f 3135/4091 3164/4147 3124/4132 3080/4077
f 3137/4131 3152/4148 3110/4107 3102/4076
f 3044/4038 3139/4149 3138/4150 3043/4039
f 3062/4040 3151/4151 3139/4149 3044/4038
f 3138/4150 3140/4152 3045/4041 3043/4039
f 3140/4152 3159/4153 3063/4042 3045/4041
f 3113/4108 3158/4154 3141/4138 3103/4086
f 3129/4139 3167/4155 3142/4104 3088/4087
f 3091/4029 3142/4104 3143/4156 3092/4089
f 3130/4090 3187/4157 3144/4109 3094/4034
f 3145/4115 3184/4158 3134/4106 3101/4060
f 3146/4159 3095/4092 3020/4012 2992/3973
f 3007/3972 3156/4160 3146/4159 2992/3973
f 2970/3940 2984/3963 3147/4161 2969/3941
f 3147/4161 2985/3993 2971/3942
f 3147/4161 2971/3942 2969/3941
f 3148/4162 3156/4160 3007/3972 2993/3974
f 3021/4101 3099/4100 3148/4162 2993/3974
f 3144/4109 3186/4163 3149/4118 3104/4061
f 3018/4010 3100/4105 3150/4164 3058/4057
f 3062/4040 3072/4045 3151/4151
f 3152/4148 3175/4165 3145/4115 3110/4107
f 3153/4166 3154/4167 3123/4130 3122/4129
f 3154/4167 3157/4168 3137/4131 3123/4130
f 3122/4129 3124/4132 3155/4169 3153/4166
f 3006/3991 3125/4133 3147/4161
f 3006/3991 3147/4161 2984/3963
f 3153/4166 3127/4137 3128/4136 3154/4167
f 3141/4138 3157/4168 3154/4167 3128/4136
f 3155/4169 3129/4139 3127/4137 3153/4166
f 2985/3993 3147/4161 3008/3994
f 3149/4118 3176/4170 3158/4154 3113/4108
f 3063/4042 3159/4153 3090/4053
f 3160/4171 3105/4110 3023/4015 3067/4065
f 3162/4126 3151/4151 3072/4045 3047/4044
f 3076/4071 3109/4114 3163/4172 3136/4146
f 3124/4132 3164/4147 3165/4173 3155/4169
f 3157/4168 3166/4174 3152/4148 3137/4131
f 3158/4154 3166/4174 3157/4168 3141/4138
f 3165/4173 3167/4155 3129/4139 3155/4169
f 3168/4175 3114/4119 3092/4089 3143/4156
f 3090/4053 3159/4153 3169/4144 3054/4054
f 3171/4176 3181/4177 2860/3776 2859/3775
f 3172/4178 3171/4176 2859/3775 2910/3819
f 3049/4047 3120/4179 3173/4180 3108/4113
f 3050/4048 3108/4113 3174/4181 3109/4114
f 3135/4091 3136/4146 3164/4147
f 3166/4174 3185/4182 3175/4165 3152/4148
f 3176/4170 3185/4182 3166/4174 3158/4154
f 3142/4104 3167/4155 3143/4156
f 3177/4183 3115/4120 3051/4050 3114/4119
f 3178/4184 3131/4141 3052/4007 3115/4185
f 2862/3778 3189/4186 3179/4187 2861/3779
f 2861/3779 3179/4187 3180/4188 2920/3827
f 3181/4177 3293/4189 3057/4056
f 3181/4177 3057/4056 2860/3776
f 3182/4128 3209/4190 3107/4111 3106/4046
f 3183/4145 3212/4191 3182/4128 3121/4069
f 3184/4158 3213/4192 3183/4145 3134/4106
f 3175/4165 3196/4193 3184/4158 3145/4115
f 3186/4163 3197/4194 3176/4170 3149/4118
f 3187/4157 3206/4195 3186/4163 3144/4109
f 3188/4140 3216/4196 3187/4157 3130/4090
f 3117/4123 3220/4197 3188/4140 3116/4052
f 3069/4067 3297/4198 3189/4186
f 3069/4067 3189/4186 2862/3778
f 3095/4092 3146/4159 3190/4199
f 3095/4095 3190/4200 3096/4096
f 3096/4094 3190/4201 3111/4116
f 3191/4202 3125/4203 3042/4036 3111/4116
f 3147/4204 3192/4205 3126/4135
f 3147/4204 3126/4135 3008/4049
f 3046/4043 3126/4135 3192/4205 3112/4117
f 3098/4098 3112/4117 3193/4206
f 3193/4207 3148/4162 3099/4100
f 3193/4206 3099/4099 3098/4098
f 3058/4208 3150/4209 3194/4210 3120/4211
f 3136/4146 3163/4172 3195/4212 3164/4147
f 3185/4182 3198/4213 3196/4193 3175/4165
f 3197/4194 3198/4213 3185/4182 3176/4170
f 3199/4214 3168/4175 3143/4156 3167/4155
f 3200/4215 3160/4171 3067/4065 3131/4141
f 3109/4114 3174/4181 3201/4216 3163/4172
f 3139/4149 3203/4217 3202/4218 3138/4150
f 3139/4149 3151/4151 3203/4217
f 3164/4147 3195/4212 3204/4219 3165/4173
f 3202/4218 3205/4220 3140/4152 3138/4150
f 3204/4219 3199/4214 3167/4155 3165/4173
f 3140/4152 3205/4220 3159/4153
f 3206/4195 3224/4221 3197/4194
f 3206/4195 3197/4194 3186/4163
f 3207/4222 3177/4183 3114/4119 3168/4175
f 3208/4223 3210/4224 3119/4125 3118/4124
f 3161/4112 3226/4225 3208/4223 3118/4124
f 3209/4190 3226/4225 3161/4112 3107/4111
f 3210/4224 3214/4226 3162/4126 3119/4125
f 3108/4113 3173/4180 3211/4227 3174/4181
f 3213/4192 3223/4228 3212/4191 3183/4145
f 3214/4226 3203/4217 3151/4151 3162/4126
f 3159/4153 3205/4220 3215/4229 3169/4144
f 3216/4196 3224/4221 3206/4195 3187/4157
f 3217/4230 3178/4231 3115/4120 3177/4183
f 3133/4142 3219/4232 3218/4233 3132/4143
f 3169/4144 3215/4229 3219/4232 3133/4142
f 3170/4122 3231/4234 3220/4197 3117/4123
f 3218/4233 3231/4234 3170/4122 3132/4143
f 3221/4235 3172/4178 2910/3819 3060/4059
f 3212/4191 3244/4236 3209/4190 3182/4128
f 3198/4213 3197/4194 3222/4237
f 3198/4213 3222/4237 3196/4193
f 3222/4237 3245/4238 3223/4228
f 3222/4237 3223/4228 3196/4193
f 3224/4221 3245/4238 3222/4237
f 3224/4221 3222/4237 3197/4194
f 3220/4197 3246/4239 3216/4196 3188/4140
f 2920/3827 3180/4188 3225/4240 3066/4241
f 3163/4172 3201/4216 3227/4242 3195/4212
f 3111/4116 3190/4201 3228/4243 3191/4202
f 3229/4244 3193/4206 3112/4117 3192/4205
f 3230/4245 3207/4222 3168/4175 3199/4214
f 3056/4055 3057/4056 3232/4246 3100/4105
f 3120/4211 3194/4210 3233/4247 3173/4248
f 3191/4249 3228/4250 3147/4161
f 3191/4249 3147/4161 3125/4133
f 3234/4251 3200/4215 3131/4141 3178/4184
f 3235/4252 3069/4067 3068/4066 3105/4110
f 3100/4105 3232/4246 3236/4253 3150/4164
f 3174/4181 3211/4227 3237/4254 3201/4216
f 3203/4217 3239/4255 3238/4256 3202/4218
f 3214/4226 3210/4224 3239/4255
f 3214/4226 3239/4255 3203/4217
f 3195/4212 3227/4242 3240/4257 3204/4219
f 3240/4257 3230/4245 3199/4214 3204/4219
f 3238/4256 3241/4258 3205/4220 3202/4218
f 3241/4258 3219/4232 3215/4229
f 3241/4258 3215/4229 3205/4220
f 3242/4259 3217/4230 3177/4183 3207/4222
f 3243/4260 3235/4252 3105/4110 3160/4171
f 3244/4236 3258/4261 3226/4225 3209/4190
f 3223/4228 3274/4262 3244/4236 3212/4191
f 3246/4239 3277/4263 3224/4221 3216/4196
f 3231/4234 3267/4264 3246/4239 3220/4197
f 3247/4265 3221/4235 3060/4059 3059/4058
f 3248/4266 3247/4265 3059/4058 3071/4068
f 3208/4223 3249/4267 3210/4224
f 3226/4225 3258/4261 3249/4267 3208/4223
f 3249/4267 3275/4268 3239/4255 3210/4224
f 3250/4269 3190/4199 3146/4159 3156/4160
f 3148/4162 3193/4207 3251/4270 3156/4160
f 3219/4232 3252/4271 3218/4233
f 3241/4258 3278/4272 3252/4271 3219/4232
f 3252/4271 3267/4264 3231/4234 3218/4233
f 3066/4062 3225/4273 3253/4274 3065/4063
f 3065/4063 3253/4274 3254/4275 3093/4088
f 3074/4070 3257/4276 3255/4277 3071/4068
f 3071/4068 3255/4277 3248/4266
f 3173/4248 3233/4247 3256/4278 3211/4279
f 3077/4072 3259/4280 3257/4281 3074/4073
f 3077/4072 3081/4078 3259/4280
f 3260/4282 3259/4280 3081/4078 3082/4079
f 3201/4216 3237/4254 3261/4283 3227/4242
f 3262/4284 3260/4282 3082/4079 3097/4097
f 3084/4082 3263/4285 3262/4284 3097/4097
f 3083/4081 3265/4286 3263/4285 3084/4082
f 3264/4287 3242/4259 3207/4222 3230/4245
f 3083/4081 3085/4080 3265/4286
f 3266/4288 3265/4286 3085/4080 3089/4083
f 3268/4289 3266/4288 3089/4083 3093/4088
f 3269/4290 3234/4251 3178/4184 3217/4291
f 3093/4088 3254/4275 3268/4289
f 3150/4209 3236/4292 3270/4293 3194/4210
f 3227/4242 3261/4283 3271/4294 3240/4257
f 3156/4160 3251/4270 3272/4295 3250/4269
f 3271/4294 3264/4287 3230/4245 3240/4257
f 3147/4204 3272/4296 3229/4244 3192/4205
f 3273/4297 3243/4260 3160/4171 3200/4215
f 3274/4262 3281/4298 3258/4261 3244/4236
f 3239/4255 3275/4268 3276/4299 3238/4256
f 3190/4199 3250/4269 3228/4300
f 3245/4238 3279/4301 3274/4262 3223/4228
f 3229/4302 3272/4295 3251/4270
f 3229/4244 3251/4303 3193/4206
f 3277/4263 3279/4301 3245/4238 3224/4221
f 3276/4299 3278/4272 3241/4258 3238/4256
f 3267/4264 3282/4304 3277/4263 3246/4239
f 3258/4261 3281/4298 3275/4268 3249/4267
f 3278/4272 3282/4304 3267/4264 3252/4271
f 3211/4279 3256/4278 3280/4305 3237/4306
f 3272/4295 3147/4307 3228/4300 3250/4269
f 3283/4308 3269/4309 3217/4230 3242/4259
f 3194/4210 3270/4293 3284/4310 3233/4247
f 3279/4301 3287/4311 3281/4298 3274/4262
f 3282/4304 3287/4311 3279/4301 3277/4263
f 3285/4312 3273/4297 3200/4215 3234/4251
f 3237/4306 3280/4305 3286/4313 3261/4314
f 3287/4311 3276/4299 3275/4268 3281/4298
f 3287/4311 3282/4304 3278/4272 3276/4299
f 3288/4315 3283/4308 3242/4259 3264/4287
f 3261/4283 3286/4316 3289/4317 3271/4294
f 3289/4317 3288/4315 3264/4287 3271/4294
f 3233/4247 3284/4310 3290/4318 3256/4278
f 3291/4319 3285/4312 3234/4251 3269/4290
f 3232/4246 3292/4320 3236/4253
f 3293/4189 3292/4320 3232/4246 3057/4056
f 3256/4278 3290/4318 3294/4321 3280/4305
f 3295/4322 3291/4319 3269/4290 3283/4323
f 3235/4252 3243/4260 3296/4324
f 3235/4252 3296/4324 3297/4198 3069/4067
f 3236/4292 3292/4325 3298/4326 3270/4293
f 3299/4327 3296/4324 3243/4260 3273/4297
f 3280/4305 3294/4321 3300/4328 3286/4313
f 3286/4313 3300/4328 3301/4329 3289/4330
f 3302/4331 3295/4332 3283/4333 3288/4334
f 3301/4329 3302/4331 3288/4334 3289/4330
f 3270/4293 3298/4326 3303/4335 3284/4310
f 3304/4336 3299/4327 3273/4297 3285/4312
f 3284/4310 3303/4335 3305/4337 3290/4318
f 3306/4338 3304/4336 3285/4312 3291/4319
f 3290/4318 3305/4337 3307/4339 3294/4321
f 3308/4340 3306/4341 3291/4342 3295/4332
f 3294/4321 3307/4339 3309/4343 3300/4328
f 3300/4328 3309/4343 3310/4344 3301/4329
f 3311/4345 3308/4340 3295/4332 3302/4331
f 3310/4344 3311/4345 3302/4331 3301/4329
f 3292/4325 3313/4346 3312/4347 3298/4326
f 3292/4320 3293/4189 3313/4348
f 3314/4349 3315/4350 3296/4324 3299/4327
f 3296/4324 3315/4350 3297/4198
f 3298/4326 3312/4347 3316/4351 3303/4335
f 3317/4352 3314/4349 3299/4327 3304/4336
f 3303/4335 3316/4351 3318/4353 3305/4337
f 3319/4354 3317/4352 3304/4336 3306/4338
f 3305/4337 3318/4353 3320/4355 3307/4339
f 3321/4356 3319/4357 3306/4341 3308/4340
f 3307/4339 3320/4355 3322/4358 3309/4343
f 3323/4359 3321/4356 3308/4340 3311/4345
f 3309/4343 3322/4358 3324/4360 3310/4344
f 3324/4360 3323/4359 3311/4345 3310/4344
f 3181/4177 3329/4361 3325/4362 3293/4189
f 3293/4189 3325/4362 3326/4363 3313/4348
f 3327/4364 3328/4365 3297/4198 3315/4350
f 3328/4365 3334/4366 3189/4186 3297/4198
f 3171/4176 3342/4367 3329/4361 3181/4177
f 3313/4346 3326/4368 3330/4369 3312/4347
f 3312/4347 3330/4369 3331/4370 3316/4351
f 3332/4371 3327/4364 3315/4350 3314/4349
f 3333/4372 3332/4371 3314/4349 3317/4352
f 3334/4366 3343/4373 3179/4187 3189/4186
f 3316/4351 3331/4370 3335/4374 3318/4353
f 3336/4375 3333/4372 3317/4352 3319/4354
f 3318/4353 3335/4374 3337/4376 3320/4355
f 3320/4355 3337/4376 3338/4377 3322/4358
f 3339/4378 3336/4379 3319/4357 3321/4356
f 3340/4380 3339/4378 3321/4356 3323/4359
f 3322/4358 3338/4377 3341/4381 3324/4360
f 3341/4381 3340/4380 3323/4359 3324/4360
f 3172/4178 3344/4382 3342/4367 3171/4176
f 3343/4373 3345/4383 3180/4188 3179/4187
f 3221/4235 3346/4384 3344/4382 3172/4178
f 3345/4383 3347/4385 3225/4240 3180/4188
f 3247/4265 3348/4386 3346/4384 3221/4235
f 3347/4387 3349/4388 3253/4274 3225/4273
f 3248/4266 3350/4389 3348/4386 3247/4265
f 3349/4388 3351/4390 3254/4275 3253/4274
f 3255/4277 3352/4391 3350/4389 3248/4266
f 3351/4390 3360/4392 3268/4289 3254/4275
f 3257/4281 3353/4393 3352/4394 3255/4395
f 3259/4280 3354/4396 3353/4393 3257/4281
f 3260/4282 3355/4397 3354/4396 3259/4280
f 3262/4284 3357/4398 3355/4397 3260/4282
f 3356/4399 3357/4398 3262/4284 3263/4285
f 3358/4400 3356/4399 3263/4285 3265/4286
f 3359/4401 3358/4400 3265/4286 3266/4288
f 3360/4392 3359/4401 3266/4288 3268/4289
f 3325/4362 3362/4402 3361/4403 3326/4363
f 3329/4361 3369/4404 3362/4402 3325/4362
f 3326/4368 3361/4405 3363/4406 3330/4369
f 3330/4369 3363/4406 3364/4407 3331/4370
f 3365/4408 3367/4409 3327/4364 3332/4371
f 3366/4410 3365/4408 3332/4371 3333/4372
f 3367/4409 3368/4411 3328/4365 3327/4364
f 3368/4411 3382/4412 3334/4366 3328/4365
f 3342/4367 3370/4413 3369/4404 3329/4361
f 3344/4382 3371/4414 3370/4413 3342/4367
f 3346/4384 3372/4415 3371/4414 3344/4382
f 3348/4386 3373/4416 3372/4415 3346/4384
f 3350/4389 3383/4417 3373/4416 3348/4386
f 3331/4370 3364/4407 3374/4418 3335/4374
f 3335/4374 3374/4418 3375/4419 3337/4376
f 3376/4420 3366/4410 3333/4372 3336/4375
f 3377/4421 3376/4422 3336/4379 3339/4378
f 3378/4423 3379/4424 3349/4388 3347/4387
f 3379/4424 3396/4425 3351/4390 3349/4388
f 3380/4426 3378/4427 3347/4385 3345/4383
f 3381/4428 3380/4426 3345/4383 3343/4373
f 3382/4412 3381/4428 3343/4373 3334/4366
f 3352/4391 3384/4429 3383/4417 3350/4389
f 3353/4393 3385/4430 3384/4431 3352/4394
f 3354/4396 3386/4432 3385/4430 3353/4393
f 3355/4397 3388/4433 3386/4432 3354/4396
f 3337/4376 3375/4419 3387/4434 3338/4377
f 3357/4398 3391/4435 3388/4433 3355/4397
f 3338/4377 3387/4434 3389/4436 3341/4381
f 3389/4436 3392/4437 3340/4380 3341/4381
f 3390/4438 3391/4435 3357/4398 3356/4399
f 3392/4437 3377/4421 3339/4378 3340/4380
f 3393/4439 3390/4438 3356/4399 3358/4400
f 3394/4440 3393/4439 3358/4400 3359/4401
f 3395/4441 3394/4440 3359/4401 3360/4392
f 3396/4425 3395/4441 3360/4392 3351/4390
f 3397/4442 3373/4443 3383/4444
f 3397/4442 3383/4444 3384/4445
f 3385/4446 3398/4447 3397/4442 3384/4445
f 3385/4446 3386/4448 3398/4447
f 3388/4449 3399/4450 3398/4447 3386/4448
f 3391/4451 3401/4452 3399/4450 3388/4449
f 3400/4453 3401/4452 3391/4451 3390/4454
f 3402/4455 3400/4453 3390/4454 3393/4456
f 3393/4456 3394/4457 3402/4455
f 3403/4458 3402/4455 3394/4457 3395/4459
f 3396/4460 3379/4461 3403/4458
f 3396/4460 3403/4458 3395/4459
f 3373/4443 3397/4442 3404/4462 3372/4463
f 3372/4463 3404/4462 3405/4464 3371/4465
f 3406/4466 3403/4458 3379/4461 3378/4467
f 3407/4468 3406/4466 3378/4467 3380/4469
f 3405/4464 3409/4470 3370/4471 3371/4465
f 3381/4472 3411/4473 3407/4468 3380/4469
f 3370/4471 3409/4470 3408/4474 3369/4475
f 3410/4476 3411/4473 3381/4472 3382/4477
f 3369/4475 3408/4474 3362/4478
f 3398/4447 3413/4479 3412/4480 3397/4442
f 3412/4480 3420/4481 3404/4462 3397/4442
f 3399/4450 3414/4482 3413/4479 3398/4447
f 3401/4452 3416/4483 3414/4482 3399/4450
f 3415/4484 3416/4483 3401/4452 3400/4453
f 3417/4485 3415/4484 3400/4453 3402/4455
f 3418/4486 3417/4485 3402/4455 3403/4458
f 3406/4466 3422/4487 3418/4486 3403/4458
f 3382/4477 3368/4488 3410/4476
f 3404/4462 3420/4481 3419/4489 3405/4464
f 3408/4474 3427/4490 3361/4491 3362/4478
f 3367/4492 3429/4493 3410/4476 3368/4488
f 3421/4494 3422/4487 3406/4466 3407/4468
f 3423/4495 3426/4496 3409/4470 3405/4464
f 3405/4464 3419/4489 3423/4495
f 3411/4473 3432/4497 3424/4498 3407/4468
f 3407/4468 3424/4498 3421/4494
f 3409/4470 3426/4496 3425/4499 3408/4474
f 3408/4474 3425/4499 3427/4490
f 3361/4491 3428/4500 3363/4501
f 3427/4490 3456/4502 3428/4500 3361/4491
f 3367/4492 3365/4503 3430/4504
f 3430/4504 3464/4505 3429/4493 3367/4492
f 3431/4506 3432/4497 3411/4473 3410/4476
f 3410/4476 3429/4493 3431/4506
f 3412/4480 3413/4479 3433/4507
f 3412/4480 3433/4507 3434/4508 3420/4481
f 3414/4482 3437/4509 3435/4510 3413/4479
f 3436/4511 3465/4512 3433/4507 3413/4479
f 3435/4510 3468/4513 3436/4511 3413/4479
f 3416/4483 3439/4514 3437/4509 3414/4482
f 3438/4515 3439/4514 3416/4483 3415/4484
f 3440/4516 3438/4515 3415/4484 3417/4485
f 3417/4485 3418/4486 3441/4517
f 3442/4518 3469/4519 3440/4516 3417/4485
f 3441/4517 3472/4520 3442/4518 3417/4485
f 3443/4521 3441/4517 3418/4486 3422/4487
f 3428/4500 3466/4522 3364/4523 3363/4501
f 3366/4524 3471/4525 3430/4504 3365/4503
f 3444/4526 3448/4527 3426/4496 3423/4495
f 3445/4528 3444/4526 3423/4495 3419/4489
f 3424/4498 3447/4529 3446/4530 3421/4494
f 3432/4497 3453/4531 3447/4529 3424/4498
f 3448/4527 3450/4532 3425/4499 3426/4496
f 3425/4499 3450/4532 3449/4533 3427/4490
f 3420/4481 3457/4534 3451/4535 3419/4489
f 3419/4489 3451/4535 3445/4528
f 3452/4536 3463/4537 3422/4487 3421/4494
f 3421/4494 3446/4530 3452/4536
f 3431/4506 3455/4538 3453/4531 3432/4497
f 3454/4539 3455/4538 3431/4506 3429/4493
f 3427/4490 3449/4533 3456/4502
f 3434/4508 3479/4540 3457/4534 3420/4481
f 3439/4514 3461/4541 3458/4542 3437/4509
f 3437/4509 3458/4542 3459/4543 3435/4510
f 3460/4544 3461/4541 3439/4514 3438/4515
f 3462/4545 3460/4544 3438/4515 3440/4516
f 3463/4537 3486/4546 3443/4521 3422/4487
f 3429/4493 3464/4505 3454/4539
f 3433/4507 3465/4512 3434/4508
f 3364/4523 3466/4522 3467/4547 3374/4548
f 3435/4510 3459/4543 3468/4513
f 3440/4516 3469/4519 3462/4545
f 3470/4549 3471/4525 3366/4524 3376/4550
f 3441/4517 3443/4521 3472/4520
f 3456/4551 3505/4552 3473/4553 3428/4554
f 3473/4553 3508/4555 3466/4556 3428/4554
f 3468/4513 3492/4557 3474/4558 3436/4511
f 3436/4511 3474/4558 3465/4512
f 3374/4548 3467/4547 3375/4559
f 3376/4550 3377/4560 3470/4549
f 3475/4561 3493/4562 3469/4519 3442/4518
f 3442/4518 3472/4520 3475/4561
f 3476/4563 3506/4564 3464/4505 3430/4504
f 3471/4525 3513/4565 3476/4563 3430/4504
f 3477/4566 3489/4567 3448/4568 3444/4569
f 3478/4570 3477/4566 3444/4569 3445/4571
f 3465/4512 3503/4572 3479/4540 3434/4508
f 3480/4573 3389/4574 3387/4575
f 3480/4573 3387/4575 3375/4559
f 3467/4547 3509/4576 3480/4573 3375/4559
f 3461/4541 3484/4577 3481/4578 3458/4542
f 3458/4542 3481/4578 3482/4579 3459/4543
f 3480/4573 3377/4560 3392/4580
f 3480/4573 3392/4580 3389/4574
f 3483/4581 3484/4577 3461/4541 3460/4544
f 3485/4582 3483/4581 3460/4544 3462/4545
f 3480/4573 3510/4583 3470/4549 3377/4560
f 3486/4546 3504/4584 3472/4520 3443/4521
f 3447/4585 3488/4586 3487/4587 3446/4588
f 3453/4589 3494/4590 3488/4586 3447/4585
f 3489/4567 3490/4591 3450/4592 3448/4568
f 3490/4591 3498/4593 3449/4594 3450/4592
f 3491/4595 3478/4570 3445/4571 3451/4596
f 3459/4543 3482/4579 3492/4557 3468/4513
f 3493/4562 3485/4582 3462/4545 3469/4519
f 3455/4597 3495/4598 3494/4590 3453/4589
f 3454/4599 3501/4600 3495/4598 3455/4597
f 3446/4588 3487/4587 3496/4601 3452/4602
f 3449/4603 3498/4604 3497/4605 3456/4551
f 3499/4606 3491/4595 3451/4596 3457/4607
f 3500/4608 3501/4600 3454/4599 3464/4609
f 3452/4536 3496/4610 3502/4611 3463/4537
f 3457/4607 3479/4612 3499/4606
f 3474/4613 3517/4614 3503/4615 3465/4616
f 3504/4617 3520/4618 3475/4619 3472/4620
f 3463/4621 3502/4622 3486/4623
f 3497/4605 3550/4624 3505/4552 3456/4551
f 3506/4625 3556/4626 3500/4608 3464/4609
f 3466/4556 3508/4555 3507/4627 3467/4628
f 3511/4629 3510/4583 3480/4573
f 3511/4629 3480/4573 3509/4576
f 3512/4630 3513/4565 3471/4525 3470/4549
f 3507/4627 3553/4631 3509/4632 3467/4628
f 3484/4577 3516/4633 3514/4634 3481/4578
f 3515/4635 3516/4633 3484/4577 3483/4581
f 3510/4583 3554/4636 3512/4630 3470/4549
f 3492/4637 3521/4638 3517/4639 3474/4640
f 3481/4578 3514/4634 3518/4641 3482/4579
f 3519/4642 3515/4635 3483/4581 3485/4582
f 3520/4618 3522/4643 3493/4644 3475/4619
f 3482/4645 3521/4638 3492/4637
f 3518/4646 3551/4647 3521/4638 3482/4645
f 3485/4582 3493/4562 3522/4648
f 3522/4648 3555/4649 3519/4642 3485/4582
f 3523/4650 3527/4651 3489/4567 3477/4566
f 3524/4652 3523/4650 3477/4566 3478/4570
f 3488/4586 3526/4653 3525/4654 3487/4587
f 3494/4590 3536/4655 3526/4653 3488/4586
f 3527/4651 3537/4656 3490/4591 3489/4567
f 3528/4657 3524/4652 3478/4570 3491/4595
f 3503/4658 3539/4659 3529/4660 3479/4612
f 3529/4660 3538/4661 3499/4606 3479/4612
f 3473/4553 3531/4662 3530/4663 3508/4555
f 3505/4552 3557/4664 3531/4662 3473/4553
f 3532/4665 3533/4666 3476/4563 3513/4565
f 3533/4667 3560/4668 3506/4625 3476/4669
f 3534/4670 3540/4671 3504/4617 3486/4623
f 3502/4622 3541/4672 3534/4670 3486/4623
f 3487/4587 3525/4654 3535/4673 3496/4601
f 3495/4598 3542/4674 3536/4655 3494/4590
f 3537/4656 3543/4675 3498/4593 3490/4591
f 3538/4661 3528/4657 3491/4595 3499/4606
f 3517/4614 3558/4676 3539/4677 3503/4615
f 3540/4671 3559/4678 3520/4618 3504/4617
f 3496/4601 3535/4673 3541/4679 3502/4680
f 3501/4600 3549/4681 3542/4674 3495/4598
f 3543/4682 3550/4624 3497/4605 3498/4604
f 3516/4683 3547/4684 3544/4685 3514/4686
f 3514/4686 3544/4685 3545/4687 3518/4688
f 3546/4689 3547/4684 3516/4683 3515/4690
f 3548/4691 3546/4689 3515/4690 3519/4692
f 3500/4608 3556/4626 3549/4681 3501/4600
f 3545/4693 3572/4694 3551/4647 3518/4646
f 3509/4632 3553/4631 3552/4695 3511/4696
f 3552/4695 3554/4697 3510/4698 3511/4696
f 3555/4699 3573/4700 3548/4691 3519/4692
f 3530/4663 3583/4701 3507/4627 3508/4555
f 3512/4702 3588/4703 3532/4704 3513/4705
f 3521/4638 3551/4647 3517/4639
f 3522/4643 3520/4618 3555/4699
f 3550/4624 3603/4706 3557/4664 3505/4552
f 3551/4647 3585/4707 3558/4708 3517/4639
f 3559/4678 3589/4709 3555/4699 3520/4618
f 3560/4668 3610/4710 3556/4626 3506/4625
f 3547/4684 3564/4711 3561/4712 3544/4685
f 3544/4685 3561/4712 3562/4713 3545/4687
f 3563/4714 3564/4711 3547/4684 3546/4689
f 3565/4715 3563/4714 3546/4689 3548/4691
f 3566/4716 3567/4717 3523/4650 3524/4652
f 3567/4717 3580/4718 3527/4651 3523/4650
f 3568/4719 3566/4716 3524/4652 3528/4657
f 3569/4720 3581/4721 3538/4661 3529/4660
f 3539/4659 3582/4722 3570/4723 3529/4660
f 3529/4660 3570/4723 3569/4720
f 3531/4662 3571/4724 3530/4663
f 3557/4664 3621/4725 3571/4724 3531/4662
f 3562/4726 3606/4727 3572/4694 3545/4693
f 3573/4700 3608/4728 3565/4715 3548/4691
f 3533/4667 3532/4729 3574/4730
f 3574/4730 3622/4731 3560/4668 3533/4667
f 3575/4732 3591/4733 3540/4671 3534/4670
f 3541/4672 3592/4734 3576/4735 3534/4670
f 3534/4670 3576/4735 3575/4732
f 3526/4653 3579/4736 3577/4737 3525/4654
f 3525/4654 3577/4737 3578/4738 3535/4673
f 3536/4655 3593/4739 3579/4736 3526/4653
f 3580/4718 3594/4740 3537/4656 3527/4651
f 3581/4721 3568/4719 3528/4657 3538/4661
f 3558/4676 3604/4741 3582/4742 3539/4677
f 3507/4627 3583/4701 3584/4743 3553/4631
f 3586/4744 3585/4707 3551/4647 3572/4694
f 3587/4745 3588/4703 3512/4702 3554/4697
f 3555/4699 3589/4709 3590/4746 3573/4700
f 3591/4733 3609/4747 3559/4678 3540/4671
f 3535/4673 3578/4738 3592/4748 3541/4679
f 3542/4674 3600/4749 3593/4739 3536/4655
f 3537/4656 3594/4740 3543/4675
f 3571/4724 3626/4750 3595/4751 3530/4663
f 3530/4663 3595/4751 3583/4701
f 3553/4631 3597/4752 3596/4753 3552/4695
f 3553/4631 3584/4743 3597/4752
f 3596/4753 3598/4754 3554/4697 3552/4695
f 3554/4697 3598/4754 3587/4745
f 3599/4755 3633/4756 3574/4730 3532/4729
f 3532/4704 3588/4703 3599/4757
f 3542/4674 3549/4681 3600/4749
f 3601/4758 3603/4706 3550/4624 3543/4682
f 3594/4740 3650/4759 3601/4760 3543/4675
f 3556/4626 3610/4710 3602/4761 3549/4681
f 3602/4761 3655/4762 3600/4749 3549/4681
f 3558/4708 3585/4707 3604/4763
f 3561/4764 3611/4765 3605/4766 3562/4767
f 3605/4766 3613/4768 3606/4769 3562/4767
f 3607/4770 3616/4771 3563/4772 3565/4773
f 3608/4774 3619/4775 3607/4770 3565/4773
f 3559/4678 3609/4747 3589/4709
f 3611/4765 3615/4776 3612/4777 3605/4766
f 3605/4766 3612/4777 3613/4768
f 3564/4778 3614/4779 3611/4765 3561/4764
f 3614/4779 3620/4780 3615/4776 3611/4765
f 3616/4771 3614/4779 3564/4778 3563/4772
f 3617/4781 3618/4782 3616/4771 3607/4770
f 3618/4782 3620/4780 3614/4779 3616/4771
f 3607/4770 3619/4775 3617/4781
f 3606/4727 3613/4783 3586/4744
f 3606/4727 3586/4744 3572/4694
f 3590/4784 3619/4785 3608/4786
f 3590/4784 3608/4786 3573/4787
f 3603/4706 3669/4788 3621/4725 3557/4664
f 3622/4731 3675/4789 3610/4710 3560/4668
f 3623/4790 3624/4791 3567/4717 3566/4716
f 3624/4791 3638/4792 3580/4718 3567/4717
f 3625/4793 3623/4790 3566/4716 3568/4719
f 3627/4794 3626/4750 3571/4724
f 3627/4794 3571/4724 3621/4725
f 3628/4795 3629/4796 3612/4797 3615/4798
f 3629/4799 3643/4800 3613/4783 3612/4801
f 3620/4802 3631/4803 3628/4795 3615/4798
f 3630/4804 3631/4803 3620/4802 3618/4805
f 3617/4806 3632/4807 3630/4804 3618/4805
f 3619/4808 3644/4809 3632/4807 3617/4806
f 3574/4730 3633/4756 3634/4810
f 3574/4730 3634/4810 3622/4731
f 3579/4736 3637/4811 3635/4812 3577/4737
f 3577/4737 3635/4812 3636/4813 3578/4738
f 3593/4739 3649/4814 3637/4811 3579/4736
f 3638/4792 3650/4759 3594/4740 3580/4718
f 3639/4815 3625/4793 3568/4719 3581/4721
f 3640/4816 3639/4815 3581/4721 3569/4720
f 3641/4817 3640/4816 3569/4720 3570/4723
f 3642/4818 3641/4819 3570/4820 3582/4742
f 3643/4800 3651/4821 3586/4744 3613/4783
f 3590/4784 3653/4822 3644/4823 3619/4785
f 3576/4735 3647/4824 3645/4825 3575/4732
f 3575/4732 3645/4825 3646/4826 3591/4733
f 3592/4734 3648/4827 3647/4824 3576/4735
f 3578/4738 3636/4813 3648/4828 3592/4748
f 3600/4749 3655/4762 3649/4814 3593/4739
f 3604/4741 3658/4829 3642/4818 3582/4742
f 3651/4821 3652/4830 3585/4707 3586/4744
f 3652/4830 3658/4831 3604/4763 3585/4707
f 3589/4832 3654/4833 3653/4822 3590/4784
f 3609/4747 3665/4834 3654/4835 3589/4709
f 3646/4826 3665/4834 3609/4747 3591/4733
f 3595/4751 3657/4836 3656/4837 3583/4701
f 3595/4751 3626/4750 3657/4836
f 3583/4701 3656/4837 3659/4838 3584/4743
f 3584/4743 3659/4838 3660/4839 3597/4752
f 3597/4752 3660/4839 3661/4840 3596/4753
f 3661/4840 3662/4841 3598/4754 3596/4753
f 3662/4841 3663/4842 3587/4745 3598/4754
f 3663/4842 3664/4843 3588/4703 3587/4745
f 3664/4843 3666/4844 3599/4757 3588/4703
f 3599/4755 3666/4845 3633/4756
f 3667/4846 3669/4788 3603/4706 3601/4758
f 3601/4760 3650/4759 3667/4847
f 3610/4710 3675/4789 3668/4848 3602/4761
f 3602/4761 3668/4848 3655/4762
f 3631/4803 3673/4849 3670/4850
f 3631/4803 3670/4850 3628/4795
f 3671/4851 3676/4852 3629/4796 3628/4795
f 3670/4850 3679/4853 3671/4851 3628/4795
f 3672/4854 3673/4849 3631/4803
f 3672/4854 3631/4803 3630/4804
f 3674/4855 3681/4856 3672/4854 3630/4804
f 3632/4807 3682/4857 3674/4855 3630/4804
f 3676/4858 3683/4859 3643/4800 3629/4799
f 3677/4860 3678/4861 3670/4862 3673/4863
f 3678/4864 3685/4865 3679/4853 3670/4850
f 3672/4866 3680/4867 3677/4860 3673/4863
f 3681/4868 3686/4869 3680/4870 3672/4871
f 3644/4809 3687/4872 3682/4857 3632/4807
f 3683/4859 3689/4873 3651/4821 3643/4800
f 3684/4874 3685/4865 3678/4864 3677/4875
f 3680/4876 3686/4877 3684/4874 3677/4875
f 3653/4878 3690/4879 3687/4872 3644/4809
f 3688/4880 3693/4881 3627/4794 3621/4725
f 3621/4725 3669/4788 3688/4880
f 3689/4873 3707/4882 3652/4830 3651/4821
f 3654/4833 3715/4883 3690/4884 3653/4822
f 3634/4810 3695/4885 3691/4886 3622/4731
f 3622/4731 3691/4886 3675/4789
f 3627/4794 3693/4881 3692/4887 3626/4750
f 3694/4888 3695/4885 3634/4810 3633/4756
f 3626/4750 3692/4887 3696/4889 3657/4836
f 3697/4890 3694/4888 3633/4756 3666/4845
f 3624/4791 3700/4891 3698/4892 3638/4792
f 3638/4792 3698/4892 3699/4893 3650/4759
f 3623/4790 3701/4894 3700/4891 3624/4791
f 3625/4793 3702/4895 3701/4894
f 3625/4793 3701/4894 3623/4790
f 3639/4815 3703/4896 3702/4895 3625/4793
f 3640/4816 3704/4897 3703/4896 3639/4815
f 3641/4817 3705/4898 3704/4897 3640/4816
f 3642/4818 3706/4899 3705/4900 3641/4819
f 3658/4829 3726/4901 3706/4899 3642/4818
f 3707/4882 3726/4902 3658/4831 3652/4830
f 3679/4903 3710/4904 3708/4905
f 3679/4903 3708/4905 3671/4906
f 3671/4906 3708/4905 3676/4907
f 3709/4908 3710/4909 3679/4910
f 3709/4911 3679/4912 3685/4913
f 3684/4914 3686/4915 3709/4911
f 3684/4914 3709/4911 3685/4913
f 3709/4911 3686/4915 3681/4916
f 3709/4908 3681/4917 3710/4909
f 3681/4918 3674/4919 3711/4920
f 3681/4918 3711/4920 3710/4904
f 3710/4904 3714/4921 3712/4922 3708/4905
f 3713/4923 3714/4921 3710/4904 3711/4920
f 3674/4919 3682/4924 3711/4920
f 3665/4834 3729/4925 3715/4926 3654/4835
f 3716/4927 3717/4928 3646/4826 3645/4825
f 3717/4928 3729/4925 3665/4834 3646/4826
f 3718/4929 3716/4927 3645/4825 3647/4824
f 3719/4930 3718/4929 3647/4824 3648/4827
f 3720/4931 3719/4930 3648/4827 3636/4932
f 3721/4933 3720/4934 3636/4813
f 3721/4933 3636/4813 3635/4812
f 3722/4935 3721/4933 3635/4812 3637/4811
f 3723/4936 3722/4935 3637/4811 3649/4814
f 3724/4937 3723/4936 3649/4814 3655/4762
f 3657/4836 3696/4889 3725/4938 3656/4837
f 3708/4905 3712/4922 3727/4939 3676/4907
f 3728/4940 3713/4923 3711/4920 3682/4924
f 3730/4941 3697/4942 3666/4844 3664/4843
f 3650/4759 3699/4893 3731/4943 3667/4847
f 3656/4837 3725/4938 3732/4944 3659/4838
f 3659/4838 3732/4944 3733/4945 3660/4839
f 3660/4839 3733/4945 3734/4946 3661/4840
f 3734/4946 3735/4947 3662/4841 3661/4840
f 3735/4947 3736/4948 3663/4842 3662/4841
f 3736/4948 3730/4941 3664/4843 3663/4842
f 3737/4949 3724/4937 3655/4762 3668/4848
f 3676/4858 3738/4950 3683/4859
f 3676/4858 3727/4951 3739/4952 3738/4950
f 3682/4857 3687/4872 3740/4953
f 3741/4954 3728/4940 3682/4924 3740/4955
f 3667/4846 3731/4956 3742/4957 3669/4788
f 3743/4958 3737/4949 3668/4848 3675/4789
f 3669/4788 3742/4957 3744/4959 3688/4880
f 3745/4960 3743/4958 3675/4789 3691/4886
f 3746/4961 3689/4873 3683/4859 3738/4950
f 3687/4872 3690/4879 3747/4962 3740/4953
f 3739/4952 3760/4963 3748/4964 3738/4950
f 3748/4965 3774/4966 3746/4967
f 3748/4965 3746/4967 3738/4968
f 3714/4969 3752/4970 3749/4971 3712/4972
f 3712/4972 3749/4971 3750/4973 3727/4974
f 3751/4975 3752/4970 3714/4969 3713/4976
f 3753/4977 3751/4975 3713/4976 3728/4978
f 3754/4979 3761/4980 3741/4981 3740/4982
f 3747/4983 3775/4984 3754/4985
f 3747/4983 3754/4985 3740/4986
f 3688/4880 3744/4959 3755/4987 3693/4881
f 3756/4988 3758/4989 3704/4990 3705/4991
f 3705/4991 3706/4992 3757/4993 3756/4988
f 3756/4994 3759/4995 3758/4996
f 3757/4997 3778/4998 3759/4999 3756/5000
f 3727/4951 3750/5001 3760/4963 3739/4952
f 3761/5002 3753/4977 3728/4978 3741/5003
f 3718/5004 3764/5005 3762/5006 3716/5007
f 3763/5008 3717/5009 3716/5007 3762/5006
f 3762/5010 3764/5011 3765/5012
f 3765/5012 3782/5013 3763/5014 3762/5010
f 3766/5015 3745/4960 3691/4886 3695/4885
f 3758/4989 3767/5016 3703/5017 3704/4990
f 3768/5018 3786/5019 3767/5020 3758/4996
f 3759/4995 3810/5021 3768/5018 3758/4996
f 3693/4881 3755/4987 3769/5022 3692/4887
f 3770/5023 3766/5015 3695/4885 3694/4888
f 3719/5024 3771/5025 3764/5005 3718/5004
f 3771/5026 3801/5027 3772/5028 3764/5011
f 3772/5028 3811/5029 3765/5012 3764/5011
f 3706/5030 3726/4902 3773/5031 3757/5032
f 3760/4963 3802/5033 3774/5034 3748/4964
f 3775/5035 3808/5036 3761/4980 3754/4979
f 3776/5037 3729/5038 3717/5039 3763/5040
f 3692/4887 3769/5022 3777/5041 3696/4889
f 3773/5042 3814/5043 3778/4998 3757/4997
f 3779/5044 3789/5045 3707/4882 3689/4873
f 3689/4873 3746/4961 3779/5044
f 3690/4879 3780/5046 3747/4962
f 3715/4883 3798/5047 3780/5048 3690/4884
f 3781/5049 3770/5023 3694/4888 3697/4890
f 3782/5013 3815/5050 3776/5051 3763/5014
f 3696/4889 3777/5041 3783/5052 3725/4938
f 3784/5053 3781/5054 3697/4942 3730/4941
f 3767/5055 3786/5056 3785/5057 3703/5058
f 3703/4896 3785/5059 3702/4895
f 3725/4938 3783/5052 3787/5060 3732/4944
f 3707/4882 3790/5061 3788/5062 3726/4902
f 3707/4882 3789/5045 3790/5061
f 3791/5063 3779/5064 3746/4967 3774/4966
f 3732/4944 3787/5060 3792/5065 3733/4945
f 3733/4945 3792/5065 3793/5066 3734/4946
f 3793/5066 3794/5067 3735/4947 3734/4946
f 3794/5067 3795/5068 3736/4948 3735/4947
f 3795/5068 3784/5053 3730/4941 3736/4948
f 3747/4983 3780/5069 3796/5070 3775/4984
f 3797/5071 3799/5072 3715/4926 3729/4925
f 3715/4926 3799/5072 3798/5073
f 3800/5074 3801/5075 3771/5076 3719/5077
f 3719/4930 3720/4931 3800/5078
f 3802/5033 3818/5079 3791/5080 3774/5034
f 3803/5081 3802/5033 3760/4963 3750/5001
f 3804/5082 3803/5083 3750/4973 3749/4971
f 3805/5084 3804/5082 3749/4971 3752/4970
f 3751/4975 3806/5085 3805/5084 3752/4970
f 3753/4977 3807/5086 3806/5085 3751/4975
f 3761/5002 3808/5087 3807/5086 3753/4977
f 3796/5088 3820/5089 3808/5036 3775/5035
f 3809/5090 3701/4894 3702/4895 3785/5059
f 3759/4999 3778/4998 3810/5091
f 3765/5012 3811/5029 3782/5013
f 3720/4934 3721/4933 3812/5092 3800/5093
f 3742/4957 3813/5094 3744/4959
f 3731/4956 3852/5095 3813/5094 3742/4957
f 3726/4902 3788/5062 3814/5096 3773/5031
f 3815/5097 3797/5098 3729/5038 3776/5037
f 3743/4958 3745/4960 3816/5099
f 3816/5099 3864/5100 3737/4949 3743/4958
f 3791/5080 3818/5079 3817/5101
f 3791/5063 3817/5102 3779/5064
f 3819/5103 3820/5089 3796/5088
f 3819/5103 3796/5088 3780/5104
f 3744/4959 3821/5105 3755/4987
f 3813/5094 3895/5106 3821/5105 3744/4959
f 3822/5107 3830/5108 3789/5109 3779/5110
f 3779/5064 3817/5102 3822/5111
f 3823/5112 3818/5079 3802/5033 3803/5081
f 3798/5113 3832/5114 3824/5115 3780/5116
f 3780/5117 3824/5118 3819/5119
f 3808/5120 3820/5121 3825/5122 3807/5123
f 3745/4960 3766/5015 3826/5124
f 3826/5124 3898/5125 3816/5099 3745/4960
f 3827/5126 3823/5127 3803/5128 3804/5129
f 3807/5086 3825/5130 3828/5131 3806/5085
f 3755/4987 3821/5105 3829/5132 3769/5022
f 3830/5133 3868/5134 3790/5135 3789/5136
f 3831/5137 3827/5138 3804/5082 3805/5084
f 3806/5085 3828/5131 3831/5137 3805/5084
f 3799/5072 3871/5139 3832/5140 3798/5073
f 3833/5141 3826/5124 3766/5015 3770/5023
f 3834/5142 3853/5143 3810/5091 3778/4998
f 3814/5043 3878/5144 3834/5142 3778/4998
f 3835/5145 3822/5107 3817/5146 3818/5147
f 3818/5147 3823/5127 3835/5145
f 3819/5148 3824/5149 3836/5150 3820/5121
f 3820/5121 3836/5150 3825/5122
f 3811/5029 3862/5151 3837/5152 3782/5013
f 3837/5152 3883/5153 3815/5050 3782/5013
f 3838/5154 3845/5155 3786/5019 3768/5018
f 3810/5021 3853/5156 3838/5154 3768/5018
f 3769/5022 3829/5132 3839/5157 3777/5041
f 3840/5158 3833/5141 3770/5023 3781/5049
f 3801/5159 3847/5160 3841/5161 3772/5162
f 3841/5163 3862/5151 3811/5029 3772/5028
f 3698/4892 3850/5164 3842/5165
f 3698/4892 3842/5165 3699/4893
f 3843/5166 3851/5167 3731/4943 3699/4893
f 3842/5165 3889/5168 3843/5166 3699/4893
f 3786/5056 3845/5169 3844/5170 3785/5057
f 3785/5059 3844/5171 3809/5090
f 3846/5172 3847/5173 3801/5075 3800/5074
f 3800/5174 3812/5175 3846/5176
f 3737/4949 3863/5177 3848/5178 3724/4937
f 3849/5179 3865/5180 3723/4936
f 3849/5179 3723/4936 3724/4937
f 3848/5178 3892/5181 3849/5179 3724/4937
f 3700/4891 3884/5182 3850/5164 3698/4892
f 3851/5183 3893/5184 3852/5095 3731/4956
f 3777/5041 3839/5157 3854/5185 3783/5052
f 3855/5186 3879/5187 3830/5108 3822/5107
f 3856/5188 3855/5186 3822/5107
f 3856/5188 3822/5107 3835/5145
f 3857/5189 3835/5145 3823/5127 3827/5126
f 3824/5149 3859/5190 3858/5191
f 3824/5149 3858/5191 3836/5150
f 3832/5140 3882/5192 3859/5193 3824/5194
f 3825/5122 3836/5150 3860/5195 3828/5196
f 3861/5197 3840/5158 3781/5049 3784/5198
f 3864/5100 3900/5199 3863/5177 3737/4949
f 3865/5180 3887/5200 3722/4935 3723/4936
f 3783/5052 3854/5185 3866/5201 3787/5060
f 3790/5135 3867/5202 3788/5203
f 3869/5204 3867/5202 3790/5135 3868/5134
f 3870/5205 3861/5206 3784/5053 3795/5068
f 3799/5072 3797/5071 3872/5207
f 3799/5072 3872/5207 3873/5208 3871/5139
f 3787/5060 3866/5201 3874/5209 3792/5065
f 3792/5065 3874/5209 3875/5210 3793/5066
f 3876/5211 3857/5189 3827/5126 3831/5212
f 3875/5210 3877/5213 3794/5067 3793/5066
f 3828/5196 3860/5195 3876/5211 3831/5212
f 3877/5213 3870/5205 3795/5068 3794/5067
f 3788/5062 3867/5214 3878/5215 3814/5096
f 3879/5216 3923/5217 3868/5134 3830/5133
f 3835/5145 3857/5189 3856/5188
f 3857/5189 3876/5211 3880/5218 3856/5188
f 3881/5219 3855/5186 3856/5188 3880/5218
f 3858/5191 3860/5195 3836/5150
f 3880/5218 3876/5211 3860/5195 3858/5191
f 3858/5191 3859/5190 3881/5219 3880/5218
f 3871/5139 3926/5220 3882/5192 3832/5140
f 3883/5221 3872/5222 3797/5098 3815/5097
f 3885/5223 3884/5182 3700/4891
f 3885/5223 3700/4891 3701/4894
f 3722/4935 3887/5200 3886/5224
f 3722/4935 3886/5224 3721/4933
f 3888/5225 3879/5216 3855/5226 3881/5227
f 3859/5193 3882/5192 3888/5225 3881/5227
f 3843/5166 3889/5168 3890/5228 3851/5167
f 3891/5229 3892/5181 3848/5178 3863/5177
f 3850/5164 3922/5230 3889/5168 3842/5165
f 3851/5183 3890/5231 3893/5184
f 3821/5105 3896/5232 3894/5233 3829/5132
f 3821/5105 3895/5106 3896/5232
f 3897/5234 3899/5235 3826/5124 3833/5141
f 3826/5124 3899/5235 3898/5125
f 3863/5177 3900/5199 3891/5229
f 3892/5181 3927/5236 3865/5180 3849/5179
f 3853/5156 3910/5237 3901/5238 3838/5154
f 3838/5154 3901/5238 3845/5155
f 3902/5239 3913/5240 3862/5151 3841/5163
f 3841/5163 3847/5241 3902/5239
f 3834/5142 3903/5242 3853/5143
f 3904/5243 3903/5242 3834/5142 3878/5144
f 3829/5132 3894/5233 3905/5244 3839/5157
f 3906/5245 3897/5234 3833/5141 3840/5158
f 3837/5152 3862/5151 3907/5246
f 3837/5152 3907/5246 3908/5247 3883/5153
f 3852/5095 3953/5248 3909/5249 3813/5094
f 3813/5094 3909/5249 3895/5106
f 3903/5250 3997/5251 3910/5237
f 3903/5250 3910/5237 3853/5156
f 3839/5157 3905/5244 3911/5252 3854/5185
f 3912/5253 3906/5245 3840/5158 3861/5197
f 3913/5240 3998/5254 3907/5246
f 3913/5240 3907/5246 3862/5151
f 3914/5255 3954/5256 3864/5100 3816/5099
f 3816/5099 3898/5125 3914/5255
f 3915/5257 3916/5258 3890/5259 3889/5260
f 3916/5258 3934/5261 3893/5262 3890/5259
f 3854/5185 3911/5252 3917/5263 3866/5201
f 3918/5264 3912/5265 3861/5206 3870/5205
f 3891/5266 3920/5267 3919/5268 3892/5269
f 3900/5270 3947/5271 3920/5267 3891/5266
f 3889/5260 3922/5272 3921/5273 3915/5257
f 3868/5134 3923/5217 3869/5204
f 3866/5201 3917/5263 3924/5274 3874/5209
f 3925/5275 3918/5264 3870/5205 3877/5213
f 3871/5139 3873/5208 3926/5220
f 3928/5276 3927/5277 3892/5269 3919/5268
f 3929/5278 3931/5279 3916/5258 3915/5257
f 3929/5278 3915/5257 3930/5280
f 3929/5278 3933/5281 3932/5282 3931/5279
f 3930/5280 3957/5283 3933/5281 3929/5278
f 3921/5273 3958/5284 3930/5280 3915/5257
f 3931/5279 3952/5285 3934/5261 3916/5258
f 3884/5182 3981/5286 3922/5230 3850/5164
f 3701/4894 3809/5090 3935/5287
f 3701/4894 3935/5287 3936/5288 3885/5223
f 3867/5214 3937/5289 3904/5290 3878/5215
f 3869/5204 4039/5291 3937/5292
f 3869/5204 3937/5292 3867/5202
f 3874/5209 3924/5274 3938/5293 3875/5210
f 3888/5225 3941/5294 3939/5295 3879/5216
f 3879/5216 3939/5295 3923/5217
f 3938/5293 3925/5275 3877/5213 3875/5210
f 3940/5296 3941/5294 3888/5225 3882/5192
f 3882/5192 3926/5220 3940/5296
f 3908/5297 3942/5298 3872/5222 3883/5221
f 3942/5299 4043/5300 3873/5208
f 3942/5299 3873/5208 3872/5207
f 3721/4933 3943/5301 3812/5092
f 3944/5302 3943/5301 3721/4933 3886/5224
f 3927/5236 3987/5303 3887/5200 3865/5180
f 3920/5267 3946/5304 3945/5305 3919/5268
f 3947/5271 3956/5306 3946/5304 3920/5267
f 3919/5268 3945/5305 3948/5307
f 3948/5307 3966/5308 3928/5276 3919/5268
f 3949/5309 3950/5310 3945/5305 3946/5304
f 3950/5310 3965/5311 3948/5307 3945/5305
f 3951/5312 3952/5285 3931/5279 3932/5282
f 3852/5095 3893/5184 3953/5248
f 3864/5100 3954/5256 3900/5199
f 3946/5304 3956/5306 3955/5313 3949/5309
f 3958/5314 3989/5315 3957/5316 3930/5317
f 3845/5318 3901/5319 3959/5320 3844/5321
f 3960/5322 3970/5323 3809/5324 3844/5321
f 3844/5321 3959/5320 3961/5325 3960/5322
f 3962/5326 3902/5327 3847/5328 3846/5329
f 3812/5330 3973/5331 3963/5332 3846/5329
f 3964/5333 3962/5326 3846/5329 3963/5332
f 3965/5334 4005/5335 3966/5336 3948/5337
f 3967/5338 3969/5339 3932/5282 3933/5281
f 3957/5283 3990/5340 3968/5341 3933/5281
f 3933/5281 3968/5341 3967/5338
f 3969/5339 4017/5342 3951/5312 3932/5282
f 3934/5343 3980/5344 3953/5248 3893/5184
f 3971/5345 3982/5346 3970/5347 3960/5348
f 3960/5348 3961/5349 3972/5350 3971/5345
f 3973/5351 3984/5352 3974/5353 3963/5354
f 3975/5355 3964/5356 3963/5357 3974/5358
f 3954/5359 3988/5360 3947/5361 3900/5362
f 3949/5309 3977/5363 3976/5364 3950/5310
f 3955/5313 4020/5365 3977/5363 3949/5309
f 3978/5366 4006/5367 3965/5311 3950/5310
f 3950/5310 3976/5364 3978/5366
f 3970/5368 3983/5369 3935/5370 3809/5371
f 3943/5301 3985/5372 3973/5351 3812/5092
f 3922/5373 3981/5374 3979/5375 3921/5376
f 3979/5375 4007/5377 3958/5314 3921/5376
f 3952/5378 3992/5379 3980/5344 3934/5343
f 3970/5347 3982/5346 3983/5380
f 3973/5351 3985/5372 3984/5352
f 3986/5381 3987/5382 3927/5383 3928/5384
f 3988/5360 4004/5385 3956/5386 3947/5361
f 3966/5336 4014/5387 3986/5381 3928/5384
f 3957/5316 3989/5315 3990/5388
f 3991/5389 3992/5379 3952/5378 3951/5390
f 3993/5391 3981/5286 3884/5182 3885/5223
f 3936/5288 4091/5392 3993/5391 3885/5223
f 3994/5393 3996/5394 3982/5395 3971/5396
f 3971/5396 3972/5397 3995/5398 3994/5393
f 3994/5399 3995/5400 3935/5287
f 3994/5399 3935/5287 3996/5401
f 3903/5242 3904/5243 3997/5402
f 3907/5246 3998/5254 3908/5247
f 3984/5403 4001/5404 3999/5405 3974/5406
f 4000/5407 3975/5408 3974/5406 3999/5405
f 3943/5301 4000/5409 3999/5410
f 3943/5411 3999/5412 4001/5413
f 3887/5200 3987/5303 4002/5414 3886/5224
f 4002/5414 4100/5415 3944/5302 3886/5224
f 3956/5386 4004/5385 4003/5416 3955/5417
f 3965/5334 4006/5418 4005/5335
f 4007/5377 4069/5419 3989/5315 3958/5314
f 3996/5394 3935/5420 3983/5421 3982/5395
f 3896/5232 4008/5422 3894/5233
f 4009/5423 4008/5422 3896/5232 3895/5106
f 3894/5233 4008/5422 4010/5424 3905/5244
f 3897/5234 4011/5425 3899/5235
f 4012/5426 4011/5425 3897/5234 3906/5245
f 3899/5235 4011/5425 4013/5427 3898/5125
f 3985/5428 3943/5429 4001/5404 3984/5403
f 4005/5335 4075/5430 4014/5387 3966/5336
f 4015/5431 4023/5432 3969/5339 3967/5338
f 4016/5433 4015/5431 3967/5338 3968/5341
f 4017/5434 4068/5435 3991/5389 3951/5390
f 3905/5244 4010/5424 4018/5436 3911/5252
f 4019/5437 4012/5426 3906/5245 3912/5253
f 4003/5416 4078/5438 4020/5439 3955/5417
f 3977/5363 4036/5440 4021/5441 3976/5364
f 3976/5364 4021/5441 4022/5442 3978/5366
f 4023/5443 4067/5444 4017/5434 3969/5445
f 3953/5248 4024/5446 3909/5249
f 3980/5344 4045/5447 4024/5446 3953/5248
f 3909/5249 4024/5446 4025/5448 3895/5106
f 3959/5320 4028/5449 4026/5450 3961/5325
f 3961/5451 4026/5452 4027/5453 3972/5454
f 3901/5319 3910/5455 4028/5449 3959/5320
f 3911/5252 4018/5436 4029/5456 3917/5263
f 4030/5457 4019/5458 3912/5265 3918/5264
f 4031/5459 3913/5460 3902/5327 3962/5326
f 4032/5461 4031/5459 3962/5326 3964/5333
f 4033/5462 4032/5463 3964/5356 3975/5355
f 3914/5464 4034/5465 3954/5359
f 4035/5466 4034/5465 3914/5464 3898/5467
f 4034/5465 4060/5468 3988/5360 3954/5359
f 4020/5365 4077/5469 4036/5440 3977/5363
f 3968/5470 3990/5388 4037/5471 4016/5472
f 3937/5473 4038/5474 3997/5475 3904/5476
f 4039/5477 4027/5453 4038/5478
f 4039/5479 4038/5480 3937/5481
f 3917/5263 4029/5456 4040/5482 3924/5274
f 4041/5483 4030/5457 3918/5264 3925/5275
f 3998/5484 4042/5485 3942/5486 3908/5487
f 4042/5488 4033/5462 4043/5300
f 4042/5488 4043/5300 3942/5299
f 4044/5489 4006/5418 3978/5490 4022/5491
f 3992/5379 4072/5492 4045/5447 3980/5344
f 4046/5493 4047/5494 3935/5287 3995/5400
f 3935/5287 4047/5494 3936/5288
f 3972/5397 4027/5495 4048/5496 3995/5398
f 4048/5497 4094/5498 4046/5493 3995/5400
f 4025/5448 4092/5499 4009/5423
f 4025/5448 4009/5423 3895/5106
f 3939/5295 4052/5500 4049/5501 3923/5217
f 3923/5217 4049/5501 4050/5502 3869/5204
f 3924/5274 4040/5482 4051/5503 3938/5293
f 3941/5294 4054/5504 4052/5500 3939/5295
f 4051/5503 4041/5483 3925/5275 3938/5293
f 4053/5505 4054/5504 3941/5294 3940/5296
f 4055/5506 4053/5505 3940/5296 3926/5220
f 4056/5507 4055/5506 3926/5220 3873/5208
f 4013/5427 4099/5508 4035/5509
f 4013/5427 4035/5509 3898/5125
f 4057/5510 4033/5511 3975/5408 4000/5407
f 3943/5301 4059/5512 4058/5513 4000/5409
f 4058/5514 4098/5515 4057/5516 4000/5517
f 3943/5301 3944/5302 4059/5512
f 4060/5468 4074/5518 4004/5385 3988/5360
f 3981/5374 4063/5519 4061/5520 3979/5375
f 4061/5520 4082/5521 4007/5377 3979/5375
f 4062/5522 4064/5523 3987/5382 3986/5381
f 4014/5387 4083/5524 4062/5522 3986/5381
f 3981/5286 3993/5391 4063/5525
f 3987/5303 4064/5526 4002/5414
f 4065/5527 4081/5528 4023/5432 4015/5431
f 4066/5529 4065/5527 4015/5431 4016/5433
f 4067/5444 4102/5530 4068/5435 4017/5434
f 3989/5315 4069/5419 4070/5531 3990/5388
f 4071/5532 4072/5492 3992/5379 3991/5389
f 3910/5455 3997/5475 4038/5474 4028/5449
f 4038/5478 4027/5453 4026/5452
f 4038/5474 4026/5450 4028/5449
f 4042/5485 3998/5484 3913/5460 4031/5459
f 4032/5463 4033/5462 4042/5488
f 4032/5461 4042/5485 4031/5459
f 4004/5385 4074/5518 4073/5533 4003/5416
f 4076/5534 4075/5430 4005/5335 4006/5418
f 4078/5438 4123/5535 4077/5536 4020/5439
f 4036/5440 4084/5537 4079/5538 4021/5441
f 4021/5441 4079/5538 4080/5539 4022/5442
f 4081/5540 4101/5541 4067/5444 4023/5443
f 4007/5377 4082/5521 4069/5419
f 4014/5387 4075/5430 4083/5524
f 4077/5542 4124/5543 4084/5544 4036/5545
f 4085/5546 4066/5547 4016/5472 4037/5471
f 4022/5491 4080/5548 4086/5549 4044/5489
f 3990/5388 4070/5531 4087/5550 4037/5471
f 4088/5551 4076/5534 4006/5418 4044/5489
f 4068/5435 4141/5552 4071/5532 3991/5389
f 4089/5553 4092/5499 4025/5448 4024/5446
f 4045/5447 4109/5554 4089/5553 4024/5446
f 4035/5466 4099/5555 4090/5556 4034/5465
f 4090/5556 4116/5557 4060/5468 4034/5465
f 4073/5533 4146/5558 4078/5438 4003/5416
f 4091/5392 4143/5559 4063/5525 3993/5391
f 4039/5560 4093/5561 4048/5497
f 4039/5562 4048/5496 4027/5495
f 4048/5497 4093/5561 4094/5498
f 3869/5204 4050/5502 4095/5563 4039/5291
f 4096/5564 4056/5507 3873/5208 4043/5300
f 4057/5516 4097/5565 4043/5300
f 4057/5510 4043/5566 4033/5511
f 4057/5516 4098/5515 4097/5565
f 4064/5523 4144/5567 4100/5568 4002/5569
f 4101/5541 4182/5570 4102/5530 4067/5444
f 4103/5571 4104/5572 4069/5573 4082/5574
f 4104/5572 4126/5575 4070/5576 4069/5573
f 4082/5574 4106/5577 4105/5578 4103/5571
f 4082/5521 4061/5520 4106/5579
f 4107/5580 4125/5581 4104/5582 4103/5583
f 4108/5584 4107/5580 4103/5583 4105/5585
f 4072/5492 4154/5586 4109/5554 4045/5447
f 4008/5422 4111/5587 4110/5588 4010/5424
f 4008/5422 4009/5423 4111/5587
f 4010/5424 4110/5588 4112/5589 4018/5436
f 4113/5590 4115/5591 4011/5425 4012/5426
f 4114/5592 4113/5590 4012/5426 4019/5437
f 4011/5425 4115/5591 4013/5427
f 4116/5557 4156/5593 4074/5518 4060/5468
f 4075/5594 4119/5595 4117/5596 4083/5597
f 4118/5598 4122/5599 4083/5597 4117/5596
f 4119/5600 4129/5601 4120/5602 4117/5603
f 4117/5603 4120/5602 4121/5604 4118/5605
f 4083/5524 4122/5606 4062/5522
f 4076/5607 4130/5608 4119/5595 4075/5594
f 4123/5609 4189/5610 4124/5543 4077/5542
f 4125/5581 4160/5611 4126/5612 4104/5582
f 4063/5519 4143/5613 4106/5579 4061/5520
f 4018/5436 4112/5589 4127/5614 4029/5456
f 4128/5615 4114/5616 4019/5458 4030/5457
f 4122/5606 4144/5567 4064/5523 4062/5522
f 4130/5617 4164/5618 4129/5601 4119/5600
f 4037/5471 4087/5550 4131/5619 4085/5546
f 4132/5620 4197/5621 4091/5392 3936/5288
f 4047/5494 4199/5622 4132/5620 3936/5288
f 4029/5456 4127/5614 4133/5623 4040/5482
f 4040/5482 4133/5623 4134/5624 4051/5503
f 4134/5624 4135/5625 4041/5483 4051/5503
f 4135/5625 4128/5615 4030/5457 4041/5483
f 4136/5626 4200/5627 4059/5512 3944/5302
f 4100/5415 4203/5628 4136/5626 3944/5302
f 4044/5489 4086/5549 4137/5629 4088/5551
f 4138/5630 4140/5631 4081/5632 4065/5633
f 4139/5634 4138/5630 4065/5633 4066/5635
f 4140/5636 4183/5637 4101/5541 4081/5540
f 4102/5530 4184/5638 4141/5552 4068/5435
f 4106/5577 4143/5639 4142/5640 4105/5578
f 4105/5578 4142/5640 4108/5641
f 4039/5291 4095/5563 4093/5642
f 4043/5300 4097/5565 4096/5564
f 4145/5643 4144/5644 4122/5599 4118/5598
f 4118/5598 4121/5645 4145/5643
f 4146/5558 4190/5646 4123/5535 4078/5438
f 4084/5544 4148/5647 4147/5648 4079/5649
f 4124/5543 4191/5650 4148/5647 4084/5544
f 4079/5649 4147/5648 4149/5651 4080/5652
f 4150/5653 4139/5634 4066/5635 4085/5654
f 4151/5655 4152/5656 4107/5580 4108/5584
f 4152/5656 4185/5657 4125/5581 4107/5580
f 4153/5658 4154/5586 4072/5492 4071/5532
f 4142/5659 4167/5660 4151/5661
f 4142/5662 4151/5655 4108/5584
f 4120/5602 4158/5663 4155/5664 4121/5604
f 4155/5664 4178/5665 4145/5666
f 4155/5664 4145/5666 4121/5604
f 4074/5518 4156/5593 4157/5667 4073/5533
f 4129/5601 4188/5668 4158/5663 4120/5602
f 4080/5548 4149/5669 4159/5670 4086/5549
f 4126/5575 4161/5671 4087/5672 4070/5576
f 4160/5611 4195/5673 4161/5674
f 4160/5611 4161/5674 4126/5612
f 4162/5675 4199/5622 4047/5494 4046/5493
f 4046/5493 4094/5498 4162/5675
f 4059/5512 4200/5627 4163/5676 4058/5513
f 4058/5514 4163/5677 4098/5515
f 4088/5678 4165/5679 4130/5608 4076/5607
f 4165/5680 4204/5681 4164/5618
f 4165/5680 4164/5618 4130/5617
f 4143/5559 4192/5682 4166/5683 4142/5684
f 4168/5685 4170/5686 4142/5662
f 4168/5685 4142/5662 4166/5687
f 4142/5659 4170/5688 4169/5689
f 4142/5659 4169/5689 4167/5660
f 4171/5690 4173/5691 4009/5423 4092/5499
f 4009/5423 4173/5691 4172/5692 4111/5587
f 4013/5427 4176/5693 4174/5694 4099/5508
f 4175/5695 4176/5693 4013/5427 4115/5591
f 4177/5696 4193/5697 4144/5698 4145/5699
f 4145/5700 4181/5701 4179/5702
f 4145/5703 4179/5704 4177/5705
f 4180/5706 4181/5707 4145/5708
f 4180/5709 4145/5666 4178/5665
f 4101/5541 4183/5637 4182/5570
f 4182/5570 4223/5710 4184/5638 4102/5530
f 4185/5657 4213/5711 4160/5611 4125/5581
f 4186/5712 4171/5690 4092/5499 4089/5553
f 4109/5554 4198/5713 4186/5712 4089/5553
f 4099/5555 4174/5714 4187/5715 4090/5556
f 4187/5715 4201/5716 4116/5557 4090/5556
f 4164/5618 4217/5717 4188/5668 4129/5601
f 4190/5646 4228/5718 4189/5719 4123/5535
f 4124/5543 4189/5610 4191/5650
f 4143/5559 4091/5392 4192/5682
f 4144/5567 4193/5720 4100/5568
f 4194/5721 4150/5722 4085/5546 4131/5619
f 4161/5671 4195/5723 4131/5724 4087/5672
f 4141/5552 4224/5725 4153/5658 4071/5532
f 4091/5392 4197/5621 4196/5726 4192/5682
f 4154/5586 4229/5727 4198/5713 4109/5554
f 4201/5716 4231/5728 4156/5593 4116/5557
f 4202/5729 4203/5628 4100/5415 4193/5697
f 4157/5667 4227/5730 4146/5558 4073/5533
f 4137/5731 4204/5732 4165/5679 4088/5678
f 4086/5549 4159/5670 4205/5733 4137/5629
f 4206/5734 4152/5656 4151/5655 4167/5735
f 4155/5664 4158/5663 4207/5736 4178/5665
f 4111/5587 4172/5692 4208/5737 4110/5588
f 4110/5588 4208/5737 4209/5738 4112/5589
f 4210/5739 4175/5695 4115/5591 4113/5590
f 4211/5740 4210/5739 4113/5590 4114/5592
f 4160/5611 4213/5711 4212/5741 4195/5673
f 4112/5589 4209/5738 4214/5742 4127/5614
f 4215/5743 4211/5744 4114/5616 4128/5615
f 4216/5745 4217/5717 4164/5618 4204/5681
f 4196/5726 4218/5746 4166/5683
f 4196/5726 4166/5683 4192/5682
f 4218/5747 4236/5748 4168/5685 4166/5687
f 4127/5614 4214/5742 4219/5749 4133/5623
f 4133/5623 4219/5749 4220/5750 4134/5624
f 4220/5750 4221/5751 4135/5625 4134/5624
f 4221/5751 4215/5743 4128/5615 4135/5625
f 4177/5696 4222/5752 4202/5729
f 4177/5696 4202/5729 4193/5697
f 4179/5702 4239/5753 4222/5754 4177/5755
f 4183/5637 4280/5756 4223/5710 4182/5570
f 4195/5723 4212/5757 4194/5758 4131/5724
f 4184/5638 4276/5759 4224/5725 4141/5552
f 4225/5760 4206/5734 4167/5735 4169/5761
f 4178/5665 4207/5736 4226/5762 4180/5709
f 4227/5730 4279/5763 4190/5646 4146/5558
f 4205/5764 4216/5765 4204/5766 4137/5767
f 4228/5768 4292/5769 4191/5650 4189/5610
f 4206/5734 4282/5770 4185/5657 4152/5656
f 4230/5771 4229/5727 4154/5586 4153/5658
f 4156/5593 4231/5728 4232/5772 4157/5667
f 4188/5668 4291/5773 4207/5736 4158/5663
f 4233/5774 4235/5775 4140/5631 4138/5630
f 4234/5776 4233/5774 4138/5630 4139/5634
f 4140/5636 4235/5777 4183/5637
f 4236/5748 4245/5778 4170/5686 4168/5685
f 4093/5561 4251/5779 4237/5780 4094/5498
f 4237/5780 4277/5781 4162/5675 4094/5498
f 4238/5782 4255/5783 4097/5565 4098/5515
f 4163/5677 4278/5784 4238/5782 4098/5515
f 4181/5701 4259/5785 4239/5753 4179/5702
f 4148/5647 4241/5786 4240/5787 4147/5648
f 4148/5647 4191/5650 4241/5786
f 4147/5648 4240/5787 4242/5788 4149/5651
f 4243/5789 4234/5776 4139/5634 4150/5653
f 4170/5688 4247/5790 4244/5791 4169/5689
f 4169/5761 4244/5792 4225/5760
f 4246/5793 4247/5794 4170/5686 4245/5778
f 4248/5795 4263/5796 4171/5690 4186/5712
f 4249/5797 4248/5795 4186/5712 4198/5713
f 4250/5798 4251/5779 4093/5561 4095/5799
f 4050/5502 4266/5800 4252/5801 4095/5563
f 4095/5563 4252/5801 4250/5802
f 4097/5565 4255/5783 4253/5803 4096/5564
f 4254/5804 4272/5805 4056/5507 4096/5564
f 4096/5564 4253/5803 4254/5804
f 4174/5714 4273/5806 4256/5807 4187/5715
f 4187/5715 4256/5807 4257/5808 4201/5716
f 4258/5809 4261/5810 4181/5707 4180/5706
f 4181/5811 4261/5812 4260/5813 4259/5814
f 4180/5709 4226/5762 4258/5815
f 4149/5669 4242/5816 4262/5817 4159/5670
f 4263/5796 4265/5818 4173/5691 4171/5690
f 4173/5691 4265/5818 4264/5819 4172/5692
f 4049/5501 4267/5820 4266/5800 4050/5502
f 4052/5500 4268/5821 4267/5820 4049/5501
f 4054/5504 4270/5822 4268/5821 4052/5500
f 4269/5823 4270/5822 4054/5504 4053/5505
f 4271/5824 4269/5823 4053/5505 4055/5506
f 4272/5805 4271/5824 4055/5506 4056/5507
f 4176/5693 4275/5825 4273/5826 4174/5694
f 4274/5827 4275/5825 4176/5693 4175/5695
f 4223/5710 4301/5828 4276/5759 4184/5638
f 4277/5781 4283/5829 4199/5622 4162/5675
f 4200/5627 4287/5830 4278/5831 4163/5676
f 4279/5763 4304/5832 4228/5718 4190/5646
f 4183/5637 4235/5777 4281/5833 4280/5756
f 4282/5770 4309/5834 4213/5711 4185/5657
f 4283/5829 4285/5835 4132/5620 4199/5622
f 4132/5620 4285/5835 4284/5836 4197/5621
f 4286/5837 4249/5797 4198/5713 4229/5727
f 4136/5626 4290/5838 4287/5830 4200/5627
f 4201/5716 4257/5808 4288/5839 4231/5728
f 4289/5840 4290/5838 4136/5626 4203/5628
f 4217/5717 4314/5841 4291/5773 4188/5668
f 4293/5842 4241/5786 4191/5650 4292/5769
f 4294/5843 4243/5844 4150/5722 4194/5721
f 4197/5621 4284/5836 4218/5746 4196/5726
f 4222/5752 4289/5840 4203/5628 4202/5729
f 4159/5670 4262/5817 4295/5845 4205/5733
f 4224/5725 4318/5846 4230/5771 4153/5658
f 4172/5692 4264/5819 4296/5847 4208/5737
f 4297/5848 4274/5827 4175/5695 4210/5739
f 4232/5772 4325/5849 4227/5730 4157/5667
f 4208/5737 4296/5847 4298/5850 4209/5738
f 4299/5851 4297/5848 4210/5739 4211/5740
f 4212/5741 4300/5852 4294/5843 4194/5721
f 4213/5711 4309/5834 4300/5852 4212/5741
f 4280/5756 4317/5853 4301/5828 4223/5710
f 4209/5738 4298/5850 4302/5854 4214/5742
f 4303/5855 4299/5856 4211/5744 4215/5743
f 4304/5832 4326/5857 4292/5858 4228/5718
f 4295/5859 4305/5860 4216/5765 4205/5764
f 4305/5861 4314/5841 4217/5717 4216/5745
f 4206/5734 4225/5760 4282/5770
f 4214/5742 4302/5854 4306/5862 4219/5749
f 4219/5749 4306/5862 4307/5863 4220/5750
f 4307/5863 4308/5864 4221/5751 4220/5750
f 4308/5864 4303/5855 4215/5743 4221/5751
f 4207/5736 4291/5773 4226/5762
f 4263/5865 4248/5866 4310/5867
f 4263/5865 4310/5867 4311/5868
f 4263/5869 4311/5870 4265/5871
f 4273/5806 4312/5872 4256/5807
f 4313/5873 4312/5872 4273/5806
f 4313/5874 4273/5826 4275/5825
f 4315/5875 4310/5867 4248/5866 4249/5876
f 4256/5807 4312/5872 4316/5877 4257/5808
f 4280/5756 4281/5833 4317/5853
f 4276/5759 4354/5878 4318/5846 4224/5725
f 4319/5879 4286/5837 4229/5727 4230/5771
f 4320/5880 4330/5881 4237/5780 4251/5779
f 4321/5882 4320/5880 4251/5779 4250/5798
f 4255/5783 4323/5883 4322/5884 4253/5803
f 4238/5782 4335/5885 4323/5883 4255/5783
f 4231/5728 4288/5839 4324/5886 4232/5772
f 4325/5849 4359/5887 4279/5763 4227/5730
f 4292/5769 4326/5888 4293/5842
f 4327/5889 4329/5890 4218/5746 4284/5836
f 4328/5891 4377/5892 4236/5748 4218/5747
f 4218/5746 4329/5890 4328/5893
f 4237/5780 4330/5881 4277/5781
f 4331/5894 4321/5895 4250/5802 4252/5801
f 4266/5800 4332/5896 4331/5894 4252/5801
f 4267/5820 4343/5897 4332/5896 4266/5800
f 4333/5898 4334/5899 4272/5805 4254/5804
f 4334/5899 4347/5900 4271/5824 4272/5805
f 4253/5803 4322/5884 4333/5898 4254/5804
f 4238/5782 4278/5784 4335/5885
f 4222/5752 4338/5901 4336/5902 4289/5840
f 4239/5753 4382/5903 4337/5904 4222/5754
f 4222/5752 4337/5905 4338/5901
f 4277/5781 4339/5906 4283/5829
f 4330/5881 4406/5907 4339/5906 4277/5781
f 4265/5818 4340/5908 4264/5819
f 4265/5871 4311/5870 4341/5909
f 4265/5871 4341/5909 4342/5910 4340/5911
f 4268/5821 4344/5912 4343/5897 4267/5820
f 4270/5822 4346/5913 4344/5912 4268/5821
f 4345/5914 4346/5913 4270/5822 4269/5823
f 4347/5900 4345/5914 4269/5823 4271/5824
f 4275/5825 4274/5827 4348/5915
f 4275/5825 4349/5916 4313/5874
f 4350/5917 4349/5916 4275/5825 4348/5915
f 4278/5831 4287/5830 4351/5918
f 4351/5918 4411/5919 4335/5920 4278/5831
f 4352/5921 4315/5875 4249/5876 4286/5922
f 4353/5923 4288/5839 4257/5808 4316/5877
f 4301/5828 4386/5924 4354/5878 4276/5759
f 4355/5925 4327/5889 4284/5836 4285/5835
f 4285/5835 4283/5829 4355/5925
f 4339/5906 4417/5926 4355/5925 4283/5829
f 4264/5819 4340/5908 4356/5927 4296/5847
f 4357/5928 4348/5915 4274/5827 4297/5848
f 4287/5830 4290/5838 4358/5929
f 4358/5929 4424/5930 4351/5918 4287/5830
f 4289/5840 4336/5902 4358/5929 4290/5838
f 4359/5887 4388/5931 4304/5832 4279/5763
f 4360/5932 4362/5933 4235/5775 4233/5774
f 4361/5934 4360/5932 4233/5774 4234/5776
f 4362/5935 4384/5936 4281/5833 4235/5777
f 4363/5937 4364/5938 4311/5939 4310/5940
f 4364/5941 4394/5942 4341/5943
f 4364/5941 4341/5943 4311/5944
f 4296/5847 4356/5927 4365/5945 4298/5850
f 4366/5946 4357/5928 4297/5848 4299/5851
f 4313/5947 4368/5948 4367/5949 4312/5950
f 4349/5916 4396/5951 4368/5952
f 4349/5916 4368/5952 4313/5874
f 4241/5786 4370/5953 4369/5954 4240/5787
f 4293/5842 4390/5955 4370/5953 4241/5786
f 4240/5787 4369/5954 4371/5956 4242/5788
f 4372/5957 4361/5934 4234/5776 4243/5789
f 4298/5850 4365/5945 4373/5958 4302/5854
f 4374/5959 4366/5960 4299/5961 4303/5962
f 4242/5816 4371/5963 4375/5964 4262/5817
f 4225/5760 4244/5792 4376/5965 4282/5770
f 4376/5965 4434/5966 4309/5834 4282/5770
f 4377/5892 4414/5967 4245/5778 4236/5748
f 4378/5968 4363/5969 4310/5867 4315/5875
f 4302/5854 4373/5958 4379/5970 4306/5862
f 4380/5971 4374/5959 4303/5962 4308/5972
f 4381/5973 4316/5877 4312/5872 4367/5974
f 4259/5814 4426/5975 4382/5976 4239/5977
f 4383/5978 4258/5815 4226/5762 4291/5773
f 4314/5841 4442/5979 4383/5978 4291/5773
f 4384/5936 4405/5980 4317/5853 4281/5833
f 4385/5981 4372/5982 4243/5844 4294/5843
f 4317/5853 4405/5980 4386/5924 4301/5828
f 4318/5846 4452/5983 4319/5879 4230/5771
f 4306/5862 4379/5970 4387/5984 4307/5863
f 4387/5984 4380/5985 4308/5864 4307/5863
f 4324/5886 4461/5986 4325/5849 4232/5772
f 4388/5931 4412/5987 4326/5857 4304/5832
f 4262/5817 4375/5964 4389/5988 4295/5845
f 4326/5888 4412/5989 4390/5955 4293/5842
f 4300/5990 4391/5991 4385/5992 4294/5993
f 4309/5834 4435/5994 4391/5995 4300/5852
f 4329/5890 4429/5996 4392/5997 4328/5893
f 4392/5998 4430/5999 4377/5892 4328/5891
f 4393/6000 4394/6001 4364/5938 4363/5937
f 4368/5948 4396/6002 4395/6003 4367/5949
f 4397/6004 4432/6005 4338/5901 4337/5905
f 4382/5903 4433/6006 4397/6007 4337/5904
f 4389/6008 4398/6009 4305/5860 4295/5859
f 4398/6010 4443/6011 4314/5841 4305/5861
f 4399/6012 4400/6013 4320/5880 4321/5882
f 4400/6013 4406/5907 4330/5881 4320/5880
f 4401/6014 4399/6015 4321/5895 4331/5894
f 4323/5883 4404/6016 4402/6017 4322/5884
f 4322/5884 4402/6017 4403/6018 4333/5898
f 4335/5885 4411/6019 4404/6016 4323/5883
f 4407/6020 4401/6014 4331/5894 4332/5896
f 4408/6021 4407/6020 4332/5896 4343/5897
f 4333/5898 4403/6018 4409/6022 4334/5899
f 4334/5899 4409/6022 4410/6023 4347/5900
f 4413/6024 4352/6025 4286/5837 4319/5879
f 4414/5967 4493/6026 4246/5793 4245/5778
f 4315/5875 4352/5921 4415/6027 4378/5968
f 4363/5969 4378/5968 4416/6028 4393/6029
f 4406/5907 4463/6030 4417/5926 4339/5906
f 4340/5911 4342/5910 4418/6031 4356/6032
f 4419/6033 4408/6021 4343/5897 4344/5912
f 4420/6034 4419/6033 4344/5912 4346/5913
f 4345/5914 4421/6035 4420/6034 4346/5913
f 4347/5900 4410/6023 4421/6035 4345/5914
f 4422/6036 4350/5917 4348/5915 4357/5928
f 4423/6037 4381/6038 4367/6039 4395/6040
f 4424/6041 4465/6042 4411/6043 4351/6044
f 4425/6045 4353/5923 4316/5877 4381/5973
f 4260/5813 4501/6046 4426/5975 4259/5814
f 4288/5839 4353/5923 4427/6047 4324/5886
f 4394/6001 4393/6000 4428/6048
f 4394/6049 4428/6050 4392/6051
f 4392/6052 4429/6053 4394/6054
f 4428/6050 4455/6055 4430/6056 4392/6051
f 4429/6057 4446/6058 4341/5943 4394/5942
f 4431/6059 4395/6003 4396/6002
f 4431/6060 4396/6061 4397/6007
f 4396/5951 4432/6005 4397/6004
f 4349/5916 4450/6062 4432/6005 4396/5951
f 4433/6006 4458/6063 4431/6060 4397/6007
f 4309/5834 4434/5966 4435/5994
f 4327/5889 4436/6064 4329/5890
f 4437/6065 4436/6064 4327/5889 4355/5925
f 4436/6064 4496/6066 4429/5996 4329/5890
f 4417/5926 4478/6067 4437/6065 4355/5925
f 4356/6032 4418/6031 4438/6068 4365/6069
f 4439/6070 4422/6071 4357/6072 4366/5960
f 4338/5901 4440/6073 4336/5902
f 4432/6005 4499/6074 4440/6073 4338/5901
f 4336/5902 4440/6073 4441/6075 4358/5929
f 4441/6075 4481/6076 4424/5930 4358/5929
f 4314/5841 4443/6011 4442/5979
f 4247/5790 4454/6077 4444/6078 4244/5791
f 4244/5792 4444/6079 4376/5965
f 4341/5909 4445/6080 4342/5910
f 4446/6081 4521/6082 4445/6080 4341/5909
f 4365/6069 4438/6068 4447/6083 4373/6084
f 4448/6085 4439/6070 4366/5960 4374/5959
f 4349/5916 4350/5917 4449/6086
f 4449/6086 4526/6087 4450/6062 4349/5916
f 4451/6088 4460/6089 4261/5810 4258/5809
f 4258/5815 4383/5978 4451/6090
f 4354/5878 4471/6091 4452/5983 4318/5846
f 4453/6092 4454/6093 4247/5794 4246/5793
f 4393/6029 4416/6028 4455/6055 4428/6050
f 4373/6084 4447/6083 4456/6094 4379/6095
f 4457/6096 4448/6085 4374/5959 4380/5971
f 4458/6063 4423/6037 4395/6040 4431/6060
f 4261/5812 4460/6097 4459/6098 4260/5813
f 4461/5986 4476/6099 4359/5887 4325/5849
f 4430/5999 4477/6100 4414/5967 4377/5892
f 4379/6095 4456/6094 4462/6101 4387/6102
f 4462/6101 4457/6096 4380/5971 4387/6102
f 4426/6103 4482/6104 4433/6006 4382/5903
f 4400/6105 4464/6106 4463/6107 4406/6108
f 4400/6105 4399/6109 4464/6106
f 4465/6042 4466/6110 4404/6111 4411/6043
f 4404/6016 4466/6112 4402/6017
f 4342/5910 4445/6080 4467/6113 4418/6031
f 4468/6114 4464/6106 4399/6109 4401/6115
f 4469/6116 4449/6117 4350/6118 4422/6071
f 4402/6017 4466/6112 4470/6119 4403/6018
f 4386/5924 4492/6120 4471/6091 4354/5878
f 4378/5968 4415/6027 4472/6121 4416/6028
f 4473/6122 4468/6123 4401/6014 4407/6020
f 4403/6018 4470/6119 4474/6124 4409/6022
f 4475/6125 4425/6126 4381/6127 4423/6128
f 4476/6099 4502/6129 4388/5931 4359/5887
f 4430/6056 4455/6055 4477/6130
f 4417/6131 4463/6107 4478/6132
f 4479/6133 4473/6122 4407/6020 4408/6021
f 4409/6022 4474/6124 4480/6134 4410/6023
f 4424/6041 4481/6135 4465/6042
f 4433/6006 4482/6104 4458/6063
f 4444/6079 4557/6136 4434/5966 4376/5965
f 4452/5983 4540/6137 4413/6024 4319/5879
f 4418/6031 4467/6113 4483/6138 4438/6068
f 4484/6139 4479/6133 4408/6021 4419/6033
f 4485/6140 4484/6139 4419/6033 4420/6034
f 4421/6035 4486/6141 4485/6140 4420/6034
f 4410/6023 4480/6134 4486/6141 4421/6035
f 4487/6142 4469/6116 4422/6071 4439/6070
f 4427/6047 4556/6143 4461/5986 4324/5886
f 4442/5979 4565/6144 4451/6090 4383/5978
f 4488/6145 4490/6146 4362/5933 4360/5932
f 4489/6147 4488/6145 4360/5932 4361/5934
f 4490/6148 4507/6149 4384/5936 4362/5935
f 4491/6150 4489/6147 4361/5934 4372/5957
f 4405/5980 4514/6151 4492/6120 4386/5924
f 4493/6026 4574/6152 4453/6092 4246/5793
f 4352/5921 4413/6153 4494/6154 4415/6027
f 4495/6155 4496/6066 4436/6064 4437/6065
f 4437/6065 4478/6067 4495/6155
f 4497/6156 4522/6157 4446/6081 4429/6158
f 4496/6159 4542/6160 4497/6156 4429/6158
f 4440/6073 4499/6074 4498/6161 4441/6075
f 4441/6162 4498/6163 4481/6135
f 4500/6164 4427/6047 4353/5923 4425/6045
f 4459/6098 4579/6165 4501/6046 4260/5813
f 4502/6129 4519/6166 4412/5987 4388/5931
f 4370/5953 4504/6167 4503/6168 4369/5954
f 4390/5955 4511/6169 4504/6167 4370/5953
f 4369/5954 4503/6168 4505/6170 4371/5956
f 4371/5963 4505/6171 4506/6172 4375/5964
f 4507/6149 4514/6151 4405/5980 4384/5936
f 4508/6173 4491/6174 4372/5982 4385/5981
f 4438/6068 4483/6138 4509/6175 4447/6083
f 4510/6176 4487/6142 4439/6070 4448/6085
f 4412/5987 4519/6166 4511/6177 4390/6178
f 4375/5964 4506/6172 4512/6179 4389/5988
f 4391/5991 4513/6180 4508/6181 4385/5992
f 4391/5995 4435/5994 4513/6182
f 4477/6100 4541/6183 4493/6026 4414/5967
f 4416/6028 4472/6121 4515/6184 4455/6055
f 4447/6083 4509/6175 4516/6185 4456/6094
f 4517/6186 4510/6176 4448/6085 4457/6096
f 4518/6187 4475/6125 4423/6128 4458/6188
f 4501/6046 4555/6189 4482/6190 4426/5975
f 4512/6191 4520/6192 4398/6009 4389/6008
f 4398/6010 4520/6193 4443/6011
f 4446/6081 4522/6157 4521/6082
f 4463/6107 4464/6106 4523/6194
f 4523/6194 4546/6195 4478/6132 4463/6107
f 4445/6080 4521/6082 4524/6196 4467/6113
f 4456/6094 4516/6185 4525/6197 4462/6101
f 4525/6197 4517/6186 4457/6096 4462/6101
f 4527/6198 4526/6199 4449/6117 4469/6116
f 4450/6200 4526/6199 4528/6201
f 4465/6042 4529/6202 4466/6110
f 4481/6135 4553/6203 4529/6202 4465/6042
f 4455/6204 4515/6205 4530/6206 4477/6207
f 4531/6208 4523/6194 4464/6106 4468/6114
f 4466/6110 4529/6202 4532/6209 4470/6210
f 4533/6211 4518/6212 4458/6063 4482/6104
f 4467/6113 4524/6196 4534/6213 4483/6138
f 4535/6214 4531/6208 4468/6114 4473/6215
f 4536/6216 4527/6198 4469/6116 4487/6142
f 4470/6210 4532/6209 4537/6217 4474/6218
f 4538/6219 4535/6214 4473/6215 4479/6220
f 4474/6124 4537/6221 4539/6222 4480/6134
f 4471/6091 4587/6223 4540/6137 4452/5983
f 4477/6207 4530/6206 4541/6224
f 4495/6225 4545/6226 4543/6227 4496/6159
f 4496/6159 4543/6227 4542/6160
f 4544/6228 4522/6157 4497/6156
f 4544/6228 4497/6156 4542/6160
f 4478/6132 4546/6195 4545/6226 4495/6225
f 4547/6229 4538/6219 4479/6220 4484/6230
f 4480/6134 4539/6222 4548/6231 4486/6141
f 4499/6232 4432/6233 4549/6234 4550/6235
f 4549/6234 4528/6201 4551/6236
f 4549/6234 4551/6236 4550/6235
f 4552/6237 4553/6203 4481/6135 4498/6163
f 4554/6238 4552/6237 4498/6163 4499/6232
f 4499/6232 4550/6235 4554/6238
f 4482/6104 4555/6239 4533/6211
f 4556/6143 4594/6240 4476/6099 4461/5986
f 4557/6136 4586/6241 4435/5994 4434/5966
f 4415/6242 4494/6243 4558/6244 4472/6245
f 4559/6246 4524/6196 4521/6082 4522/6157
f 4483/6138 4534/6213 4560/6247 4509/6175
f 4561/6248 4547/6229 4484/6230 4485/6249
f 4486/6250 4548/6251 4561/6248 4485/6249
f 4562/6252 4536/6216 4487/6142 4510/6176
f 4526/6199 4527/6198 4563/6253 4528/6201
f 4564/6254 4500/6255 4425/6126 4475/6125
f 4443/6011 4596/6256 4565/6144 4442/5979
f 4542/6257 4567/6258 4566/6259 4544/6260
f 4543/6261 4588/6262 4567/6263 4542/6264
f 4544/6265 4566/6266 4568/6267 4522/6268
f 4509/6175 4560/6247 4569/6269 4516/6185
f 4570/6270 4562/6252 4510/6176 4517/6186
f 4571/6271 4573/6272 4550/6273 4551/6274
f 4572/6275 4571/6271 4551/6274 4528/6276
f 4573/6272 4593/6277 4554/6278 4550/6273
f 4453/6092 4574/6152 4575/6279 4454/6093
f 4576/6280 4546/6195 4523/6194 4531/6208
f 4516/6185 4569/6269 4577/6281 4525/6197
f 4577/6281 4570/6270 4517/6186 4525/6197
f 4529/6202 4553/6203 4578/6282 4532/6209
f 4580/6283 4579/6165 4459/6098 4460/6097
f 4581/6284 4494/6285 4413/6024 4540/6137
f 4522/6268 4568/6267 4582/6286 4559/6287
f 4583/6288 4572/6289 4528/6290 4563/6291
f 4584/6292 4556/6143 4427/6047 4500/6164
f 4435/5994 4586/6241 4585/6293 4513/6182
f 4492/6120 4599/6294 4587/6223 4471/6091
f 4454/6295 4597/6296 4557/6297 4444/6298
f 4541/6183 4630/6299 4574/6152 4493/6026
f 4545/6300 4613/6301 4588/6262 4543/6261
f 4589/6302 4576/6280 4531/6208 4535/6214
f 4524/6196 4559/6246 4590/6303 4534/6213
f 4591/6304 4563/6253 4527/6198 4536/6216
f 4532/6209 4578/6282 4592/6305 4537/6217
f 4593/6306 4621/6307 4552/6308 4554/6309
f 4579/6165 4633/6310 4555/6189 4501/6046
f 4565/6311 4598/6312 4460/6313 4451/6314
f 4594/6240 4604/6315 4502/6129 4476/6099
f 4595/6316 4596/6256 4443/6011 4520/6193
f 4575/6279 4661/6317 4597/6318 4454/6093
f 4598/6319 4664/6320 4580/6283 4460/6097
f 4514/6151 4611/6321 4599/6294 4492/6120
f 4472/6245 4558/6244 4600/6322 4515/6205
f 4601/6323 4589/6302 4535/6214 4538/6219
f 4537/6217 4592/6305 4602/6324 4539/6325
f 4603/6326 4564/6254 4475/6125 4518/6187
f 4604/6315 4623/6327 4519/6166 4502/6129
f 4605/6328 4607/6329 4490/6146 4488/6145
f 4606/6330 4605/6328 4488/6145 4489/6147
f 4607/6331 4610/6332 4507/6149 4490/6148
f 4608/6333 4606/6330 4489/6147 4491/6150
f 4609/6334 4608/6335 4491/6174 4508/6173
f 4610/6332 4611/6321 4514/6151 4507/6149
f 4513/6180 4585/6336 4609/6337 4508/6181
f 4545/6226 4546/6195 4612/6338
f 4612/6339 4646/6340 4613/6341 4545/6342
f 4576/6280 4634/6343 4614/6344 4546/6195
f 4614/6344 4645/6345 4612/6338 4546/6195
f 4534/6213 4590/6303 4615/6346 4560/6247
f 4616/6347 4601/6323 4538/6219 4547/6229
f 4539/6325 4602/6324 4617/6348 4548/6251
f 4618/6349 4591/6304 4536/6216 4562/6252
f 4553/6203 4552/6237 4619/6350
f 4620/6351 4642/6352 4578/6282 4553/6203
f 4619/6350 4647/6353 4620/6351 4553/6203
f 4621/6307 4648/6354 4619/6355 4552/6308
f 4519/6166 4623/6327 4622/6356 4511/6177
f 4624/6357 4595/6358 4520/6192 4512/6191
f 4506/6172 4626/6359 4624/6360 4512/6179
f 4511/6169 4622/6361 4625/6362 4504/6167
f 4505/6171 4628/6363 4626/6359 4506/6172
f 4504/6167 4625/6362 4627/6364 4503/6168
f 4503/6168 4627/6364 4628/6365 4505/6170
f 4629/6366 4616/6347 4547/6229 4561/6248
f 4548/6251 4617/6348 4629/6366 4561/6248
f 4530/6206 4643/6367 4630/6368 4541/6224
f 4560/6247 4615/6346 4631/6369 4569/6269
f 4632/6370 4618/6349 4562/6252 4570/6270
f 4633/6371 4649/6372 4533/6373 4555/6374
f 4576/6280 4589/6302 4634/6343
f 4635/6375 4653/6376 4590/6303 4559/6246
f 4559/6377 4637/6378 4636/6379 4635/6380
f 4559/6287 4582/6286 4637/6381
f 4569/6269 4631/6369 4638/6382 4577/6281
f 4638/6382 4632/6370 4570/6270 4577/6281
f 4591/6304 4655/6383 4639/6384 4563/6253
f 4640/6385 4641/6386 4563/6291 4639/6387
f 4563/6291 4641/6386 4583/6288
f 4578/6282 4642/6352 4592/6305
f 4515/6205 4644/6388 4643/6367 4530/6206
f 4515/6205 4600/6322 4644/6388
f 4645/6389 4674/6390 4646/6340 4612/6339
f 4648/6354 4680/6391 4647/6392 4619/6355
f 4649/6372 4650/6393 4518/6187 4533/6373
f 4518/6187 4650/6393 4603/6326
f 4651/6394 4581/6284 4540/6137 4587/6223
f 4494/6243 4581/6395 4652/6396 4558/6244
f 4590/6303 4653/6376 4615/6346
f 4654/6397 4634/6343 4589/6302 4601/6323
f 4591/6304 4618/6349 4655/6383
f 4592/6305 4642/6352 4656/6398 4602/6324
f 4657/6399 4584/6400 4500/6255 4564/6254
f 4556/6143 4584/6292 4658/6401 4594/6240
f 4659/6402 4661/6317 4575/6279
f 4659/6402 4575/6279 4574/6152
f 4630/6299 4692/6403 4659/6402 4574/6152
f 4580/6283 4664/6320 4660/6404
f 4580/6283 4660/6404 4579/6165
f 4660/6404 4701/6405 4633/6310 4579/6165
f 4662/6406 4654/6397 4601/6323 4616/6347
f 4602/6324 4656/6398 4663/6407 4617/6348
f 4614/6344 4666/6408 4665/6409 4645/6345
f 4614/6344 4634/6343 4666/6408
f 4615/6346 4653/6376 4667/6410 4631/6369
f 4668/6411 4662/6406 4616/6347 4629/6366
f 4617/6348 4663/6407 4668/6411 4629/6366
f 4669/6412 4655/6383 4618/6349 4632/6370
f 4670/6413 4671/6414 4620/6351 4647/6353
f 4620/6351 4671/6414 4642/6352
f 4597/6296 4684/6415 4586/6416 4557/6297
f 4567/6258 4685/6417 4672/6418 4566/6259
f 4566/6266 4672/6419 4673/6420 4568/6267
f 4665/6421 4706/6422 4674/6390 4645/6389
f 4675/6423 4693/6424 4653/6376 4635/6375
f 4635/6380 4636/6379 4676/6425 4675/6426
f 4631/6369 4667/6410 4677/6427 4638/6382
f 4677/6427 4669/6412 4632/6370 4638/6382
f 4655/6383 4697/6428 4678/6429 4639/6384
f 4679/6430 4640/6385 4639/6387 4678/6431
f 4680/6391 4710/6432 4670/6433 4647/6392
f 4681/6434 4688/6435 4573/6436 4571/6437
f 4682/6438 4681/6434 4571/6437 4572/6439
f 4596/6440 4689/6441 4598/6312 4565/6311
f 4683/6442 4651/6394 4587/6223 4599/6294
f 4661/6317 4730/6443 4684/6444 4597/6318
f 4588/6445 4733/6446 4685/6417 4567/6258
f 4686/6447 4666/6408 4634/6343 4654/6397
f 4642/6352 4671/6414 4687/6448 4656/6398
f 4688/6435 4737/6449 4593/6450 4573/6436
f 4689/6451 4740/6452 4664/6320 4598/6319
f 4594/6240 4658/6401 4690/6453 4604/6315
f 4558/6244 4652/6396 4691/6454 4600/6322
f 4643/6367 4717/6455 4692/6456 4630/6368
f 4694/6457 4705/6458 4693/6424
f 4694/6457 4693/6424 4675/6423
f 4675/6426 4676/6425 4695/6459 4694/6460
f 4696/6461 4667/6410 4653/6376 4693/6424
f 4698/6462 4697/6428 4655/6383 4669/6412
f 4697/6428 4709/6463 4699/6464
f 4697/6428 4699/6464 4678/6429
f 4700/6465 4679/6466 4678/6467 4699/6468
f 4701/6469 4720/6470 4649/6372 4633/6371
f 4702/6471 4657/6399 4564/6254 4603/6326
f 4703/6472 4683/6442 4599/6294 4611/6321
f 4568/6267 4673/6420 4704/6473 4582/6286
f 4666/6408 4718/6474 4705/6458 4665/6409
f 4705/6475 4747/6476 4706/6422 4665/6421
f 4707/6477 4686/6447 4654/6397 4662/6406
f 4656/6398 4687/6448 4708/6478 4663/6407
f 4709/6463 4719/6479 4671/6414 4670/6413
f 4710/6432 4750/6480 4709/6481 4670/6433
f 4711/6482 4682/6483 4572/6289 4583/6288
f 4604/6315 4690/6453 4712/6484 4623/6327
f 4585/6485 4714/6486 4713/6487 4609/6488
f 4609/6334 4713/6489 4608/6335
f 4586/6416 4716/6490 4714/6486
f 4586/6241 4714/6491 4585/6293
f 4715/6492 4703/6472 4611/6321 4610/6332
f 4684/6415 4729/6493 4716/6490 4586/6416
f 4643/6367 4644/6388 4717/6455
f 4666/6408 4686/6447 4718/6474
f 4671/6414 4719/6479 4687/6448
f 4649/6372 4720/6470 4650/6393
f 4721/6494 4722/6495 4596/6440
f 4721/6496 4596/6256 4595/6316
f 4722/6495 4741/6497 4689/6441 4596/6440
f 4623/6327 4712/6484 4723/6498 4622/6356
f 4724/6499 4721/6494 4595/6500 4624/6501
f 4624/6360 4626/6359 4724/6502
f 4725/6503 4727/6504 4607/6329 4605/6328
f 4726/6505 4725/6503 4605/6328 4606/6330
f 4727/6506 4715/6492 4610/6332 4607/6331
f 4606/6330 4608/6333 4726/6505
f 4728/6507 4726/6508 4608/6335 4713/6489
f 4730/6443 4759/6509 4729/6510 4684/6444
f 4731/6511 4652/6396 4581/6395 4651/6512
f 4659/6402 4692/6403 4732/6513 4661/6317
f 4613/6301 4773/6514 4733/6515 4588/6262
f 4694/6460 4695/6459 4734/6516 4705/6517
f 4735/6518 4707/6477 4662/6406 4668/6411
f 4663/6407 4708/6478 4735/6518 4668/6411
f 4736/6519 4700/6465 4699/6468 4709/6520
f 4737/6521 4774/6522 4621/6307 4593/6306
f 4738/6523 4701/6405 4660/6404 4664/6320
f 4584/6400 4657/6399 4739/6524 4658/6525
f 4741/6526 4764/6527 4740/6452 4689/6451
f 4622/6361 4723/6528 4742/6529 4625/6362
f 4626/6359 4628/6363 4743/6530
f 4626/6359 4743/6530 4744/6531 4724/6502
f 4625/6362 4742/6529 4745/6532 4627/6364
f 4627/6364 4745/6532 4743/6533 4628/6365
f 4705/6458 4718/6474 4746/6534 4693/6424
f 4705/6475 4734/6535 4747/6476
f 4693/6424 4746/6534 4696/6461
f 4667/6410 4696/6461 4748/6536 4677/6427
f 4748/6536 4698/6462 4669/6412 4677/6427
f 4749/6537 4719/6479 4709/6463 4697/6428
f 4697/6428 4698/6462 4749/6537
f 4709/6520 4750/6538 4736/6519
f 4714/6486 4716/6490 4729/6493 4713/6487
f 4600/6322 4691/6454 4751/6539 4644/6388
f 4686/6447 4707/6477 4752/6540 4718/6474
f 4687/6448 4719/6479 4753/6541 4708/6478
f 4754/6542 4702/6471 4603/6326 4650/6393
f 4721/6494 4724/6499 4741/6497 4722/6495
f 4729/6510 4759/6509 4728/6507 4713/6489
f 4732/6513 4787/6543 4730/6443 4661/6317
f 4751/6539 4766/6544 4717/6455 4644/6388
f 4685/6417 4760/6545 4755/6546 4672/6418
f 4672/6418 4755/6546 4756/6547 4673/6548
f 4757/6549 4763/6550 4688/6435 4681/6434
f 4758/6551 4757/6549 4681/6434 4682/6438
f 4720/6470 4769/6552 4754/6542 4650/6393
f 4740/6452 4794/6553 4738/6523 4664/6320
f 4744/6531 4764/6527 4741/6526 4724/6502
f 4733/6446 4780/6554 4760/6545 4685/6417
f 4718/6474 4752/6540 4746/6534
f 4696/6461 4746/6534 4761/6555 4748/6536
f 4762/6556 4752/6540 4707/6477 4735/6518
f 4708/6478 4753/6541 4762/6556 4735/6518
f 4761/6555 4749/6537 4698/6462 4748/6536
f 4719/6479 4749/6537 4753/6541
f 4763/6550 4781/6557 4737/6449 4688/6435
f 4765/6558 4731/6511 4651/6512 4683/6559
f 4766/6544 4732/6560 4692/6456 4717/6455
f 4582/6286 4704/6473 4767/6561 4637/6381
f 4768/6562 4711/6482 4583/6288 4641/6386
f 4701/6469 4738/6563 4769/6552 4720/6470
f 4658/6525 4739/6524 4770/6564 4690/6565
f 4771/6566 4691/6454 4652/6396 4731/6511
f 4772/6567 4704/6473 4673/6420 4756/6568
f 4646/6340 4815/6569 4773/6570 4613/6341
f 4752/6540 4762/6556 4761/6555 4746/6534
f 4761/6555 4762/6556 4753/6541 4749/6537
f 4774/6522 4818/6571 4648/6354 4621/6307
f 4682/6483 4711/6482 4775/6572 4758/6573
f 4776/6574 4739/6524 4657/6399 4702/6471
f 4777/6575 4765/6558 4683/6559 4703/6576
f 4690/6565 4770/6564 4778/6577 4712/6578
f 4779/6579 4777/6580 4703/6472 4715/6492
f 4715/6492 4727/6506 4779/6579
f 4773/6581 4813/6582 4780/6554 4733/6446
f 4781/6583 4819/6584 4774/6522 4737/6521
f 4712/6578 4778/6577 4782/6585 4723/6586
f 4723/6528 4782/6587 4742/6529
f 4783/6588 4779/6589 4727/6590 4725/6591
f 4725/6503 4726/6505 4783/6592
f 4784/6593 4783/6592 4726/6505 4728/6594
f 4742/6529 4782/6587 4785/6595 4745/6532
f 4743/6533 4745/6532 4785/6595
f 4743/6530 4785/6596 4786/6597 4744/6531
f 4787/6543 4801/6598 4759/6509 4730/6443
f 4766/6599 4804/6600 4787/6543 4732/6513
f 4760/6545 4797/6601 4788/6602 4755/6546
f 4789/6603 4805/6604 4756/6568 4755/6605
f 4755/6546 4788/6602 4789/6606
f 4637/6378 4767/6607 4790/6608 4636/6379
f 4791/6609 4768/6562 4641/6386 4640/6385
f 4792/6610 4798/6611 4763/6550 4757/6549
f 4758/6551 4806/6612 4793/6613 4757/6549
f 4757/6549 4793/6613 4792/6610
f 4794/6553 4807/6614 4769/6615 4738/6523
f 4764/6527 4802/6616 4794/6553 4740/6452
f 4795/6617 4771/6566 4731/6511 4765/6558
f 4691/6454 4771/6566 4796/6618 4751/6539
f 4780/6554 4814/6619 4797/6601 4760/6545
f 4798/6611 4820/6620 4781/6557 4763/6550
f 4799/6621 4776/6574 4702/6471 4754/6542
f 4739/6524 4776/6574 4800/6622 4770/6564
f 4801/6598 4784/6623 4728/6507 4759/6509
f 4744/6531 4786/6597 4802/6616 4764/6527
f 4803/6624 4795/6617 4765/6558 4777/6575
f 4796/6618 4804/6625 4766/6544 4751/6539
f 4805/6604 4832/6626 4772/6567 4756/6568
f 4775/6572 4835/6627 4806/6628 4758/6573
f 4769/6552 4807/6629 4799/6621 4754/6542
f 4770/6564 4800/6622 4808/6630 4778/6577
f 4809/6631 4803/6624 4777/6575 4779/6589
f 4783/6592 4784/6593 4809/6632
f 4783/6588 4809/6631 4779/6589
f 4810/6633 4767/6561 4704/6473 4772/6567
f 4711/6482 4768/6562 4811/6634 4775/6572
f 4778/6577 4808/6630 4812/6635 4782/6585
f 4812/6636 4786/6597 4785/6596
f 4812/6635 4785/6637 4782/6585
f 4813/6582 4837/6638 4814/6619 4780/6554
f 4815/6569 4838/6639 4813/6640 4773/6570
f 4674/6390 4833/6641 4815/6569 4646/6340
f 4636/6379 4790/6608 4816/6642 4676/6425
f 4817/6643 4791/6609 4640/6385 4679/6430
f 4818/6571 4834/6644 4680/6391 4648/6354
f 4819/6584 4840/6645 4818/6571 4774/6522
f 4820/6646 4839/6647 4819/6584 4781/6583
f 4804/6625 4821/6648 4801/6649
f 4804/6600 4801/6598 4787/6543
f 4821/6648 4796/6618 4771/6566 4795/6617
f 4822/6650 4800/6622 4776/6574 4799/6621
f 4802/6651 4822/6650 4807/6629
f 4802/6616 4807/6614 4794/6553
f 4784/6652 4801/6649 4803/6624 4809/6631
f 4808/6630 4802/6651 4786/6653 4812/6635
f 4803/6624 4801/6649 4821/6648 4795/6617
f 4796/6618 4821/6648 4804/6625
f 4797/6601 4827/6654 4823/6655 4788/6602
f 4824/6656 4831/6657 4789/6603 4788/6658
f 4788/6602 4823/6655 4824/6659
f 4825/6660 4830/6661 4798/6611 4792/6610
f 4793/6662 4836/6663 4826/6664 4792/6665
f 4792/6610 4826/6666 4825/6660
f 4799/6621 4807/6629 4822/6650
f 4822/6650 4802/6651 4808/6630 4800/6622
f 4814/6619 4841/6667 4827/6654 4797/6601
f 4676/6425 4816/6642 4828/6668 4695/6459
f 4829/6669 4817/6670 4679/6466 4700/6465
f 4830/6661 4844/6671 4820/6620 4798/6611
f 4789/6603 4831/6657 4805/6604
f 4832/6626 4864/6672 4810/6633 4772/6567
f 4706/6422 4845/6673 4833/6641 4674/6390
f 4834/6644 4846/6674 4710/6432 4680/6391
f 4811/6634 4867/6675 4835/6627 4775/6572
f 4793/6662 4806/6628 4836/6663
f 4838/6639 4870/6676 4837/6677 4813/6640
f 4839/6647 4872/6678 4840/6645 4819/6584
f 4837/6677 4871/6679 4841/6680 4814/6681
f 4695/6459 4828/6668 4842/6682 4734/6516
f 4843/6683 4829/6669 4700/6465 4736/6519
f 4844/6684 4873/6685 4839/6647 4820/6646
f 4747/6476 4847/6686 4845/6673 4706/6422
f 4846/6674 4848/6687 4750/6480 4710/6432
f 4734/6535 4842/6688 4847/6686 4747/6476
f 4848/6689 4843/6683 4736/6519 4750/6538
f 4849/6690 4851/6691 4767/6561 4810/6633
f 4767/6561 4851/6691 4850/6692 4790/6693
f 4852/6694 4854/6695 4768/6562 4791/6609
f 4768/6562 4854/6695 4853/6696 4811/6634
f 4855/6697 4875/6698 4838/6639 4815/6569
f 4833/6641 4880/6699 4855/6697 4815/6569
f 4840/6645 4878/6700 4856/6701 4818/6571
f 4856/6701 4881/6702 4834/6644 4818/6571
f 4827/6654 4863/6703 4857/6704 4823/6655
f 4823/6655 4857/6704 4858/6705 4824/6659
f 4805/6604 4831/6657 4859/6706 4832/6626
f 4860/6707 4836/6663 4806/6628 4835/6627
f 4861/6708 4868/6709 4830/6661 4825/6660
f 4862/6710 4861/6708 4825/6660 4826/6666
f 4841/6667 4879/6711 4863/6703 4827/6654
f 4864/6712 4885/6713 4849/6714 4810/6715
f 4790/6608 4850/6716 4865/6717 4816/6642
f 4866/6718 4852/6694 4791/6609 4817/6643
f 4853/6696 4890/6719 4867/6675 4811/6634
f 4868/6709 4882/6720 4844/6671 4830/6661
f 4824/6656 4858/6721 4869/6722 4831/6657
f 4870/6676 4912/6723 4871/6679 4837/6677
f 4873/6685 4920/6724 4872/6678 4839/6647
f 4874/6725 4862/6726 4826/6664 4836/6663
f 4875/6698 4913/6727 4870/6676 4838/6639
f 4816/6642 4865/6717 4876/6728 4828/6668
f 4877/6729 4866/6730 4817/6670 4829/6669
f 4872/6678 4921/6731 4878/6700 4840/6645
f 4871/6732 4923/6733 4879/6734 4841/6735
f 4845/6673 4892/6736 4880/6699 4833/6641
f 4881/6702 4893/6737 4846/6674 4834/6644
f 4882/6738 4926/6739 4873/6685 4844/6684
f 4849/6690 4883/6740 4851/6691
f 4849/6714 4885/6713 4884/6741
f 4849/6690 4884/6742 4883/6740
f 4828/6668 4876/6728 4886/6743 4842/6682
f 4887/6744 4877/6729 4829/6669 4843/6683
f 4853/6696 4854/6695 4888/6745
f 4889/6746 4890/6747 4853/6748
f 4889/6749 4853/6750 4888/6751
f 4891/6752 4924/6753 4864/6754 4832/6755
f 4859/6756 4947/6757 4891/6752
f 4859/6706 4891/6758 4832/6626
f 4847/6686 4895/6759 4892/6736 4845/6673
f 4893/6737 4896/6760 4848/6687 4846/6674
f 4867/6675 4925/6761 4894/6762 4835/6627
f 4894/6762 4951/6763 4860/6707
f 4894/6762 4860/6707 4835/6627
f 4842/6688 4886/6764 4895/6759 4847/6686
f 4896/6765 4887/6744 4843/6683 4848/6689
f 4831/6657 4869/6722 4897/6766 4859/6706
f 4883/6740 4905/6767 4898/6768 4851/6691
f 4851/6691 4898/6768 4899/6769 4850/6692
f 4900/6770 4901/6771 4854/6695 4852/6694
f 4901/6771 4908/6772 4888/6745 4854/6695
f 4902/6773 4874/6725 4836/6663 4860/6707
f 4863/6703 4911/6774 4903/6775 4857/6704
f 4857/6704 4903/6775 4904/6776 4858/6705
f 4884/6742 4916/6777 4905/6767 4883/6740
f 4850/6716 4899/6778 4906/6779 4865/6717
f 4907/6780 4900/6770 4852/6694 4866/6718
f 4908/6781 4919/6782 4889/6749 4888/6751
f 4909/6783 4922/6784 4868/6709 4861/6708
f 4910/6785 4909/6783 4861/6708 4862/6710
f 4879/6734 4939/6786 4911/6787 4863/6788
f 4913/6727 4963/6789 4912/6723 4870/6676
f 4914/6790 4915/6791 4884/6741 4885/6713
f 4915/6792 4941/6793 4916/6794 4884/6795
f 4918/6796 4890/6747 4889/6746 4917/6797
f 4919/6782 4944/6798 4917/6799 4889/6749
f 4920/6724 4967/6800 4921/6731 4872/6678
f 4922/6784 4946/6801 4882/6720 4868/6709
f 4912/6723 4972/6802 4923/6803 4871/6679
f 4864/6712 4924/6804 4885/6713
f 4867/6805 4890/6747 4925/6806
f 4926/6739 4973/6807 4920/6724 4873/6685
f 4858/6721 4904/6808 4927/6809 4869/6722
f 4928/6810 4929/6811 4875/6812 4855/6813
f 4929/6811 4949/6814 4913/6815 4875/6812
f 4855/6816 4930/6817 4928/6818
f 4931/6819 4930/6817 4855/6816
f 4931/6820 4855/6697 4880/6699
f 4865/6717 4906/6779 4932/6821 4876/6728
f 4933/6822 4907/6823 4866/6730 4877/6729
f 4878/6824 4937/6825 4934/6826 4856/6827
f 4856/6701 4934/6828 4935/6829
f 4856/6701 4935/6829 4936/6830
f 4856/6701 4936/6830 4881/6702
f 4921/6831 4950/6832 4937/6825 4878/6824
f 4938/6833 4910/6834 4862/6726 4874/6725
f 4923/6733 4983/6835 4939/6786 4879/6734
f 4885/6713 4924/6804 4940/6836 4914/6790
f 4915/6791 4914/6790 4929/6811 4928/6810
f 4928/6818 4930/6817 4941/6793 4915/6792
f 4876/6728 4932/6821 4942/6837 4886/6743
f 4943/6838 4933/6822 4877/6729 4887/6744
f 4937/6825 4918/6796 4917/6797 4934/6826
f 4944/6798 4935/6839 4934/6840 4917/6799
f 4945/6841 4925/6806 4890/6747 4918/6796
f 4946/6842 4986/6843 4926/6739 4882/6738
f 4897/6766 4993/6844 4948/6845 4859/6706
f 4859/6756 4948/6846 4947/6757
f 4914/6790 4940/6836 4949/6814 4929/6811
f 4950/6832 4945/6841 4918/6796 4937/6825
f 4860/6707 4951/6763 4952/6847
f 4952/6847 5001/6848 4902/6773 4860/6707
f 4892/6736 4958/6849 4953/6850 4880/6699
f 4880/6699 4953/6850 4931/6820
f 4886/6764 4942/6851 4954/6852 4895/6759
f 4955/6853 4943/6838 4887/6744 4896/6765
f 4956/6854 4959/6855 4893/6737 4881/6702
f 4881/6702 4936/6830 4956/6854
f 4869/6722 4927/6809 4957/6856 4897/6766
f 4895/6759 4954/6852 4958/6849 4892/6736
f 4959/6855 4955/6857 4896/6760 4893/6737
f 4960/6858 4938/6833 4874/6725 4902/6773
f 4911/6774 4971/6859 4961/6860 4903/6775
f 4903/6861 4961/6862 4962/6863 4904/6808
f 4964/6864 4963/6789 4913/6727 4949/6865
f 4891/6752 4947/6757 4965/6866 4924/6753
f 4966/6867 4951/6868 4894/6869 4925/6870
f 4921/6731 4967/6800 4968/6871 4950/6872
f 4969/6873 4974/6874 4922/6875 4909/6876
f 4970/6877 4969/6878 4909/6783 4910/6785
f 4939/6786 4991/6879 4971/6880 4911/6787
f 4963/6789 5009/6881 4972/6802 4912/6723
f 4973/6807 5013/6882 4967/6800 4920/6724
f 4974/6874 4992/6883 4946/6884 4922/6875
f 4904/6808 4962/6863 4975/6885 4927/6809
f 4898/6768 4977/6886 4976/6887 4899/6769
f 4905/6767 4987/6888 4977/6886 4898/6768
f 4899/6778 4976/6889 4978/6890 4906/6779
f 4979/6891 4981/6892 4901/6771 4900/6770
f 4980/6893 4979/6891 4900/6770 4907/6780
f 4981/6892 4990/6894 4908/6772 4901/6771
f 4982/6895 4970/6896 4910/6834 4938/6833
f 4972/6802 5015/6897 4983/6898 4923/6803
f 4924/6753 4965/6866 4984/6899 4940/6900
f 4985/6901 4966/6902 4925/6806 4945/6841
f 4986/6843 5020/6903 4973/6807 4926/6739
f 4940/6836 4984/6904 4964/6905 4949/6814
f 4916/6777 5004/6906 4987/6888 4905/6767
f 4906/6779 4978/6890 4988/6907 4932/6821
f 4989/6908 4980/6909 4907/6823 4933/6822
f 4990/6910 5005/6911 4919/6782 4908/6781
f 4968/6912 4985/6901 4945/6841 4950/6832
f 4983/6835 5033/6913 4991/6879 4939/6786
f 4992/6914 5036/6915 4986/6843 4946/6842
f 4897/6766 4957/6856 4994/6916 4993/6844
f 4948/6846 5007/6917 4995/6918 4947/6757
f 4947/6757 4995/6918 4996/6919 4965/6866
f 4932/6821 4988/6907 4997/6920 4942/6837
f 4998/6921 4989/6908 4933/6822 4943/6838
f 4999/6922 5008/6923 4952/6847 4951/6763
f 5000/6924 4999/6925 4951/6868 4966/6867
f 5002/6926 4960/6858 4902/6773 5001/6848
f 4927/6809 4975/6885 5003/6927 4957/6856
f 4941/6793 5016/6928 5004/6929 4916/6794
f 5005/6911 5019/6930 4944/6798 4919/6782
f 5006/6931 4982/6895 4938/6833 4960/6858
f 4993/6844 5023/6932 5007/6933 4948/6845
f 5008/6923 5027/6934 5001/6848 4952/6847
f 4964/6864 5025/6935 5010/6936 4963/6789
f 5010/6936 5070/6937 5009/6881 4963/6789
f 4965/6866 4996/6919 5011/6938 4984/6899
f 5012/6939 5000/6924 4966/6867 4985/6940
f 5014/6941 5026/6942 4968/6871 4967/6800
f 5013/6882 5078/6943 5014/6941 4967/6800
f 5009/6881 5069/6944 5015/6897 4972/6802
f 4930/6817 5039/6945 5016/6928 4941/6793
f 4942/6851 4997/6946 5017/6947 4954/6852
f 5018/6948 4998/6921 4943/6838 4955/6853
f 5019/6930 5040/6949 4935/6839 4944/6798
f 5020/6903 5077/6950 5013/6882 4973/6807
f 4971/6880 5031/6951 5021/6952 4961/6953
f 4961/6862 5021/6954 5022/6955 4962/6863
f 4993/6844 4994/6916 5024/6956 5023/6932
f 4984/6957 5011/6958 5025/6935 4964/6864
f 5026/6959 5012/6939 4985/6940 4968/6960
f 5028/6961 5002/6926 5001/6848 5027/6934
f 5029/6962 5030/6963 4969/6873 4970/6964
f 5030/6963 5038/6965 4974/6874 4969/6873
f 4991/6879 5061/6966 5031/6951 4971/6880
f 4962/6863 5022/6955 5032/6967 4975/6885
f 5015/6897 5079/6968 5033/6969 4983/6898
f 4954/6852 5017/6947 5034/6970 4958/6849
f 5035/6971 5018/6972 4955/6857 4959/6855
f 5036/6915 5082/6973 5020/6903 4986/6843
f 5037/6974 5029/6975 4970/6896 4982/6895
f 5038/6965 5068/6976 4992/6883 4974/6874
f 4931/6819 5052/6977 5039/6945 4930/6817
f 5040/6978 5057/6979 4936/6830 4935/6829
f 4957/6980 5003/6981 5041/6982 4994/6983
f 4958/6849 5034/6970 5042/6984 4953/6850
f 4977/6886 5053/6985 5043/6986 4976/6887
f 4976/6889 5043/6987 5044/6988 4978/6890
f 5045/6989 5046/6990 4979/6891 4980/6893
f 5046/6990 5056/6991 4981/6892 4979/6891
f 5047/6992 5035/6971 4959/6855 4956/6854
f 5048/6993 5006/6931 4960/6858 5002/6926
f 5007/6917 5050/6994 5049/6995 4995/6918
f 5023/6932 5063/6996 5050/6997 5007/6933
f 4995/6918 5049/6995 5051/6998 4996/6919
f 4953/6850 5042/6984 5052/6999 4931/6820
f 4987/6888 5072/7000 5053/6985 4977/6886
f 4978/6890 5044/6988 5054/7001 4988/6907
f 5055/7002 5045/7003 4980/6909 4989/6908
f 5056/6991 5075/7004 4990/6894 4981/6892
f 5057/6979 5047/6992 4956/6854 4936/6830
f 5058/7005 5060/7006 5008/6923 4999/6922
f 5059/7007 5058/7008 4999/6925 5000/6924
f 5060/7006 5066/7009 5027/6934 5008/6923
f 5033/6913 5087/7010 5061/6966 4991/6879
f 4975/6885 5032/6967 5062/7011 5003/6927
f 5024/6956 5108/7012 5063/6996 5023/6932
f 4996/6919 5051/6998 5064/7013 5011/6938
f 5065/7014 5059/7007 5000/6924 5012/6939
f 5066/7009 5121/7015 5028/6961 5027/6934
f 5067/7016 5037/6974 4982/6895 5006/6931
f 5068/7017 5096/7018 5036/6915 4992/6914
f 5070/6937 5111/7019 5069/6944 5009/6881
f 4994/6983 5041/6982 5071/7020 5024/7021
f 5004/6906 5100/7022 5072/7000 4987/6888
f 4988/6907 5054/7001 5073/7023 4997/6920
f 5074/7024 5055/7002 4989/6908 4998/6921
f 5075/7025 5103/7026 5005/6911 4990/6910
f 5076/7027 5048/6993 5002/6926 5028/6961
f 5077/6950 5123/7028 5078/6943 5013/6882
f 5069/6944 5131/7029 5079/6968 5015/6897
f 5011/6958 5064/7030 5080/7031 5025/6935
f 5081/7032 5065/7014 5012/6939 5026/6959
f 5082/6973 5132/7033 5077/6950 5020/6903
f 5025/6935 5080/7031 5083/7034 5010/6936
f 5010/6936 5083/7034 5084/7035 5070/6937
f 5085/7036 5081/7037 5026/6942 5014/6941
f 5086/7038 5085/7036 5014/6941 5078/6943
f 5079/6968 5154/7039 5087/7040 5033/6969
f 5003/6981 5062/7041 5088/7042 5041/6982
f 5050/6994 5090/7043 5089/7044 5049/6995
f 5063/6996 5114/7045 5090/7046 5050/6997
f 5053/7047 5116/7048 5091/7049 5043/6987
f 5091/7049 5117/7050 5044/6988 5043/6987
f 5045/6989 5118/7051 5092/7052 5046/6990
f 5092/7052 5119/7053 5056/6991 5046/6990
f 5093/7054 5094/7055 5060/7006 5058/7005
f 5094/7055 5122/7056 5066/7009 5060/7006
f 5095/7057 5067/7016 5006/6931 5048/6993
f 5096/7018 5163/7058 5082/6973 5036/6915
f 5021/6954 5098/7059 5097/7060 5022/6955
f 5031/6951 5129/7061 5098/7062 5021/6952
f 5049/6995 5089/7044 5099/7063 5051/6998
f 5016/6928 5147/7064 5100/7065 5004/6929
f 4997/6946 5073/7066 5101/7067 5017/6947
f 5102/7068 5074/7024 4998/6921 5018/6948
f 5103/7026 5152/7069 5019/6930 5005/6911
f 5104/7070 5093/7071 5058/7008 5059/7007
f 5105/7072 5106/7073 5030/6963 5029/6962
f 5106/7073 5130/7074 5038/6965 5030/6963
f 5022/6955 5097/7060 5107/7075 5032/6967
f 5109/7076 5135/7077 5108/7012 5024/6956
f 5024/7021 5071/7020 5110/7078 5109/7079
f 5112/7080 5155/7081 5111/7082
f 5112/7080 5111/7082 5070/7083
f 5070/7084 5084/7085 5113/7086 5112/7087
f 5108/7012 5136/7088 5114/7045 5063/6996
f 5051/6998 5099/7063 5115/7089 5064/7013
f 5072/7000 5138/7090 5116/7091 5053/6985
f 5117/7050 5139/7092 5054/7001 5044/6988
f 5055/7002 5140/7093 5118/7094 5045/7003
f 5119/7053 5141/7095 5075/7004 5056/6991
f 5120/7096 5104/7070 5059/7007 5065/7014
f 5122/7056 5144/7097 5121/7015 5066/7009
f 5123/7098 5160/7099 5124/7100
f 5123/7098 5124/7100 5078/7101
f 5125/7102 5086/7038 5078/6943 5124/7103
f 5121/7104 5143/7105 5126/7106 5028/7107
f 5127/7108 5076/7109 5028/7110 5126/7111
f 5128/7112 5105/7113 5029/6975 5037/6974
f 5061/6966 5153/7114 5129/7061 5031/6951
f 5130/7074 5164/7115 5068/6976 5038/6965
f 5111/7019 5165/7116 5131/7029 5069/6944
f 5132/7033 5172/7117 5123/7028 5077/6950
f 5032/6967 5107/7075 5133/7118 5062/7011
f 5041/6982 5088/7042 5134/7119 5071/7020
f 5135/7077 5174/7120 5136/7088 5108/7012
f 5064/7030 5115/7121 5137/7122 5080/7031
f 5100/7022 5190/7123 5138/7090 5072/7000
f 5139/7092 5179/7124 5073/7023 5054/7001
f 5074/7024 5180/7125 5140/7093 5055/7002
f 5141/7126 5193/7127 5103/7026 5075/7025
f 5142/7128 5120/7096 5065/7014 5081/7032
f 5144/7129 5185/7130 5143/7105 5121/7104
f 5145/7131 5095/7057 5048/6993 5076/7027
f 5146/7132 5128/7112 5037/6974 5067/7016
f 5039/6945 5201/7133 5147/7064 5016/6928
f 5017/6947 5101/7067 5148/7134 5034/6970
f 5149/7135 5117/7050 5091/7049 5116/7048
f 5150/7136 5119/7053 5092/7052 5118/7051
f 5151/7137 5102/7138 5018/6972 5035/6971
f 5152/7069 5202/7139 5040/6949 5019/6930
f 5087/7010 5215/7140 5153/7114 5061/6966
f 5131/7029 5207/7141 5154/7039 5079/6968
f 5156/7142 5166/7143 5155/7144 5112/7145
f 5112/7087 5113/7086 5157/7146 5156/7147
f 5080/7031 5137/7122 5158/7148 5083/7034
f 5159/7149 5142/7150 5081/7037 5085/7036
f 5160/7151 5171/7152 5161/7153 5124/7154
f 5162/7155 5125/7156 5124/7157 5161/7158
f 5163/7058 5214/7159 5132/7033 5082/6973
f 5164/7160 5220/7161 5096/7018 5068/7017
f 5155/7162 5188/7163 5165/7116 5111/7019
f 5156/7147 5157/7146 5135/7164
f 5156/7147 5135/7164 5109/7165
f 5109/7079 5110/7078 5166/7143 5156/7142
f 5090/7043 5176/7166 5167/7167 5089/7044
f 5089/7044 5167/7167 5168/7168 5099/7063
f 5169/7169 5183/7170 5094/7055 5093/7054
f 5170/7171 5169/7172 5093/7071 5104/7070
f 5143/7105 5162/7155 5161/7158
f 5143/7105 5161/7158 5126/7106
f 5171/7152 5127/7173 5126/7174 5161/7153
f 5172/7175 5195/7176 5160/7099 5123/7098
f 5071/7020 5134/7119 5173/7177 5110/7078
f 5157/7146 5198/7178 5174/7179 5135/7164
f 5083/7034 5158/7148 5175/7180 5084/7035
f 5114/7045 5200/7181 5176/7182 5090/7046
f 5177/7183 5149/7184 5116/7185 5138/7186
f 5117/7050 5149/7135 5178/7187 5139/7092
f 5179/7124 5221/7188 5101/7189 5073/7023
f 5102/7068 5222/7190 5180/7125 5074/7024
f 5181/7191 5150/7192 5118/7193 5140/7194
f 5119/7195 5150/7192 5182/7196 5141/7197
f 5183/7170 5203/7198 5122/7056 5094/7055
f 5184/7199 5159/7149 5085/7036 5086/7038
f 5185/7130 5205/7200 5162/7155 5143/7105
f 5186/7201 5145/7202 5076/7203 5127/7173
f 5062/7041 5133/7204 5187/7205 5088/7042
f 5166/7206 5197/7207 5188/7208 5155/7209
f 5099/7063 5168/7168 5189/7210 5115/7089
f 5147/7211 5210/7212 5190/7123 5100/7022
f 5034/6970 5148/7134 5191/7213 5042/6984
f 5192/7214 5151/7137 5035/6971 5047/6992
f 5193/7127 5211/7215 5152/7069 5103/7026
f 5194/7216 5170/7171 5104/7070 5120/7096
f 5195/7217 5206/7218 5171/7152 5160/7151
f 5196/7219 5146/7132 5067/7016 5095/7057
f 5166/7143 5110/7078 5197/7220
f 5113/7086 5199/7221 5198/7178 5157/7146
f 5084/7085 5175/7222 5199/7221 5113/7086
f 5136/7088 5227/7223 5200/7181 5114/7045
f 5052/6977 5209/7224 5201/7133 5039/6945
f 5202/7225 5212/7226 5057/7227 5040/7228
f 5203/7198 5228/7229 5144/7097 5122/7056
f 5204/7230 5184/7199 5086/7038 5125/7102
f 5205/7200 5204/7231 5125/7156 5162/7155
f 5171/7152 5206/7218 5127/7173
f 5165/7116 5233/7232 5207/7141 5131/7029
f 5115/7121 5189/7233 5208/7234 5137/7122
f 5042/6984 5191/7213 5209/7235 5052/6999
f 5210/7236 5177/7183 5138/7186 5190/7237
f 5178/7238 5221/7239 5179/7240 5139/7241
f 5180/7242 5222/7243 5181/7191 5140/7194
f 5141/7197 5182/7196 5211/7244 5193/7245
f 5212/7246 5192/7214 5047/6992 5057/6979
f 5213/7247 5194/7216 5120/7096 5142/7128
f 5214/7159 5236/7248 5172/7117 5132/7033
f 5154/7039 5249/7249 5215/7250 5087/7040
f 5110/7078 5173/7177 5216/7251 5197/7220
f 5217/7252 5178/7238 5149/7184 5177/7183
f 5218/7253 5182/7196 5150/7192 5181/7191
f 5219/7254 5186/7201 5127/7173 5206/7218
f 5220/7161 5256/7255 5163/7058 5096/7018
f 5221/7239 5252/7256 5148/7257 5101/7258
f 5151/7259 5253/7260 5222/7243 5102/7261
f 5098/7059 5224/7262 5223/7263 5097/7060
f 5129/7061 5237/7264 5224/7265 5098/7062
f 5097/7060 5223/7263 5225/7266 5107/7075
f 5088/7042 5187/7205 5226/7267 5134/7119
f 5174/7120 5258/7268 5227/7223 5136/7088
f 5201/7269 5242/7270 5210/7236 5147/7271
f 5211/7244 5243/7272 5202/7225 5152/7273
f 5228/7274 5261/7275 5185/7130 5144/7129
f 5229/7276 5196/7219 5095/7057 5145/7131
f 5230/7277 5232/7278 5106/7073 5105/7072
f 5231/7279 5230/7280 5105/7113 5128/7112
f 5232/7278 5248/7281 5130/7074 5106/7073
f 5188/7163 5239/7282 5233/7232 5165/7116
f 5137/7122 5208/7234 5234/7283 5158/7148
f 5235/7284 5213/7285 5142/7150 5159/7149
f 5236/7286 5246/7287 5195/7217 5172/7288
f 5153/7114 5267/7289 5237/7264 5129/7061
f 5107/7075 5225/7266 5238/7290 5133/7118
f 5197/7220 5216/7251 5239/7291 5188/7292
f 5176/7166 5250/7293 5240/7294 5167/7167
f 5167/7167 5240/7294 5241/7295 5168/7168
f 5242/7270 5217/7252 5177/7183 5210/7236
f 5217/7252 5252/7256 5221/7239 5178/7238
f 5222/7243 5253/7260 5218/7253 5181/7191
f 5182/7196 5218/7253 5243/7272 5211/7244
f 5244/7296 5245/7297 5169/7172 5170/7171
f 5245/7298 5255/7299 5183/7170 5169/7169
f 5246/7287 5219/7254 5206/7218 5195/7217
f 5247/7300 5231/7279 5128/7112 5146/7132
f 5248/7281 5272/7301 5164/7115 5130/7074
f 5207/7141 5281/7302 5249/7249 5154/7039
f 5200/7181 5276/7303 5250/7304 5176/7182
f 5168/7168 5241/7295 5251/7305 5189/7210
f 5252/7256 5263/7306 5191/7307 5148/7257
f 5192/7308 5265/7309 5253/7260 5151/7259
f 5254/7310 5244/7296 5170/7171 5194/7216
f 5255/7299 5277/7311 5203/7198 5183/7170
f 5256/7255 5282/7312 5214/7159 5163/7058
f 5134/7119 5226/7267 5257/7313 5173/7177
f 5198/7178 5274/7314 5258/7315 5174/7179
f 5158/7148 5234/7283 5259/7316 5175/7180
f 5209/7317 5264/7318 5242/7270 5201/7269
f 5243/7272 5266/7319 5212/7226 5202/7225
f 5260/7320 5235/7284 5159/7149 5184/7199
f 5261/7275 5279/7321 5205/7200 5185/7130
f 5262/7322 5229/7323 5145/7202 5186/7201
f 5263/7306 5264/7318 5209/7317 5191/7307
f 5212/7226 5266/7319 5265/7309 5192/7308
f 5215/7140 5289/7324 5267/7289 5153/7114
f 5133/7204 5238/7325 5268/7326 5187/7205
f 5189/7233 5251/7327 5269/7328 5208/7234
f 5264/7318 5252/7256 5217/7252 5242/7270
f 5266/7319 5243/7272 5218/7253 5253/7260
f 5270/7329 5254/7310 5194/7216 5213/7247
f 5271/7330 5247/7300 5146/7132 5196/7219
f 5272/7331 5292/7332 5220/7161 5164/7160
f 5173/7177 5257/7313 5273/7333 5216/7251
f 5199/7221 5275/7334 5274/7314 5198/7178
f 5175/7180 5259/7316 5275/7335 5199/7336
f 5227/7223 5293/7337 5276/7303 5200/7181
f 5252/7256 5264/7318 5263/7306
f 5253/7260 5265/7309 5266/7319
f 5277/7311 5294/7338 5228/7229 5203/7198
f 5278/7339 5260/7320 5184/7199 5204/7230
f 5279/7321 5278/7340 5204/7231 5205/7200
f 5280/7341 5262/7322 5186/7201 5219/7254
f 5233/7232 5285/7342 5281/7302 5207/7141
f 5282/7312 5287/7343 5236/7248 5214/7159
f 5216/7251 5273/7333 5283/7344 5239/7291
f 5284/7345 5280/7341 5219/7254 5246/7287
f 5239/7282 5283/7346 5285/7342 5233/7232
f 5187/7205 5268/7326 5286/7347 5226/7267
f 5287/7348 5284/7345 5246/7287 5236/7286
f 5288/7349 5271/7330 5196/7219 5229/7276
f 5249/7249 5311/7350 5289/7351 5215/7250
f 5208/7234 5269/7328 5290/7352 5234/7283
f 5291/7353 5270/7354 5213/7285 5235/7284
f 5292/7332 5316/7355 5256/7255 5220/7161
f 5258/7268 5318/7356 5293/7337 5227/7223
f 5294/7357 5319/7358 5261/7275 5228/7274
f 5224/7262 5303/7359 5295/7360 5223/7263
f 5223/7263 5295/7360 5296/7361 5225/7266
f 5240/7294 5298/7362 5297/7363 5241/7295
f 5250/7293 5313/7364 5298/7362 5240/7294
f 5299/7365 5300/7366 5245/7297 5244/7296
f 5300/7367 5314/7368 5255/7299 5245/7298
f 5301/7369 5302/7370 5230/7280 5231/7279
f 5302/7371 5310/7372 5232/7278 5230/7277
f 5237/7264 5317/7373 5303/7374 5224/7265
f 5225/7266 5296/7361 5304/7375 5238/7290
f 5226/7267 5286/7347 5305/7376 5257/7313
f 5241/7295 5297/7363 5306/7377 5251/7305
f 5307/7378 5299/7365 5244/7296 5254/7310
f 5308/7379 5288/7380 5229/7323 5262/7322
f 5309/7381 5301/7369 5231/7279 5247/7300
f 5310/7372 5320/7382 5248/7281 5232/7278
f 5281/7302 5325/7383 5311/7350 5249/7249
f 5234/7283 5290/7352 5312/7384 5259/7316
f 5276/7303 5331/7385 5313/7386 5250/7304
f 5314/7368 5332/7387 5277/7311 5255/7299
f 5315/7388 5291/7353 5235/7284 5260/7320
f 5316/7355 5328/7389 5282/7312 5256/7255
f 5267/7289 5335/7390 5317/7373 5237/7264
f 5274/7314 5338/7391 5318/7392 5258/7315
f 5319/7358 5339/7393 5279/7321 5261/7275
f 5320/7382 5342/7394 5272/7301 5248/7281
f 5238/7325 5304/7395 5321/7396 5268/7326
f 5257/7313 5305/7376 5322/7397 5273/7333
f 5323/7398 5308/7379 5262/7322 5280/7341
f 5324/7399 5309/7381 5247/7300 5271/7330
f 5285/7342 5336/7400 5325/7383 5281/7302
f 5251/7327 5306/7401 5326/7402 5269/7328
f 5327/7403 5307/7378 5254/7310 5270/7329
f 5328/7389 5340/7404 5287/7343 5282/7312
f 5273/7405 5322/7406 5329/7407 5283/7346
f 5259/7316 5312/7384 5330/7408 5275/7335
f 5293/7337 5355/7409 5331/7385 5276/7303
f 5332/7387 5356/7410 5294/7338 5277/7311
f 5333/7411 5315/7388 5260/7320 5278/7339
f 5334/7412 5323/7398 5280/7341 5284/7345
f 5289/7324 5347/7413 5335/7390 5267/7289
f 5283/7346 5329/7407 5336/7400 5285/7342
f 5268/7326 5321/7396 5337/7414 5286/7347
f 5275/7334 5330/7415 5338/7391 5274/7314
f 5339/7393 5333/7416 5278/7340 5279/7321
f 5340/7417 5334/7412 5284/7345 5287/7348
f 5341/7418 5324/7399 5271/7330 5288/7349
f 5342/7419 5354/7420 5292/7332 5272/7331
f 5343/7421 5345/7422 5297/7363 5298/7362
f 5313/7364 5350/7423 5343/7421 5298/7362
f 5299/7365 5346/7424 5344/7425 5300/7366
f 5344/7426 5351/7427 5314/7368 5300/7367
f 5345/7422 5365/7428 5306/7377 5297/7363
f 5307/7378 5366/7429 5346/7424 5299/7365
f 5311/7350 5363/7430 5347/7431 5289/7351
f 5286/7347 5337/7414 5348/7432 5305/7376
f 5269/7328 5326/7402 5349/7433 5290/7352
f 5331/7434 5371/7435 5350/7423 5313/7364
f 5351/7427 5374/7436 5332/7387 5314/7368
f 5352/7437 5327/7438 5270/7354 5291/7353
f 5353/7439 5341/7440 5288/7380 5308/7379
f 5354/7420 5368/7441 5316/7355 5292/7332
f 5318/7356 5388/7442 5355/7409 5293/7337
f 5356/7443 5391/7444 5319/7358 5294/7357
f 5295/7360 5358/7445 5357/7446 5296/7361
f 5303/7359 5369/7447 5358/7445 5295/7360
f 5296/7361 5357/7446 5359/7448 5304/7375
f 5360/7449 5362/7450 5302/7370 5301/7369
f 5361/7451 5360/7449 5301/7369 5309/7381
f 5362/7452 5376/7453 5310/7372 5302/7371
f 5325/7383 5377/7454 5363/7430 5311/7350
f 5305/7376 5348/7432 5364/7455 5322/7397
f 5365/7428 5393/7456 5326/7457 5306/7377
f 5327/7403 5396/7458 5366/7429 5307/7378
f 5367/7459 5353/7439 5308/7379 5323/7398
f 5368/7441 5380/7460 5328/7389 5316/7355
f 5317/7373 5381/7461 5369/7462 5303/7374
f 5304/7395 5359/7463 5370/7464 5321/7396
f 5355/7409 5401/7465 5371/7466 5331/7385
f 5343/7421 5350/7423 5372/7467 5345/7422
f 5373/7468 5351/7469 5344/7425 5346/7424
f 5374/7436 5404/7470 5356/7410 5332/7387
f 5375/7471 5361/7451 5309/7381 5324/7399
f 5376/7453 5386/7472 5320/7382 5310/7372
f 5336/7400 5382/7473 5377/7454 5325/7383
f 5322/7397 5364/7455 5378/7474 5329/7475
f 5379/7476 5367/7459 5323/7398 5334/7412
f 5380/7460 5385/7477 5340/7404 5328/7389
f 5335/7390 5397/7478 5381/7461 5317/7373
f 5329/7407 5378/7479 5382/7473 5336/7400
f 5290/7352 5349/7433 5383/7480 5312/7384
f 5384/7481 5352/7437 5291/7353 5315/7388
f 5385/7482 5379/7476 5334/7412 5340/7417
f 5386/7472 5398/7483 5342/7394 5320/7382
f 5321/7396 5370/7464 5387/7484 5337/7414
f 5338/7391 5407/7485 5388/7486 5318/7392
f 5345/7422 5372/7467 5389/7487 5365/7428
f 5390/7488 5373/7468 5346/7424 5366/7429
f 5391/7444 5410/7489 5339/7393 5319/7358
f 5392/7490 5375/7471 5324/7399 5341/7418
f 5393/7491 5402/7492 5349/7433 5326/7402
f 5394/7493 5372/7467 5350/7423 5371/7435
f 5351/7427 5373/7494 5395/7495 5374/7436
f 5352/7437 5403/7496 5396/7497 5327/7438
f 5347/7413 5411/7498 5397/7478 5335/7390
f 5398/7483 5416/7499 5354/7500 5342/7394
f 5337/7414 5387/7484 5399/7501 5348/7432
f 5312/7384 5383/7480 5400/7502 5330/7408
f 5388/7442 5408/7503 5401/7465 5355/7409
f 5365/7428 5389/7487 5402/7504 5393/7456
f 5403/7505 5390/7488 5366/7429 5396/7458
f 5404/7506 5409/7507 5391/7444 5356/7443
f 5405/7508 5384/7481 5315/7388 5333/7411
f 5406/7509 5392/7510 5341/7440 5353/7439
f 5330/7415 5400/7511 5407/7485 5338/7391
f 5408/7512 5394/7513 5371/7514 5401/7515
f 5374/7516 5395/7517 5409/7518 5404/7519
f 5410/7520 5405/7521 5333/7522 5339/7523
f 5363/7524 5419/7525 5411/7498 5347/7413
f 5348/7432 5399/7501 5412/7526 5364/7455
f 5372/7527 5394/7513 5413/7528 5389/7529
f 5414/7530 5395/7517 5373/7531 5390/7532
f 5415/7533 5406/7509 5353/7439 5367/7459
f 5416/7534 5425/7535 5368/7441 5354/7420
f 5402/7492 5431/7536 5383/7480 5349/7433
f 5384/7481 5432/7537 5403/7496 5352/7437
f 5358/7445 5418/7538 5417/7539 5357/7446
f 5369/7447 5427/7540 5418/7538 5358/7445
f 5377/7454 5428/7541 5419/7542 5363/7430
f 5357/7446 5417/7539 5420/7543 5359/7448
f 5364/7544 5412/7545 5421/7546 5378/7479
f 5407/7547 5438/7548 5408/7512 5388/7549
f 5409/7518 5439/7550 5410/7520 5391/7551
f 5422/7552 5415/7533 5367/7459 5379/7476
f 5423/7553 5426/7554 5362/7450 5360/7449
f 5424/7555 5423/7553 5360/7449 5361/7451
f 5425/7535 5434/7556 5380/7460 5368/7441
f 5426/7557 5436/7558 5376/7453 5362/7452
f 5381/7461 5443/7559 5427/7560 5369/7462
f 5382/7473 5430/7561 5428/7541 5377/7454
f 5359/7463 5420/7562 5429/7563 5370/7464
f 5378/7479 5421/7546 5430/7561 5382/7473
f 5389/7529 5413/7528 5431/7564 5402/7565
f 5432/7566 5414/7530 5390/7532 5403/7567
f 5433/7568 5422/7552 5379/7476 5385/7482
f 5434/7556 5433/7569 5385/7477 5380/7460
f 5435/7570 5424/7555 5361/7451 5375/7471
f 5436/7558 5444/7571 5386/7472 5376/7453
f 5383/7572 5431/7564 5437/7573 5400/7574
f 5438/7548 5413/7528 5394/7513 5408/7512
f 5395/7517 5414/7530 5439/7550 5409/7518
f 5440/7575 5432/7566 5384/7576 5405/7521
f 5370/7464 5429/7563 5441/7577 5387/7484
f 5442/7578 5435/7570 5375/7471 5392/7490
f 5397/7478 5447/7579 5443/7559 5381/7461
f 5400/7574 5437/7573 5438/7548 5407/7547
f 5439/7550 5440/7575 5405/7521 5410/7520
f 5444/7571 5448/7580 5398/7483 5386/7472
f 5387/7484 5441/7577 5445/7581 5399/7501
f 5413/7528 5438/7548 5437/7573 5431/7564
f 5440/7575 5439/7550 5414/7530 5432/7566
f 5446/7582 5442/7583 5392/7510 5406/7509
f 5411/7498 5451/7584 5447/7579 5397/7478
f 5448/7580 5452/7585 5416/7499 5398/7483
f 5399/7501 5445/7581 5449/7586 5412/7526
f 5450/7587 5446/7582 5406/7509 5415/7533
f 5419/7525 5457/7588 5451/7584 5411/7498
f 5452/7589 5461/7590 5425/7535 5416/7534
f 5412/7545 5449/7591 5453/7592 5421/7546
f 5454/7593 5450/7587 5415/7533 5422/7552
f 5418/7538 5456/7594 5455/7595 5417/7539
f 5427/7540 5467/7596 5456/7594 5418/7538
f 5428/7541 5463/7597 5457/7598 5419/7542
f 5417/7539 5455/7595 5458/7599 5420/7543
f 5459/7600 5462/7601 5426/7554 5423/7553
f 5460/7602 5459/7600 5423/7553 5424/7555
f 5461/7590 5466/7603 5434/7556 5425/7535
f 5462/7604 5470/7605 5436/7558 5426/7557
f 5430/7561 5464/7606 5463/7597 5428/7541
f 5421/7546 5453/7592 5464/7606 5430/7561
f 5465/7607 5454/7608 5422/7609 5433/7569
f 5466/7603 5465/7607 5433/7569 5434/7556
f 5443/7559 5473/7610 5467/7611 5427/7560
f 5420/7562 5458/7612 5468/7613 5429/7563
f 5469/7614 5460/7602 5424/7555 5435/7570
f 5470/7605 5474/7615 5444/7571 5436/7558
f 5429/7563 5468/7613 5471/7616 5441/7577
f 5472/7617 5469/7614 5435/7570 5442/7578
f 5447/7579 5477/7618 5473/7610 5443/7559
f 5474/7615 5478/7619 5448/7580 5444/7571
f 5441/7577 5471/7616 5475/7620 5445/7581
f 5476/7621 5472/7622 5442/7583 5446/7582
f 5451/7584 5481/7623 5477/7618 5447/7579
f 5478/7619 5488/7624 5452/7585 5448/7580
f 5445/7581 5475/7620 5479/7625 5449/7586
f 5480/7626 5476/7621 5446/7582 5450/7587
f 5457/7588 5494/7627 5481/7623 5451/7584
f 5456/7594 5483/7628 5482/7629 5455/7595
f 5467/7596 5493/7630 5483/7628 5456/7594
f 5455/7595 5482/7629 5484/7631 5458/7599
f 5485/7632 5487/7633 5462/7601 5459/7600
f 5486/7634 5485/7632 5459/7600 5460/7602
f 5487/7635 5496/7636 5470/7605 5462/7604
f 5488/7637 5495/7638 5461/7590 5452/7589
f 5458/7599 5484/7631 5489/7639 5468/7640
f 5449/7591 5479/7641 5490/7642 5453/7592
f 5491/7643 5480/7626 5450/7587 5454/7593
f 5492/7644 5486/7634 5460/7602 5469/7614
f 5473/7610 5503/7645 5493/7646 5467/7611
f 5463/7597 5497/7647 5494/7648 5457/7598
f 5495/7638 5500/7649 5466/7603 5461/7590
f 5496/7636 5504/7650 5474/7615 5470/7605
f 5464/7606 5498/7651 5497/7647 5463/7597
f 5453/7592 5490/7642 5498/7651 5464/7606
f 5499/7652 5491/7653 5454/7608 5465/7607
f 5500/7649 5499/7652 5465/7607 5466/7603
f 5468/7613 5489/7654 5501/7655 5471/7616
f 5502/7656 5492/7644 5469/7614 5472/7617
f 5477/7618 5509/7657 5503/7645 5473/7610
f 5504/7650 5510/7658 5478/7619 5474/7615
f 5471/7616 5501/7655 5505/7659 5475/7620
f 5506/7660 5502/7661 5472/7622 5476/7621
f 5507/7662 5484/7631 5482/7629 5483/7628
f 5508/7663 5487/7633 5485/7632 5486/7634
f 5481/7623 5517/7664 5509/7657 5477/7618
f 5510/7665 5518/7666 5488/7667 5478/7668
f 5511/7669 5507/7662 5483/7628 5493/7630
f 5484/7631 5507/7662 5512/7670 5489/7639
f 5475/7620 5505/7659 5513/7671 5479/7625
f 5514/7672 5506/7660 5476/7621 5480/7626
f 5515/7673 5508/7663 5486/7634 5492/7644
f 5487/7674 5508/7675 5516/7676 5496/7677
f 5494/7678 5522/7679 5517/7680 5481/7681
f 5518/7682 5527/7683 5495/7638 5488/7637
f 5479/7641 5513/7684 5519/7685 5490/7642
f 5520/7686 5514/7672 5480/7626 5491/7643
f 5521/7687 5511/7688 5493/7689 5503/7690
f 5497/7691 5529/7692 5522/7679 5494/7678
f 5489/7693 5512/7694 5523/7695 5501/7696
f 5490/7642 5519/7685 5524/7697 5498/7651
f 5525/7698 5520/7699 5491/7700 5499/7701
f 5526/7702 5515/7703 5492/7704 5502/7705
f 5527/7683 5530/7706 5500/7649 5495/7638
f 5496/7677 5516/7676 5528/7707 5504/7708
f 5498/7709 5524/7710 5529/7692 5497/7691
f 5523/7711 5532/7712 5505/7659 5501/7655
f 5506/7713 5533/7714 5526/7702 5502/7705
f 5530/7715 5525/7698 5499/7701 5500/7716
f 5509/7717 5535/7718 5521/7687 5503/7690
f 5528/7707 5538/7719 5510/7665 5504/7708
f 5531/7720 5512/7694 5507/7721 5511/7688
f 5532/7722 5539/7723 5513/7724 5505/7725
f 5514/7726 5540/7727 5533/7714 5506/7713
f 5534/7728 5516/7676 5508/7675 5515/7703
f 5517/7680 5536/7729 5535/7718 5509/7717
f 5522/7679 5529/7692 5536/7729 5517/7680
f 5537/7730 5530/7715 5527/7731 5518/7666
f 5538/7719 5537/7730 5518/7666 5510/7665
f 5511/7688 5521/7687 5531/7720
f 5531/7720 5532/7722 5523/7695 5512/7694
f 5539/7723 5524/7710 5519/7732 5513/7724
f 5520/7699 5525/7698 5540/7727 5514/7726
f 5526/7702 5533/7714 5534/7728 5515/7703
f 5516/7676 5534/7728 5528/7707
f 5524/7710 5539/7723 5536/7729 5529/7692
f 5537/7730 5540/7727 5525/7698 5530/7715
f 5535/7718 5536/7729 5531/7720
f 5535/7718 5531/7720 5521/7687
f 5534/7728 5537/7730 5538/7719
f 5534/7728 5538/7719 5528/7707
f 5539/7723 5532/7722 5531/7720 5536/7729
f 5540/7727 5537/7730 5534/7728 5533/7714
f 3196/4193 3223/4228 3213/4192
f 3196/4193 3213/4192 3184/4158
f 4549/6234 4432/6233 4450/6200 4528/6201
